-- MariaDB dump 10.19-11.5.2-MariaDB, for debian-linux-gnu (x86_64)
--
-- Host: localhost    Database: groupoffice_68
-- ------------------------------------------------------
-- Server version	11.5.2-MariaDB-ubu2404

/*!40101 SET @OLD_CHARACTER_SET_CLIENT=@@CHARACTER_SET_CLIENT */;
/*!40101 SET @OLD_CHARACTER_SET_RESULTS=@@CHARACTER_SET_RESULTS */;
/*!40101 SET @OLD_COLLATION_CONNECTION=@@COLLATION_CONNECTION */;
/*!40101 SET NAMES utf8mb4 */;
/*!40103 SET @OLD_TIME_ZONE=@@TIME_ZONE */;
/*!40103 SET TIME_ZONE='+00:00' */;
/*!40014 SET @OLD_UNIQUE_CHECKS=@@UNIQUE_CHECKS, UNIQUE_CHECKS=0 */;
/*!40014 SET @OLD_FOREIGN_KEY_CHECKS=@@FOREIGN_KEY_CHECKS, FOREIGN_KEY_CHECKS=0 */;
/*!40101 SET @OLD_SQL_MODE=@@SQL_MODE, SQL_MODE='NO_AUTO_VALUE_ON_ZERO' */;
/*M!100616 SET @OLD_NOTE_VERBOSITY=@@NOTE_VERBOSITY, NOTE_VERBOSITY=0 */;

--
-- Table structure for table `addressbook_address`
--

DROP TABLE IF EXISTS `addressbook_address`;
/*!40101 SET @saved_cs_client     = @@character_set_client */;
/*!40101 SET character_set_client = utf8 */;
CREATE TABLE `addressbook_address` (
  `contactId` int(11) NOT NULL,
  `type` varchar(50) DEFAULT NULL,
  `address` text DEFAULT NULL,
  `zipCode` varchar(50) DEFAULT NULL,
  `city` varchar(100) DEFAULT NULL,
  `state` varchar(100) DEFAULT NULL,
  `country` varchar(100) DEFAULT NULL,
  `countryCode` char(2) CHARACTER SET ascii COLLATE ascii_bin DEFAULT NULL COMMENT 'ISO_3166 Alpha 2 code',
  `latitude` decimal(10,8) DEFAULT NULL,
  `longitude` decimal(11,8) DEFAULT NULL,
  KEY `contactId` (`contactId`),
  CONSTRAINT `addressbook_address_ibfk_1` FOREIGN KEY (`contactId`) REFERENCES `addressbook_contact` (`id`) ON DELETE CASCADE
) ENGINE=InnoDB DEFAULT CHARSET=utf8mb4 COLLATE=utf8mb4_unicode_ci;
/*!40101 SET character_set_client = @saved_cs_client */;

--
-- Dumping data for table `addressbook_address`
--

LOCK TABLES `addressbook_address` WRITE;
/*!40000 ALTER TABLE `addressbook_address` DISABLE KEYS */;
INSERT INTO `addressbook_address` VALUES
(13,NULL,'Idella Ways 86510 Baumbach Keys Suite 484','80390','McDermottburgh','Georgia','Latvia','LV',NULL,NULL),
(14,NULL,'Branson Island 5457 Herminia Vista','60517','Bashirianchester','Arizona','India','IN',NULL,NULL),
(15,NULL,'Koepp Rue 4072 Hill Squares Apt. 197','04147-3368','Lake Abby','Delaware','Paraguay','PY',NULL,NULL),
(16,NULL,'Wunsch Manors 55391 Sophie Center','08275','South Jaidenfurt','Louisiana','Montserrat','MS',NULL,NULL),
(17,NULL,'Francisca Rue 927 Herman Bridge Suite 105','24553-4790','North Felipaton','Arizona','Bouvet Island (Bouvetoya)',NULL,NULL,NULL),
(18,NULL,'Ernser View 2118 Whitney River Apt. 944','83509-5911','Athenaview','Iowa','Bahamas','BS',NULL,NULL),
(19,NULL,'Lowe Ramp 96680 Lebsack Stream','73757','Tremblaybury','Washington','Latvia','LV',NULL,NULL),
(20,NULL,'Brandon Extension 88399 Leatha Shore','58593','South Ronaldofort','Kentucky','Guinea','GN',NULL,NULL),
(21,NULL,'Amalia Route 9416 Kavon Fork','77012-3519','Altheaview','Arizona','Syrian Arab Republic','SY',NULL,NULL),
(22,NULL,'Jaskolski Port 8375 Alexandrine Vista Apt. 225','32604','Emeliaburgh','Idaho','Reunion','RE',NULL,NULL),
(23,NULL,'Corkery Springs 734 Joe Port','74617','New Imahaven','New York','Estonia','EE',NULL,NULL),
(24,NULL,'Huels Mews 21583 Alden Crossing','01219','North Jamaal','Missouri','Wallis and Futuna',NULL,NULL,NULL),
(25,NULL,'Josue Ridges 53196 Roberto Underpass','10869','Port Savion','Nebraska','Monaco','MC',NULL,NULL),
(26,NULL,'Cassin Groves 9196 Bessie Springs','76153','West Hilma','Iowa','Grenada','GD',NULL,NULL),
(27,NULL,'Mariano Crossroad 7266 Leon Trafficway','75616-3003','Brownberg','North Carolina','United States Minor Outlying Islands','UM',NULL,NULL),
(28,NULL,'Purdy Course 29521 Reggie Vista Apt. 810','40849','Volkmanville','Missouri','Oman','OM',NULL,NULL),
(29,NULL,'Larson Canyon 5168 Schneider Bypass','73610','Schneiderburgh','Montana','Faroe Islands','FO',NULL,NULL),
(30,NULL,'Nader Centers 6404 Rath Springs Suite 831','84090-3168','Lefflerhaven','Arkansas','Turkey','TR',NULL,NULL),
(31,NULL,'Clement Junctions 8336 Giovanny Knoll','10299-3745','Port Jillianton','Iowa','Gabon','GA',NULL,NULL),
(32,NULL,'Dickens Gardens 417 Adela Trace','76682','East Dayton','Colorado','Nepal','NP',NULL,NULL);
/*!40000 ALTER TABLE `addressbook_address` ENABLE KEYS */;
UNLOCK TABLES;

--
-- Table structure for table `addressbook_addressbook`
--

DROP TABLE IF EXISTS `addressbook_addressbook`;
/*!40101 SET @saved_cs_client     = @@character_set_client */;
/*!40101 SET character_set_client = utf8 */;
CREATE TABLE `addressbook_addressbook` (
  `id` int(11) NOT NULL AUTO_INCREMENT,
  `name` varchar(190) NOT NULL,
  `aclId` int(11) NOT NULL,
  `createdBy` int(11) DEFAULT NULL,
  `filesFolderId` int(11) DEFAULT NULL,
  `salutationTemplate` text DEFAULT NULL,
  PRIMARY KEY (`id`),
  KEY `aclId` (`aclId`),
  KEY `createdBy` (`createdBy`),
  CONSTRAINT `addressbook_addressbook_ibfk_1` FOREIGN KEY (`aclId`) REFERENCES `core_acl` (`id`),
  CONSTRAINT `addressbook_addressbook_ibfk_2` FOREIGN KEY (`createdBy`) REFERENCES `core_user` (`id`) ON DELETE SET NULL ON UPDATE NO ACTION
) ENGINE=InnoDB AUTO_INCREMENT=14 DEFAULT CHARSET=utf8mb4 COLLATE=utf8mb4_unicode_ci;
/*!40101 SET character_set_client = @saved_cs_client */;

--
-- Dumping data for table `addressbook_addressbook`
--

LOCK TABLES `addressbook_addressbook` WRITE;
/*!40000 ALTER TABLE `addressbook_addressbook` DISABLE KEYS */;
INSERT INTO `addressbook_addressbook` VALUES
(1,'Shared',10,1,NULL,'Dear [if {{contact.prefixes}}]{{contact.prefixes}}[else][if !{{contact.gender}}]Ms./Mr.[else][if {{contact.gender}}==\"M\"]Mr.[else]Ms.[/if][/if][/if][if {{contact.middleName}}] {{contact.middleName}}[/if] {{contact.lastName}}'),
(2,'Users',21,1,NULL,'Dear [if {{contact.prefixes}}]{{contact.prefixes}}[else][if !{{contact.gender}}]Ms./Mr.[else][if {{contact.gender}}==\"M\"]Mr.[else]Ms.[/if][/if][/if][if {{contact.middleName}}] {{contact.middleName}}[/if] {{contact.lastName}}'),
(3,'Mr. Broderick Hauck',53,2,NULL,'Dear [if {{contact.prefixes}}]{{contact.prefixes}}[else][if !{{contact.gender}}]Ms./Mr.[else][if {{contact.gender}}==\"M\"]Mr.[else]Ms.[/if][/if][/if][if {{contact.middleName}}] {{contact.middleName}}[/if] {{contact.lastName}}'),
(4,'Mr. Jedidiah Tromp',59,3,NULL,'Dear [if {{contact.prefixes}}]{{contact.prefixes}}[else][if !{{contact.gender}}]Ms./Mr.[else][if {{contact.gender}}==\"M\"]Mr.[else]Ms.[/if][/if][/if][if {{contact.middleName}}] {{contact.middleName}}[/if] {{contact.lastName}}'),
(5,'Ashlee Beier',64,4,NULL,'Dear [if {{contact.prefixes}}]{{contact.prefixes}}[else][if !{{contact.gender}}]Ms./Mr.[else][if {{contact.gender}}==\"M\"]Mr.[else]Ms.[/if][/if][/if][if {{contact.middleName}}] {{contact.middleName}}[/if] {{contact.lastName}}'),
(6,'Tony Howe',69,5,NULL,'Dear [if {{contact.prefixes}}]{{contact.prefixes}}[else][if !{{contact.gender}}]Ms./Mr.[else][if {{contact.gender}}==\"M\"]Mr.[else]Ms.[/if][/if][/if][if {{contact.middleName}}] {{contact.middleName}}[/if] {{contact.lastName}}'),
(7,'Prof. Johnny Kirlin',74,6,NULL,'Dear [if {{contact.prefixes}}]{{contact.prefixes}}[else][if !{{contact.gender}}]Ms./Mr.[else][if {{contact.gender}}==\"M\"]Mr.[else]Ms.[/if][/if][/if][if {{contact.middleName}}] {{contact.middleName}}[/if] {{contact.lastName}}'),
(8,'Burdette Stamm',79,7,NULL,'Dear [if {{contact.prefixes}}]{{contact.prefixes}}[else][if !{{contact.gender}}]Ms./Mr.[else][if {{contact.gender}}==\"M\"]Mr.[else]Ms.[/if][/if][/if][if {{contact.middleName}}] {{contact.middleName}}[/if] {{contact.lastName}}'),
(9,'Camron Heller Sr.',84,8,NULL,'Dear [if {{contact.prefixes}}]{{contact.prefixes}}[else][if !{{contact.gender}}]Ms./Mr.[else][if {{contact.gender}}==\"M\"]Mr.[else]Ms.[/if][/if][/if][if {{contact.middleName}}] {{contact.middleName}}[/if] {{contact.lastName}}'),
(10,'Mr. Shayne Zemlak',89,9,NULL,'Dear [if {{contact.prefixes}}]{{contact.prefixes}}[else][if !{{contact.gender}}]Ms./Mr.[else][if {{contact.gender}}==\"M\"]Mr.[else]Ms.[/if][/if][/if][if {{contact.middleName}}] {{contact.middleName}}[/if] {{contact.lastName}}'),
(11,'Mrs. Elizabeth Cartwright',94,10,NULL,'Dear [if {{contact.prefixes}}]{{contact.prefixes}}[else][if !{{contact.gender}}]Ms./Mr.[else][if {{contact.gender}}==\"M\"]Mr.[else]Ms.[/if][/if][/if][if {{contact.middleName}}] {{contact.middleName}}[/if] {{contact.lastName}}'),
(12,'Prof. Simone Kirlin Jr.',99,11,NULL,'Dear [if {{contact.prefixes}}]{{contact.prefixes}}[else][if !{{contact.gender}}]Ms./Mr.[else][if {{contact.gender}}==\"M\"]Mr.[else]Ms.[/if][/if][/if][if {{contact.middleName}}] {{contact.middleName}}[/if] {{contact.lastName}}'),
(13,'Nicklaus Durgan',104,12,NULL,'Dear [if {{contact.prefixes}}]{{contact.prefixes}}[else][if !{{contact.gender}}]Ms./Mr.[else][if {{contact.gender}}==\"M\"]Mr.[else]Ms.[/if][/if][/if][if {{contact.middleName}}] {{contact.middleName}}[/if] {{contact.lastName}}');
/*!40000 ALTER TABLE `addressbook_addressbook` ENABLE KEYS */;
UNLOCK TABLES;

--
-- Table structure for table `addressbook_contact`
--

DROP TABLE IF EXISTS `addressbook_contact`;
/*!40101 SET @saved_cs_client     = @@character_set_client */;
/*!40101 SET character_set_client = utf8 */;
CREATE TABLE `addressbook_contact` (
  `id` int(11) NOT NULL AUTO_INCREMENT,
  `addressBookId` int(11) NOT NULL,
  `createdBy` int(11) DEFAULT NULL,
  `createdAt` datetime NOT NULL,
  `modifiedAt` datetime NOT NULL,
  `modifiedBy` int(11) DEFAULT NULL,
  `goUserId` int(11) DEFAULT NULL,
  `prefixes` varchar(191) DEFAULT NULL COMMENT 'Prefixes like ''Sir''',
  `initials` varchar(50) DEFAULT NULL,
  `firstName` varchar(100) DEFAULT NULL,
  `middleName` varchar(55) DEFAULT NULL,
  `lastName` varchar(100) DEFAULT NULL,
  `suffixes` varchar(191) DEFAULT NULL COMMENT 'Suffixes like ''Msc.''',
  `salutation` varchar(382) DEFAULT NULL,
  `gender` enum('M','F') DEFAULT NULL COMMENT 'M for Male, F for Female or null for unknown',
  `notes` text DEFAULT NULL,
  `isOrganization` tinyint(1) NOT NULL DEFAULT 0,
  `name` varchar(191) NOT NULL DEFAULT '' COMMENT 'name field for companies and contacts. It should be the display name of first, middle and last name',
  `IBAN` varchar(50) DEFAULT NULL,
  `registrationNumber` varchar(100) DEFAULT NULL COMMENT 'Company trade registration number',
  `icd` varchar(4) DEFAULT NULL,
  `vatNo` varchar(50) DEFAULT NULL,
  `vatReverseCharge` tinyint(1) NOT NULL DEFAULT 0,
  `debtorNumber` varchar(50) DEFAULT NULL,
  `photoBlobId` binary(40) DEFAULT NULL,
  `language` varchar(20) DEFAULT NULL,
  `jobTitle` varchar(190) DEFAULT NULL,
  `department` varchar(200) DEFAULT NULL,
  `filesFolderId` int(11) DEFAULT NULL,
  `uid` varchar(512) CHARACTER SET ascii COLLATE ascii_bin DEFAULT NULL,
  `vcardBlobId` binary(40) DEFAULT NULL,
  `uri` varchar(512) CHARACTER SET ascii COLLATE ascii_bin DEFAULT NULL,
  `color` char(6) DEFAULT NULL,
  `nameBank` varchar(50) DEFAULT NULL,
  `BIC` varchar(11) DEFAULT NULL,
  `newsletterAllowed` tinyint(1) DEFAULT 1,
  `lastContactAt` datetime DEFAULT NULL,
  `actionAt` date DEFAULT NULL,
  PRIMARY KEY (`id`),
  UNIQUE KEY `goUserId` (`goUserId`),
  KEY `owner` (`createdBy`),
  KEY `photoBlobId` (`photoBlobId`),
  KEY `addressBookId` (`addressBookId`),
  KEY `modifiedBy` (`modifiedBy`),
  KEY `vcardBlobId` (`vcardBlobId`),
  KEY `isOrganization` (`isOrganization`),
  KEY `name` (`name`),
  KEY `modifiedAt` (`modifiedAt`),
  KEY `lastName` (`lastName`),
  KEY `isOrganization_2` (`isOrganization`),
  KEY `addressbook_contact_addressBookId_lastName_index` (`addressBookId`,`lastName`),
  KEY `addressbook_contact_addressBookId_name_index` (`addressBookId`,`name`),
  KEY `addressbook_contact_isOrganization_index` (`isOrganization`),
  KEY `addressbook_contact_lastContactAt_index` (`lastContactAt`),
  KEY `addressbook_contact_actionAt_index` (`actionAt`),
  CONSTRAINT `addressbook_contact_ibfk_1` FOREIGN KEY (`addressBookId`) REFERENCES `addressbook_addressbook` (`id`),
  CONSTRAINT `addressbook_contact_ibfk_2` FOREIGN KEY (`photoBlobId`) REFERENCES `core_blob` (`id`),
  CONSTRAINT `addressbook_contact_ibfk_3` FOREIGN KEY (`modifiedBy`) REFERENCES `core_user` (`id`) ON DELETE SET NULL,
  CONSTRAINT `addressbook_contact_ibfk_4` FOREIGN KEY (`createdBy`) REFERENCES `core_user` (`id`) ON DELETE SET NULL,
  CONSTRAINT `addressbook_contact_ibfk_5` FOREIGN KEY (`goUserId`) REFERENCES `core_user` (`id`) ON DELETE SET NULL,
  CONSTRAINT `addressbook_contact_ibfk_6` FOREIGN KEY (`vcardBlobId`) REFERENCES `core_blob` (`id`)
) ENGINE=InnoDB AUTO_INCREMENT=33 DEFAULT CHARSET=utf8mb4 COLLATE=utf8mb4_unicode_ci;
/*!40101 SET character_set_client = @saved_cs_client */;

--
-- Dumping data for table `addressbook_contact`
--

LOCK TABLES `addressbook_contact` WRITE;
/*!40000 ALTER TABLE `addressbook_contact` DISABLE KEYS */;
INSERT INTO `addressbook_contact` VALUES
(1,2,1,'2025-03-28 13:32:12','2025-03-28 13:32:12',1,1,'','','System','','Administrator','','Dear Ms./Mr. Administrator',NULL,NULL,0,'System Administrator','','',NULL,NULL,0,NULL,NULL,NULL,NULL,NULL,NULL,'1-localhost-6880',NULL,'1-localhost-6880.vcf',NULL,'','',1,NULL,NULL),
(2,2,1,'2025-03-28 13:32:20','2025-03-28 13:32:20',1,2,'','','Mr.','','Broderick Hauck','','Dear Ms./Mr. Broderick Hauck',NULL,NULL,0,'Mr. Broderick Hauck','','',NULL,NULL,0,NULL,NULL,NULL,NULL,NULL,NULL,'2-localhost-6880',NULL,'2-localhost-6880.vcf',NULL,'','',1,NULL,NULL),
(3,2,1,'2025-03-28 13:32:20','2025-03-28 13:32:20',1,3,'','','Mr.','','Jedidiah Tromp','','Dear Ms./Mr. Jedidiah Tromp',NULL,NULL,0,'Mr. Jedidiah Tromp','','',NULL,NULL,0,NULL,NULL,NULL,NULL,NULL,NULL,'3-localhost-6880',NULL,'3-localhost-6880.vcf',NULL,'','',1,NULL,NULL),
(4,2,1,'2025-03-28 13:32:20','2025-03-28 13:32:20',1,4,'','','Ashlee','','Beier','','Dear Ms./Mr. Beier',NULL,NULL,0,'Ashlee Beier','','',NULL,NULL,0,NULL,NULL,NULL,NULL,NULL,NULL,'4-localhost-6880',NULL,'4-localhost-6880.vcf',NULL,'','',1,NULL,NULL),
(5,2,1,'2025-03-28 13:32:20','2025-03-28 13:32:20',1,5,'','','Tony','','Howe','','Dear Ms./Mr. Howe',NULL,NULL,0,'Tony Howe','','',NULL,NULL,0,NULL,NULL,NULL,NULL,NULL,NULL,'5-localhost-6880',NULL,'5-localhost-6880.vcf',NULL,'','',1,NULL,NULL),
(6,2,1,'2025-03-28 13:32:21','2025-03-28 13:32:21',1,6,'','','Prof.','','Johnny Kirlin','','Dear Ms./Mr. Johnny Kirlin',NULL,NULL,0,'Prof. Johnny Kirlin','','',NULL,NULL,0,NULL,NULL,NULL,NULL,NULL,NULL,'6-localhost-6880',NULL,'6-localhost-6880.vcf',NULL,'','',1,NULL,NULL),
(7,2,1,'2025-03-28 13:32:21','2025-03-28 13:32:21',1,7,'','','Burdette','','Stamm','','Dear Ms./Mr. Stamm',NULL,NULL,0,'Burdette Stamm','','',NULL,NULL,0,NULL,NULL,NULL,NULL,NULL,NULL,'7-localhost-6880',NULL,'7-localhost-6880.vcf',NULL,'','',1,NULL,NULL),
(8,2,1,'2025-03-28 13:32:21','2025-03-28 13:32:21',1,8,'','','Camron','','Heller Sr.','','Dear Ms./Mr. Heller Sr.',NULL,NULL,0,'Camron Heller Sr.','','',NULL,NULL,0,NULL,NULL,NULL,NULL,NULL,NULL,'8-localhost-6880',NULL,'8-localhost-6880.vcf',NULL,'','',1,NULL,NULL),
(9,2,1,'2025-03-28 13:32:21','2025-03-28 13:32:21',1,9,'','','Mr.','','Shayne Zemlak','','Dear Ms./Mr. Shayne Zemlak',NULL,NULL,0,'Mr. Shayne Zemlak','','',NULL,NULL,0,NULL,NULL,NULL,NULL,NULL,NULL,'9-localhost-6880',NULL,'9-localhost-6880.vcf',NULL,'','',1,NULL,NULL),
(10,2,1,'2025-03-28 13:32:21','2025-03-28 13:32:21',1,10,'','','Mrs.','','Elizabeth Cartwright','','Dear Ms./Mr. Elizabeth Cartwright',NULL,NULL,0,'Mrs. Elizabeth Cartwright','','',NULL,NULL,0,NULL,NULL,NULL,NULL,NULL,NULL,'10-localhost-6880',NULL,'10-localhost-6880.vcf',NULL,'','',1,NULL,NULL),
(11,2,1,'2025-03-28 13:32:22','2025-03-28 13:32:22',1,11,'','','Prof.','','Simone Kirlin Jr.','','Dear Ms./Mr. Simone Kirlin Jr.',NULL,NULL,0,'Prof. Simone Kirlin Jr.','','',NULL,NULL,0,NULL,NULL,NULL,NULL,NULL,NULL,'11-localhost-6880',NULL,'11-localhost-6880.vcf',NULL,'','',1,NULL,NULL),
(12,2,1,'2025-03-28 13:32:22','2025-03-28 13:32:22',1,12,'','','Nicklaus','','Durgan','','Dear Ms./Mr. Durgan',NULL,NULL,0,'Nicklaus Durgan','','',NULL,NULL,0,NULL,NULL,NULL,NULL,NULL,NULL,'12-localhost-6880',NULL,'12-localhost-6880.vcf',NULL,'','',1,NULL,NULL),
(13,1,1,'2025-03-28 13:32:22','2025-03-28 13:32:22',1,NULL,NULL,'',NULL,NULL,'Conn LLC',NULL,NULL,NULL,'Alice\'s, and they can\'t prove I did: there\'s no name signed at the end of the window, and some of them at last, they must needs come wriggling down from the roof. There were doors all round the.',1,'Conn LLC','','',NULL,NULL,0,NULL,NULL,NULL,'scale e-business applications',NULL,NULL,'13-localhost-6880',NULL,'13-localhost-6880.vcf',NULL,'','',1,'2025-03-28 13:32:22',NULL),
(14,1,1,'2025-03-28 13:32:22','2025-03-28 13:32:22',1,NULL,'','','Aubrey','','Gislason','',NULL,NULL,NULL,0,'Aubrey Gislason','','',NULL,NULL,0,NULL,NULL,NULL,NULL,NULL,NULL,'14-localhost-6880',NULL,'14-localhost-6880.vcf',NULL,'','',1,'2025-03-28 13:32:22',NULL),
(15,1,1,'2025-03-28 13:32:22','2025-03-28 13:32:23',1,NULL,NULL,'',NULL,NULL,'Wolf-Ortiz',NULL,NULL,NULL,'Alice. \'Oh, don\'t talk about trouble!\' said the Duchess. \'I make you grow shorter.\' \'One side will make you grow taller, and the pair of white kid gloves in one hand and a Canary called out \'The.',1,'Wolf-Ortiz','','',NULL,NULL,0,NULL,NULL,NULL,'revolutionize next-generation models',NULL,NULL,'15-localhost-6880',NULL,'15-localhost-6880.vcf',NULL,'','',1,'2025-03-28 13:32:23',NULL),
(16,1,1,'2025-03-28 13:32:23','2025-03-28 13:32:23',1,NULL,'','','Paige','','Homenick','',NULL,NULL,NULL,0,'Paige Homenick','','',NULL,NULL,0,NULL,NULL,NULL,NULL,NULL,NULL,'16-localhost-6880',NULL,'16-localhost-6880.vcf',NULL,'','',1,'2025-03-28 13:32:23',NULL),
(17,1,1,'2025-03-28 13:32:23','2025-03-28 13:32:23',1,NULL,NULL,'',NULL,NULL,'Emmerich Ltd',NULL,NULL,NULL,'March Hare. Visit either you like: they\'re both mad.\' \'But I don\'t put my arm round your waist,\' the Duchess was VERY ugly; and secondly, because they\'re making such a thing. After a while she was.',1,'Emmerich Ltd','','',NULL,NULL,0,NULL,NULL,NULL,'synergize intuitive e-business',NULL,NULL,'17-localhost-6880',NULL,'17-localhost-6880.vcf',NULL,'','',1,'2025-03-28 13:32:23',NULL),
(18,1,1,'2025-03-28 13:32:23','2025-03-28 13:32:23',1,NULL,'','','Laverna','','Jones','',NULL,NULL,NULL,0,'Laverna Jones','','',NULL,NULL,0,NULL,NULL,NULL,NULL,NULL,NULL,'18-localhost-6880',NULL,'18-localhost-6880.vcf',NULL,'','',1,'2025-03-28 13:32:23',NULL),
(19,1,1,'2025-03-28 13:32:23','2025-03-28 13:32:23',1,NULL,NULL,'',NULL,NULL,'Mante Ltd',NULL,NULL,NULL,'It quite makes my forehead ache!\' Alice watched the White Rabbit with pink eyes ran close by it, and talking over its head. \'Very uncomfortable for the Duchess said in a very hopeful tone though).',1,'Mante Ltd','','',NULL,NULL,0,NULL,NULL,NULL,'productize granular relationships',NULL,NULL,'19-localhost-6880',NULL,'19-localhost-6880.vcf',NULL,'','',1,'2025-03-28 13:32:23',NULL),
(20,1,1,'2025-03-28 13:32:23','2025-03-28 13:32:23',1,NULL,'','','Mathew','','Corwin','',NULL,NULL,NULL,0,'Mathew Corwin','','',NULL,NULL,0,NULL,NULL,NULL,NULL,NULL,NULL,'20-localhost-6880',NULL,'20-localhost-6880.vcf',NULL,'','',1,'2025-03-28 13:32:23',NULL),
(21,1,1,'2025-03-28 13:32:23','2025-03-28 13:32:23',1,NULL,NULL,'',NULL,NULL,'Swift-Parker',NULL,NULL,NULL,'It means much the same as the Rabbit, and had just begun to think to herself, as usual. I wonder what they\'ll do next! If they had to stoop to save her neck would bend about easily in any direction.',1,'Swift-Parker','','',NULL,NULL,0,NULL,NULL,NULL,'engineer sticky content',NULL,NULL,'21-localhost-6880',NULL,'21-localhost-6880.vcf',NULL,'','',1,'2025-03-28 13:32:23',NULL),
(22,1,1,'2025-03-28 13:32:23','2025-03-28 13:32:24',1,NULL,'','','Taylor','','Vandervort','',NULL,NULL,NULL,0,'Taylor Vandervort','','',NULL,NULL,0,NULL,NULL,NULL,NULL,NULL,NULL,'22-localhost-6880',NULL,'22-localhost-6880.vcf',NULL,'','',1,'2025-03-28 13:32:24',NULL),
(23,1,1,'2025-03-28 13:32:24','2025-03-28 13:32:24',1,NULL,NULL,'',NULL,NULL,'Gutmann, Yost and Shanahan',NULL,NULL,NULL,'Alice as he spoke, \'we were trying--\' \'I see!\' said the Queen, stamping on the trumpet, and called out, \'First witness!\' The first question of course had to pinch it to her daughter \'Ah, my dear! I.',1,'Gutmann, Yost and Shanahan','','',NULL,NULL,0,NULL,NULL,NULL,'cultivate virtual content',NULL,NULL,'23-localhost-6880',NULL,'23-localhost-6880.vcf',NULL,'','',1,'2025-03-28 13:32:24',NULL),
(24,1,1,'2025-03-28 13:32:24','2025-03-28 13:32:24',1,NULL,'','','Sam','','Reinger','',NULL,NULL,NULL,0,'Sam Reinger','','',NULL,NULL,0,NULL,NULL,NULL,NULL,NULL,NULL,'24-localhost-6880',NULL,'24-localhost-6880.vcf',NULL,'','',1,'2025-03-28 13:32:24',NULL),
(25,1,1,'2025-03-28 13:32:24','2025-03-28 13:32:24',1,NULL,NULL,'',NULL,NULL,'Lindgren LLC',NULL,NULL,NULL,'It\'s the most curious thing I ever heard!\' \'Yes, I think you\'d take a fancy to herself in a tone of delight, and rushed at the window.\' \'THAT you won\'t\' thought Alice, \'it\'ll never do to ask.',1,'Lindgren LLC','','',NULL,NULL,0,NULL,NULL,NULL,'engage B2C e-services',NULL,NULL,'25-localhost-6880',NULL,'25-localhost-6880.vcf',NULL,'','',1,'2025-03-28 13:32:24',NULL),
(26,1,1,'2025-03-28 13:32:24','2025-03-28 13:32:24',1,NULL,'','','Valentin','','Volkman','',NULL,NULL,NULL,0,'Valentin Volkman','','',NULL,NULL,0,NULL,NULL,NULL,NULL,NULL,NULL,'26-localhost-6880',NULL,'26-localhost-6880.vcf',NULL,'','',1,'2025-03-28 13:32:24',NULL),
(27,1,1,'2025-03-28 13:32:24','2025-03-28 13:32:24',1,NULL,NULL,'',NULL,NULL,'Carter Inc',NULL,NULL,NULL,'When the pie was all dark overhead; before her was another long passage, and the turtles all advance! They are waiting on the look-out for serpents night and day! Why, I haven\'t been invited yet.\'.',1,'Carter Inc','','',NULL,NULL,0,NULL,NULL,NULL,'implement clicks-and-mortar portals',NULL,NULL,'27-localhost-6880',NULL,'27-localhost-6880.vcf',NULL,'','',1,'2025-03-28 13:32:24',NULL),
(28,1,1,'2025-03-28 13:32:24','2025-03-28 13:32:24',1,NULL,'','','Amaya','','Witting','',NULL,NULL,NULL,0,'Amaya Witting','','',NULL,NULL,0,NULL,NULL,NULL,NULL,NULL,NULL,'28-localhost-6880',NULL,'28-localhost-6880.vcf',NULL,'','',1,'2025-03-28 13:32:24',NULL),
(29,1,1,'2025-03-28 13:32:24','2025-03-28 13:32:25',1,NULL,NULL,'',NULL,NULL,'Dickens, Kutch and Wisoky',NULL,NULL,NULL,'Dormouse shall!\' they both bowed low, and their slates and pencils had been anything near the house opened, and a sad tale!\' said the March Hare and his buttons, and turns out his toes.\' [later.',1,'Dickens, Kutch and Wisoky','','',NULL,NULL,0,NULL,NULL,NULL,'deliver mission-critical functionalities',NULL,NULL,'29-localhost-6880',NULL,'29-localhost-6880.vcf',NULL,'','',1,'2025-03-28 13:32:25',NULL),
(30,1,1,'2025-03-28 13:32:25','2025-03-28 13:32:25',1,NULL,'','','Stephanie','','Donnelly','',NULL,NULL,NULL,0,'Stephanie Donnelly','','',NULL,NULL,0,NULL,NULL,NULL,NULL,NULL,NULL,'30-localhost-6880',NULL,'30-localhost-6880.vcf',NULL,'','',1,'2025-03-28 13:32:25',NULL),
(31,1,1,'2025-03-28 13:32:25','2025-03-28 13:32:25',1,NULL,NULL,'',NULL,NULL,'Lowe-Koepp',NULL,NULL,NULL,'So you see, as well say,\' added the Gryphon; and then at the proposal. \'Then the Dormouse say?\' one of the players to be seen--everything seemed to be sure; but I don\'t know much,\' said Alice.',1,'Lowe-Koepp','','',NULL,NULL,0,NULL,NULL,NULL,'deploy robust experiences',NULL,NULL,'31-localhost-6880',NULL,'31-localhost-6880.vcf',NULL,'','',1,'2025-03-28 13:32:25',NULL),
(32,1,1,'2025-03-28 13:32:25','2025-03-28 13:32:25',1,NULL,'','','Brenna','','Schuster','',NULL,NULL,NULL,0,'Brenna Schuster','','',NULL,NULL,0,NULL,NULL,NULL,NULL,NULL,NULL,'32-localhost-6880',NULL,'32-localhost-6880.vcf',NULL,'','',1,'2025-03-28 13:32:25',NULL);
/*!40000 ALTER TABLE `addressbook_contact` ENABLE KEYS */;
UNLOCK TABLES;

--
-- Table structure for table `addressbook_contact_custom_fields`
--

DROP TABLE IF EXISTS `addressbook_contact_custom_fields`;
/*!40101 SET @saved_cs_client     = @@character_set_client */;
/*!40101 SET character_set_client = utf8 */;
CREATE TABLE `addressbook_contact_custom_fields` (
  `id` int(11) NOT NULL,
  PRIMARY KEY (`id`),
  CONSTRAINT `addressbook_contact_custom_fields_ibfk_1` FOREIGN KEY (`id`) REFERENCES `addressbook_contact` (`id`) ON DELETE CASCADE
) ENGINE=InnoDB DEFAULT CHARSET=utf8mb4 COLLATE=utf8mb4_unicode_ci;
/*!40101 SET character_set_client = @saved_cs_client */;

--
-- Dumping data for table `addressbook_contact_custom_fields`
--

LOCK TABLES `addressbook_contact_custom_fields` WRITE;
/*!40000 ALTER TABLE `addressbook_contact_custom_fields` DISABLE KEYS */;
/*!40000 ALTER TABLE `addressbook_contact_custom_fields` ENABLE KEYS */;
UNLOCK TABLES;

--
-- Table structure for table `addressbook_contact_group`
--

DROP TABLE IF EXISTS `addressbook_contact_group`;
/*!40101 SET @saved_cs_client     = @@character_set_client */;
/*!40101 SET character_set_client = utf8 */;
CREATE TABLE `addressbook_contact_group` (
  `contactId` int(11) NOT NULL,
  `groupId` int(11) NOT NULL,
  PRIMARY KEY (`contactId`,`groupId`),
  KEY `groupId` (`groupId`),
  CONSTRAINT `addressbook_contact_group_ibfk_1` FOREIGN KEY (`contactId`) REFERENCES `addressbook_contact` (`id`) ON DELETE CASCADE,
  CONSTRAINT `addressbook_contact_group_ibfk_2` FOREIGN KEY (`groupId`) REFERENCES `addressbook_group` (`id`) ON DELETE CASCADE
) ENGINE=InnoDB DEFAULT CHARSET=utf8mb4 COLLATE=utf8mb4_unicode_ci ROW_FORMAT=COMPACT;
/*!40101 SET character_set_client = @saved_cs_client */;

--
-- Dumping data for table `addressbook_contact_group`
--

LOCK TABLES `addressbook_contact_group` WRITE;
/*!40000 ALTER TABLE `addressbook_contact_group` DISABLE KEYS */;
/*!40000 ALTER TABLE `addressbook_contact_group` ENABLE KEYS */;
UNLOCK TABLES;

--
-- Table structure for table `addressbook_contact_star`
--

DROP TABLE IF EXISTS `addressbook_contact_star`;
/*!40101 SET @saved_cs_client     = @@character_set_client */;
/*!40101 SET character_set_client = utf8 */;
CREATE TABLE `addressbook_contact_star` (
  `contactId` int(11) NOT NULL,
  `userId` int(11) NOT NULL,
  `modSeq` int(11) NOT NULL DEFAULT 0,
  `starred` tinyint(1) DEFAULT NULL,
  PRIMARY KEY (`contactId`,`userId`),
  KEY `addressbook_contact_star_ibfk_2` (`userId`),
  CONSTRAINT `addressbook_contact_star_ibfk_1` FOREIGN KEY (`contactId`) REFERENCES `addressbook_contact` (`id`) ON DELETE CASCADE,
  CONSTRAINT `addressbook_contact_star_ibfk_2` FOREIGN KEY (`userId`) REFERENCES `core_user` (`id`) ON DELETE CASCADE
) ENGINE=InnoDB DEFAULT CHARSET=utf8mb4 COLLATE=utf8mb4_unicode_ci ROW_FORMAT=COMPACT;
/*!40101 SET character_set_client = @saved_cs_client */;

--
-- Dumping data for table `addressbook_contact_star`
--

LOCK TABLES `addressbook_contact_star` WRITE;
/*!40000 ALTER TABLE `addressbook_contact_star` DISABLE KEYS */;
/*!40000 ALTER TABLE `addressbook_contact_star` ENABLE KEYS */;
UNLOCK TABLES;

--
-- Table structure for table `addressbook_date`
--

DROP TABLE IF EXISTS `addressbook_date`;
/*!40101 SET @saved_cs_client     = @@character_set_client */;
/*!40101 SET character_set_client = utf8 */;
CREATE TABLE `addressbook_date` (
  `contactId` int(11) NOT NULL,
  `type` varchar(50) NOT NULL DEFAULT 'birthday',
  `date` date NOT NULL,
  KEY `contactId` (`contactId`),
  CONSTRAINT `addressbook_date_ibfk_1` FOREIGN KEY (`contactId`) REFERENCES `addressbook_contact` (`id`) ON DELETE CASCADE
) ENGINE=InnoDB DEFAULT CHARSET=utf8mb4 COLLATE=utf8mb4_unicode_ci;
/*!40101 SET character_set_client = @saved_cs_client */;

--
-- Dumping data for table `addressbook_date`
--

LOCK TABLES `addressbook_date` WRITE;
/*!40000 ALTER TABLE `addressbook_date` DISABLE KEYS */;
/*!40000 ALTER TABLE `addressbook_date` ENABLE KEYS */;
UNLOCK TABLES;

--
-- Table structure for table `addressbook_email_address`
--

DROP TABLE IF EXISTS `addressbook_email_address`;
/*!40101 SET @saved_cs_client     = @@character_set_client */;
/*!40101 SET character_set_client = utf8 */;
CREATE TABLE `addressbook_email_address` (
  `contactId` int(11) NOT NULL,
  `type` varchar(50) DEFAULT NULL,
  `email` varchar(191) NOT NULL,
  KEY `contactId` (`contactId`),
  KEY `email` (`email`),
  CONSTRAINT `addressbook_email_address_ibfk_1` FOREIGN KEY (`contactId`) REFERENCES `addressbook_contact` (`id`) ON DELETE CASCADE
) ENGINE=InnoDB DEFAULT CHARSET=utf8mb4 COLLATE=utf8mb4_unicode_ci;
/*!40101 SET character_set_client = @saved_cs_client */;

--
-- Dumping data for table `addressbook_email_address`
--

LOCK TABLES `addressbook_email_address` WRITE;
/*!40000 ALTER TABLE `addressbook_email_address` DISABLE KEYS */;
INSERT INTO `addressbook_email_address` VALUES
(1,'work','admin@intermesh.localhost'),
(2,'work','demo@group-office.com'),
(2,'work','demo@group-office.com'),
(3,'work','lavada77@kiehn.org'),
(3,'work','lavada77@kiehn.org'),
(4,'work','emacejkovic@heathcote.com'),
(4,'work','emacejkovic@heathcote.com'),
(5,'work','nikolaus.ferne@rolfson.com'),
(5,'work','nikolaus.ferne@rolfson.com'),
(6,'work','zzieme@botsford.com'),
(6,'work','zzieme@botsford.com'),
(7,'work','dickinson.newell@rau.com'),
(7,'work','dickinson.newell@rau.com'),
(8,'work','gerardo.schulist@quigley.net'),
(8,'work','gerardo.schulist@quigley.net'),
(9,'work','rodrigo.mcclure@abbott.com'),
(9,'work','rodrigo.mcclure@abbott.com'),
(10,'work','nella.reichel@emmerich.com'),
(10,'work','nella.reichel@emmerich.com'),
(11,'work','lora94@pollich.com'),
(11,'work','lora94@pollich.com'),
(12,'work','maryse.kuphal@jaskolski.org'),
(12,'work','maryse.kuphal@jaskolski.org'),
(13,'home','linwood.eichmann@ebert.info'),
(14,'home','lwunsch@yahoo.com'),
(14,'home','ledner.eldora@gmail.com'),
(14,'home','blick.creola@hotmail.com'),
(15,'home','champlin.maudie@hotmail.com'),
(16,'home','taryn06@gmail.com'),
(16,'home','hodkiewicz.larue@medhurst.com'),
(17,'home','yessenia35@torphy.com'),
(17,'home','weimann.tanner@metz.com'),
(18,'home','swehner@yahoo.com'),
(18,'home','leonor.bosco@fadel.biz'),
(18,'home','rmertz@hotmail.com'),
(21,'home','hmoore@hotmail.com'),
(21,'home','dawson.connelly@hotmail.com'),
(22,'home','pgreen@jaskolski.biz'),
(22,'home','shawna.krajcik@murphy.com'),
(22,'home','sgleichner@hotmail.com'),
(23,'home','leonel89@yahoo.com'),
(23,'home','constantin.feest@gmail.com'),
(24,'home','oda32@strosin.com'),
(25,'home','effie.moen@hotmail.com'),
(25,'home','alba.fahey@yahoo.com'),
(25,'home','jed53@jacobson.com'),
(27,'home','ryleigh.kulas@hotmail.com'),
(28,'home','oschultz@yahoo.com'),
(29,'home','larry37@hotmail.com'),
(29,'home','lakin.magali@gmail.com'),
(29,'home','qlabadie@gmail.com'),
(30,'home','harley.mohr@kris.com'),
(30,'home','jacques71@powlowski.org'),
(30,'home','russel.alana@yahoo.com');
/*!40000 ALTER TABLE `addressbook_email_address` ENABLE KEYS */;
UNLOCK TABLES;

--
-- Table structure for table `addressbook_group`
--

DROP TABLE IF EXISTS `addressbook_group`;
/*!40101 SET @saved_cs_client     = @@character_set_client */;
/*!40101 SET character_set_client = utf8 */;
CREATE TABLE `addressbook_group` (
  `id` int(11) NOT NULL AUTO_INCREMENT,
  `addressBookId` int(11) NOT NULL,
  `name` varchar(190) CHARACTER SET latin1 COLLATE latin1_swedish_ci NOT NULL,
  PRIMARY KEY (`id`),
  KEY `addressBookId` (`addressBookId`),
  CONSTRAINT `addressbook_group_ibfk_1` FOREIGN KEY (`addressBookId`) REFERENCES `addressbook_addressbook` (`id`)
) ENGINE=InnoDB DEFAULT CHARSET=utf8mb4 COLLATE=utf8mb4_unicode_ci ROW_FORMAT=COMPACT;
/*!40101 SET character_set_client = @saved_cs_client */;

--
-- Dumping data for table `addressbook_group`
--

LOCK TABLES `addressbook_group` WRITE;
/*!40000 ALTER TABLE `addressbook_group` DISABLE KEYS */;
/*!40000 ALTER TABLE `addressbook_group` ENABLE KEYS */;
UNLOCK TABLES;

--
-- Table structure for table `addressbook_phone_number`
--

DROP TABLE IF EXISTS `addressbook_phone_number`;
/*!40101 SET @saved_cs_client     = @@character_set_client */;
/*!40101 SET character_set_client = utf8 */;
CREATE TABLE `addressbook_phone_number` (
  `contactId` int(11) NOT NULL,
  `type` varchar(50) DEFAULT NULL,
  `number` varchar(50) NOT NULL,
  KEY `contactId` (`contactId`),
  CONSTRAINT `addressbook_phone_number_ibfk_1` FOREIGN KEY (`contactId`) REFERENCES `addressbook_contact` (`id`) ON DELETE CASCADE
) ENGINE=InnoDB DEFAULT CHARSET=utf8mb4 COLLATE=utf8mb4_unicode_ci ROW_FORMAT=COMPACT;
/*!40101 SET character_set_client = @saved_cs_client */;

--
-- Dumping data for table `addressbook_phone_number`
--

LOCK TABLES `addressbook_phone_number` WRITE;
/*!40000 ALTER TABLE `addressbook_phone_number` DISABLE KEYS */;
INSERT INTO `addressbook_phone_number` VALUES
(14,'mobile','1-602-675-2552'),
(16,'mobile','+1-971-344-1814'),
(17,'mobile','(817) 801-4228'),
(18,'mobile','+1 (774) 587-5091'),
(19,'mobile','+1.283.449.9985'),
(20,'mobile','(747) 880-8616'),
(20,'mobile','+1-680-333-4147'),
(21,'mobile','+1-774-352-9079'),
(21,'mobile','283.247.3041'),
(21,'mobile','1-940-459-9193'),
(23,'mobile','+1-240-847-8449'),
(23,'mobile','1-283-618-5855'),
(24,'mobile','(959) 997-5935'),
(24,'mobile','571.536.5172'),
(24,'mobile','(458) 815-9350'),
(26,'mobile','+14706957476'),
(26,'mobile','(435) 697-6155'),
(26,'mobile','+1-212-519-6877'),
(28,'mobile','304-667-6053'),
(28,'mobile','248.742.9490'),
(29,'mobile','1-854-457-6362'),
(29,'mobile','1-409-432-4428'),
(29,'mobile','+1-256-214-6909'),
(31,'mobile','1-470-808-0685');
/*!40000 ALTER TABLE `addressbook_phone_number` ENABLE KEYS */;
UNLOCK TABLES;

--
-- Table structure for table `addressbook_portlet_birthday`
--

DROP TABLE IF EXISTS `addressbook_portlet_birthday`;
/*!40101 SET @saved_cs_client     = @@character_set_client */;
/*!40101 SET character_set_client = utf8 */;
CREATE TABLE `addressbook_portlet_birthday` (
  `userId` int(11) NOT NULL,
  `addressBookId` int(11) NOT NULL,
  PRIMARY KEY (`userId`,`addressBookId`),
  KEY `addressbook_portlet_birthday_fk2` (`addressBookId`),
  CONSTRAINT `addressbook_portlet_birthday_fk1` FOREIGN KEY (`userId`) REFERENCES `core_user` (`id`) ON DELETE CASCADE,
  CONSTRAINT `addressbook_portlet_birthday_fk2` FOREIGN KEY (`addressBookId`) REFERENCES `addressbook_addressbook` (`id`) ON DELETE CASCADE
) ENGINE=InnoDB DEFAULT CHARSET=utf8mb4 COLLATE=utf8mb4_unicode_ci;
/*!40101 SET character_set_client = @saved_cs_client */;

--
-- Dumping data for table `addressbook_portlet_birthday`
--

LOCK TABLES `addressbook_portlet_birthday` WRITE;
/*!40000 ALTER TABLE `addressbook_portlet_birthday` DISABLE KEYS */;
/*!40000 ALTER TABLE `addressbook_portlet_birthday` ENABLE KEYS */;
UNLOCK TABLES;

--
-- Table structure for table `addressbook_url`
--

DROP TABLE IF EXISTS `addressbook_url`;
/*!40101 SET @saved_cs_client     = @@character_set_client */;
/*!40101 SET character_set_client = utf8 */;
CREATE TABLE `addressbook_url` (
  `contactId` int(11) NOT NULL,
  `type` varchar(190) NOT NULL,
  `url` varchar(255) NOT NULL,
  KEY `contactId` (`contactId`),
  CONSTRAINT `addressbook_url_ibfk_1` FOREIGN KEY (`contactId`) REFERENCES `addressbook_contact` (`id`) ON DELETE CASCADE
) ENGINE=InnoDB DEFAULT CHARSET=utf8mb4 COLLATE=utf8mb4_unicode_ci;
/*!40101 SET character_set_client = @saved_cs_client */;

--
-- Dumping data for table `addressbook_url`
--

LOCK TABLES `addressbook_url` WRITE;
/*!40000 ALTER TABLE `addressbook_url` DISABLE KEYS */;
/*!40000 ALTER TABLE `addressbook_url` ENABLE KEYS */;
UNLOCK TABLES;

--
-- Table structure for table `addressbook_user_settings`
--

DROP TABLE IF EXISTS `addressbook_user_settings`;
/*!40101 SET @saved_cs_client     = @@character_set_client */;
/*!40101 SET character_set_client = utf8 */;
CREATE TABLE `addressbook_user_settings` (
  `userId` int(11) NOT NULL,
  `defaultAddressBookId` int(11) DEFAULT NULL,
  `lastAddressBookId` int(11) DEFAULT NULL,
  `startIn` enum('allcontacts','starred','default','remember') NOT NULL DEFAULT 'allcontacts',
  PRIMARY KEY (`userId`),
  KEY `defaultAddressBookId` (`defaultAddressBookId`),
  CONSTRAINT `addressbook_user_settings_ibfk_1` FOREIGN KEY (`userId`) REFERENCES `core_user` (`id`) ON DELETE CASCADE,
  CONSTRAINT `addressbook_user_settings_ibfk_2` FOREIGN KEY (`defaultAddressBookId`) REFERENCES `addressbook_addressbook` (`id`) ON DELETE SET NULL
) ENGINE=InnoDB DEFAULT CHARSET=utf8mb4 COLLATE=utf8mb4_unicode_ci ROW_FORMAT=COMPACT;
/*!40101 SET character_set_client = @saved_cs_client */;

--
-- Dumping data for table `addressbook_user_settings`
--

LOCK TABLES `addressbook_user_settings` WRITE;
/*!40000 ALTER TABLE `addressbook_user_settings` DISABLE KEYS */;
INSERT INTO `addressbook_user_settings` VALUES
(1,1,NULL,'allcontacts'),
(2,3,NULL,'allcontacts'),
(3,4,NULL,'allcontacts'),
(4,5,NULL,'allcontacts'),
(5,6,NULL,'allcontacts'),
(6,7,NULL,'allcontacts'),
(7,8,NULL,'allcontacts'),
(8,9,NULL,'allcontacts'),
(9,10,NULL,'allcontacts'),
(10,11,NULL,'allcontacts'),
(11,12,NULL,'allcontacts'),
(12,13,NULL,'allcontacts');
/*!40000 ALTER TABLE `addressbook_user_settings` ENABLE KEYS */;
UNLOCK TABLES;

--
-- Table structure for table `bookmarks_bookmark`
--

DROP TABLE IF EXISTS `bookmarks_bookmark`;
/*!40101 SET @saved_cs_client     = @@character_set_client */;
/*!40101 SET character_set_client = utf8 */;
CREATE TABLE `bookmarks_bookmark` (
  `id` int(11) NOT NULL AUTO_INCREMENT,
  `categoryId` int(11) NOT NULL,
  `createdBy` int(11) DEFAULT NULL,
  `name` varchar(64) NOT NULL,
  `content` text NOT NULL,
  `description` varchar(255) DEFAULT NULL,
  `logo` binary(40) DEFAULT NULL,
  `openExtern` tinyint(1) NOT NULL DEFAULT 1,
  `behaveAsModule` tinyint(1) NOT NULL DEFAULT 0,
  PRIMARY KEY (`id`),
  KEY `createdBy` (`createdBy`),
  KEY `categoryId` (`categoryId`),
  KEY `core_blob_bookmark_logo_idx` (`logo`),
  CONSTRAINT `bookmarks_bookmark_ibfk_1` FOREIGN KEY (`createdBy`) REFERENCES `core_user` (`id`) ON DELETE SET NULL,
  CONSTRAINT `bookmarks_bookmark_ibfk_2` FOREIGN KEY (`categoryId`) REFERENCES `bookmarks_category` (`id`),
  CONSTRAINT `core_blob_bookmark_logo` FOREIGN KEY (`logo`) REFERENCES `core_blob` (`id`)
) ENGINE=InnoDB AUTO_INCREMENT=3 DEFAULT CHARSET=utf8mb4 COLLATE=utf8mb4_unicode_ci;
/*!40101 SET character_set_client = @saved_cs_client */;

--
-- Dumping data for table `bookmarks_bookmark`
--

LOCK TABLES `bookmarks_bookmark` WRITE;
/*!40000 ALTER TABLE `bookmarks_bookmark` DISABLE KEYS */;
INSERT INTO `bookmarks_bookmark` VALUES
(1,1,1,'Group-Office','https://www.group-office.com','Group-Office is an enterprise CRM and groupware tool. Collaborate, Share projects, calendars, files and e-mail online with co-workers and clients. Easy to use and fully customizable.','f384ee1dd8a66f36a425dce7b08992d7a6a68c36',1,0),
(2,1,1,'Intermesh','https://www.intermesh.nl','Intermesh - Solide software ontwikeling sinds 2003',NULL,1,0);
/*!40000 ALTER TABLE `bookmarks_bookmark` ENABLE KEYS */;
UNLOCK TABLES;

--
-- Table structure for table `bookmarks_category`
--

DROP TABLE IF EXISTS `bookmarks_category`;
/*!40101 SET @saved_cs_client     = @@character_set_client */;
/*!40101 SET character_set_client = utf8 */;
CREATE TABLE `bookmarks_category` (
  `id` int(11) NOT NULL AUTO_INCREMENT,
  `createdBy` int(11) DEFAULT NULL,
  `aclId` int(11) NOT NULL,
  `name` varchar(50) NOT NULL,
  PRIMARY KEY (`id`),
  KEY `aclId` (`aclId`),
  KEY `createdBy` (`createdBy`),
  CONSTRAINT `bookmarks_category_acl_ibfk_1` FOREIGN KEY (`aclId`) REFERENCES `core_acl` (`id`),
  CONSTRAINT `bookmarks_category_ibfk_1` FOREIGN KEY (`createdBy`) REFERENCES `core_user` (`id`) ON DELETE SET NULL
) ENGINE=InnoDB AUTO_INCREMENT=2 DEFAULT CHARSET=utf8mb4 COLLATE=utf8mb4_unicode_ci;
/*!40101 SET character_set_client = @saved_cs_client */;

--
-- Dumping data for table `bookmarks_category`
--

LOCK TABLES `bookmarks_category` WRITE;
/*!40000 ALTER TABLE `bookmarks_category` DISABLE KEYS */;
INSERT INTO `bookmarks_category` VALUES
(1,1,11,'General');
/*!40000 ALTER TABLE `bookmarks_category` ENABLE KEYS */;
UNLOCK TABLES;

--
-- Table structure for table `cal_calendar_user_colors`
--

DROP TABLE IF EXISTS `cal_calendar_user_colors`;
/*!40101 SET @saved_cs_client     = @@character_set_client */;
/*!40101 SET character_set_client = utf8 */;
CREATE TABLE `cal_calendar_user_colors` (
  `user_id` int(11) NOT NULL,
  `calendar_id` int(11) NOT NULL,
  `color` varchar(6) NOT NULL,
  PRIMARY KEY (`user_id`,`calendar_id`)
) ENGINE=InnoDB DEFAULT CHARSET=utf8mb4 COLLATE=utf8mb4_unicode_ci;
/*!40101 SET character_set_client = @saved_cs_client */;

--
-- Dumping data for table `cal_calendar_user_colors`
--

LOCK TABLES `cal_calendar_user_colors` WRITE;
/*!40000 ALTER TABLE `cal_calendar_user_colors` DISABLE KEYS */;
/*!40000 ALTER TABLE `cal_calendar_user_colors` ENABLE KEYS */;
UNLOCK TABLES;

--
-- Table structure for table `cal_calendars`
--

DROP TABLE IF EXISTS `cal_calendars`;
/*!40101 SET @saved_cs_client     = @@character_set_client */;
/*!40101 SET character_set_client = utf8 */;
CREATE TABLE `cal_calendars` (
  `id` int(11) NOT NULL AUTO_INCREMENT,
  `group_id` int(11) NOT NULL DEFAULT 1,
  `user_id` int(11) NOT NULL DEFAULT 0,
  `acl_id` int(11) NOT NULL DEFAULT 0,
  `name` varchar(100) DEFAULT NULL,
  `start_hour` tinyint(4) NOT NULL DEFAULT 0,
  `end_hour` tinyint(4) NOT NULL DEFAULT 0,
  `background` varchar(6) DEFAULT NULL,
  `time_interval` int(11) NOT NULL DEFAULT 1800,
  `public` tinyint(1) NOT NULL DEFAULT 0,
  `shared_acl` tinyint(1) NOT NULL DEFAULT 0,
  `show_bdays` tinyint(1) NOT NULL DEFAULT 0,
  `show_completed_tasks` tinyint(1) NOT NULL DEFAULT 1,
  `comment` varchar(255) NOT NULL DEFAULT '',
  `project_id` int(11) NOT NULL DEFAULT 0,
  `tasklist_id` int(11) NOT NULL DEFAULT 0,
  `files_folder_id` int(11) NOT NULL DEFAULT 0,
  `show_holidays` tinyint(1) NOT NULL DEFAULT 1,
  `enable_ics_import` tinyint(1) NOT NULL DEFAULT 0,
  `ics_import_url` varchar(512) NOT NULL DEFAULT '',
  `tooltip` varchar(127) NOT NULL DEFAULT '',
  `version` int(10) unsigned NOT NULL DEFAULT 1,
  PRIMARY KEY (`id`),
  KEY `group_id` (`group_id`),
  KEY `project_id` (`project_id`),
  KEY `user_id` (`user_id`)
) ENGINE=InnoDB AUTO_INCREMENT=15 DEFAULT CHARSET=utf8mb4 COLLATE=utf8mb4_unicode_ci;
/*!40101 SET character_set_client = @saved_cs_client */;

--
-- Dumping data for table `cal_calendars`
--

LOCK TABLES `cal_calendars` WRITE;
/*!40000 ALTER TABLE `cal_calendars` DISABLE KEYS */;
INSERT INTO `cal_calendars` VALUES
(1,1,1,47,'System Administrator',0,0,NULL,1800,0,0,0,1,'',0,1,5,1,0,'','',20),
(2,1,2,51,'Mr. Broderick Hauck',0,0,NULL,1800,0,0,0,1,'',0,2,6,1,0,'','',14),
(3,1,3,58,'Mr. Jedidiah Tromp',0,0,NULL,1800,0,0,0,1,'',0,3,7,1,0,'','',16),
(4,1,4,63,'Ashlee Beier',0,0,NULL,1800,0,0,0,1,'',0,4,8,1,0,'','',20),
(5,1,5,68,'Tony Howe',0,0,NULL,1800,0,0,0,1,'',0,5,9,1,0,'','',16),
(6,1,6,73,'Prof. Johnny Kirlin',0,0,NULL,1800,0,0,0,1,'',0,6,10,1,0,'','',15),
(7,1,7,78,'Burdette Stamm',0,0,NULL,1800,0,0,0,1,'',0,7,11,1,0,'','',17),
(8,1,8,83,'Camron Heller Sr.',0,0,NULL,1800,0,0,0,1,'',0,8,12,1,0,'','',18),
(9,1,9,88,'Mr. Shayne Zemlak',0,0,NULL,1800,0,0,0,1,'',0,9,13,1,0,'','',16),
(10,1,10,93,'Mrs. Elizabeth Cartwright',0,0,NULL,1800,0,0,0,1,'',0,10,14,1,0,'','',18),
(11,1,11,98,'Prof. Simone Kirlin Jr.',0,0,NULL,1800,0,0,0,1,'',0,11,15,1,0,'','',6),
(12,1,12,103,'Nicklaus Durgan',0,0,NULL,1800,0,0,0,1,'',0,12,16,1,0,'','',6),
(13,2,1,109,'Road Runner Room',0,0,NULL,1800,0,0,0,1,'',0,0,17,1,0,'','',1),
(14,2,1,110,'Don Coyote Room',0,0,NULL,1800,0,0,0,1,'',0,0,18,1,0,'','',1);
/*!40000 ALTER TABLE `cal_calendars` ENABLE KEYS */;
UNLOCK TABLES;

--
-- Table structure for table `cal_calendars_custom_fields`
--

DROP TABLE IF EXISTS `cal_calendars_custom_fields`;
/*!40101 SET @saved_cs_client     = @@character_set_client */;
/*!40101 SET character_set_client = utf8 */;
CREATE TABLE `cal_calendars_custom_fields` (
  `id` int(11) NOT NULL,
  PRIMARY KEY (`id`),
  CONSTRAINT `cal_calendars_custom_fields_ibfk_1` FOREIGN KEY (`id`) REFERENCES `cal_calendars` (`id`) ON DELETE CASCADE
) ENGINE=InnoDB DEFAULT CHARSET=utf8mb4 COLLATE=utf8mb4_uca1400_ai_ci;
/*!40101 SET character_set_client = @saved_cs_client */;

--
-- Dumping data for table `cal_calendars_custom_fields`
--

LOCK TABLES `cal_calendars_custom_fields` WRITE;
/*!40000 ALTER TABLE `cal_calendars_custom_fields` DISABLE KEYS */;
/*!40000 ALTER TABLE `cal_calendars_custom_fields` ENABLE KEYS */;
UNLOCK TABLES;

--
-- Table structure for table `cal_categories`
--

DROP TABLE IF EXISTS `cal_categories`;
/*!40101 SET @saved_cs_client     = @@character_set_client */;
/*!40101 SET character_set_client = utf8 */;
CREATE TABLE `cal_categories` (
  `id` int(11) NOT NULL AUTO_INCREMENT,
  `name` varchar(255) NOT NULL,
  `color` char(6) NOT NULL DEFAULT 'EBF1E2',
  `calendar_id` int(11) NOT NULL,
  `acl_id` int(11) NOT NULL DEFAULT 0,
  PRIMARY KEY (`id`),
  KEY `calendar_id` (`calendar_id`)
) ENGINE=InnoDB DEFAULT CHARSET=utf8mb4 COLLATE=utf8mb4_unicode_ci;
/*!40101 SET character_set_client = @saved_cs_client */;

--
-- Dumping data for table `cal_categories`
--

LOCK TABLES `cal_categories` WRITE;
/*!40000 ALTER TABLE `cal_categories` DISABLE KEYS */;
/*!40000 ALTER TABLE `cal_categories` ENABLE KEYS */;
UNLOCK TABLES;

--
-- Table structure for table `cal_events`
--

DROP TABLE IF EXISTS `cal_events`;
/*!40101 SET @saved_cs_client     = @@character_set_client */;
/*!40101 SET character_set_client = utf8 */;
CREATE TABLE `cal_events` (
  `id` int(11) NOT NULL AUTO_INCREMENT,
  `uuid` varchar(190) CHARACTER SET ascii COLLATE ascii_bin NOT NULL DEFAULT '',
  `calendar_id` int(11) NOT NULL,
  `user_id` int(11) NOT NULL DEFAULT 0,
  `start_time` int(11) NOT NULL DEFAULT 0,
  `end_time` int(11) NOT NULL DEFAULT 0,
  `timezone` varchar(64) NOT NULL DEFAULT '',
  `all_day_event` tinyint(1) NOT NULL DEFAULT 0,
  `name` varchar(150) NOT NULL,
  `description` text DEFAULT NULL,
  `location` varchar(100) NOT NULL DEFAULT '',
  `repeat_end_time` int(11) NOT NULL DEFAULT 0,
  `reminder` int(11) DEFAULT NULL,
  `ctime` int(11) NOT NULL DEFAULT 0,
  `mtime` int(11) NOT NULL DEFAULT 0,
  `muser_id` int(11) NOT NULL DEFAULT 0,
  `busy` tinyint(1) NOT NULL DEFAULT 1,
  `status` varchar(20) NOT NULL DEFAULT 'NEEDS-ACTION',
  `resource_event_id` int(11) NOT NULL DEFAULT 0,
  `private` tinyint(1) NOT NULL DEFAULT 0,
  `rrule` varchar(100) NOT NULL DEFAULT '',
  `background` char(6) NOT NULL DEFAULT 'ebf1e2',
  `files_folder_id` int(11) NOT NULL,
  `read_only` tinyint(1) NOT NULL DEFAULT 0,
  `category_id` int(11) DEFAULT NULL,
  `exception_for_event_id` int(11) NOT NULL DEFAULT 0,
  `recurrence_id` varchar(20) NOT NULL DEFAULT '',
  `is_organizer` tinyint(1) NOT NULL DEFAULT 1,
  PRIMARY KEY (`id`),
  KEY `start_time` (`start_time`),
  KEY `end_time` (`end_time`),
  KEY `repeat_end_time` (`repeat_end_time`),
  KEY `rrule` (`rrule`),
  KEY `calendar_id` (`calendar_id`),
  KEY `busy` (`busy`),
  KEY `category_id` (`category_id`),
  KEY `uuid` (`uuid`),
  KEY `resource_event_id` (`resource_event_id`),
  KEY `recurrence_id` (`recurrence_id`),
  KEY `exception_for_event_id` (`exception_for_event_id`)
) ENGINE=InnoDB AUTO_INCREMENT=166 DEFAULT CHARSET=utf8mb4 COLLATE=utf8mb4_unicode_ci;
/*!40101 SET character_set_client = @saved_cs_client */;

--
-- Dumping data for table `cal_events`
--

LOCK TABLES `cal_events` WRITE;
/*!40000 ALTER TABLE `cal_events` DISABLE KEYS */;
INSERT INTO `cal_events` VALUES
(1,'18b80cb6-b3c0-5ef4-bdd9-cab3bcabb490',1,1,1744390800,1744394400,'Europe/Amsterdam',0,'Kreiger, O\'Hara and Nader',NULL,'Office',0,NULL,1743168757,1743168757,1,1,'CONFIRMED',0,0,'','EBF1E2',0,0,NULL,0,'',1),
(2,'18b80cb6-b3c0-5ef4-bdd9-cab3bcabb490',6,6,1744390800,1744394400,'Europe/Amsterdam',0,'Kreiger, O\'Hara and Nader',NULL,'Office',0,NULL,1743168757,1743168757,1,1,'CONFIRMED',0,0,'','EBF1E2',0,0,NULL,0,'',0),
(3,'4a135bb0-87a3-59fb-8ae6-c5683fb80321',1,1,1743951600,1743955200,'Europe/Amsterdam',0,'Stroman-Osinski',NULL,'',0,NULL,1743168757,1743168757,1,1,'CONFIRMED',0,0,'','EBF1E2',0,0,NULL,0,'',1),
(4,'4a135bb0-87a3-59fb-8ae6-c5683fb80321',10,10,1743951600,1743955200,'Europe/Amsterdam',0,'Stroman-Osinski',NULL,'',0,NULL,1743168757,1743168757,1,1,'CONFIRMED',0,0,'','EBF1E2',0,0,NULL,0,'',0),
(5,'4a135bb0-87a3-59fb-8ae6-c5683fb80321',6,6,1743951600,1743955200,'Europe/Amsterdam',0,'Stroman-Osinski',NULL,'',0,NULL,1743168757,1743168757,1,1,'CONFIRMED',0,0,'','EBF1E2',0,0,NULL,0,'',0),
(6,'982381b8-8eb6-5f92-b103-54e84deed6c5',1,1,1743865200,1743868800,'Europe/Amsterdam',0,'Lind Group',NULL,'Office',0,NULL,1743168757,1743168757,1,1,'CONFIRMED',0,0,'','EBF1E2',0,0,NULL,0,'',1),
(7,'982381b8-8eb6-5f92-b103-54e84deed6c5',10,10,1743865200,1743868800,'Europe/Amsterdam',0,'Lind Group',NULL,'Office',0,NULL,1743168758,1743168757,1,1,'CONFIRMED',0,0,'','EBF1E2',0,0,NULL,0,'',0),
(8,'982381b8-8eb6-5f92-b103-54e84deed6c5',3,3,1743865200,1743868800,'Europe/Amsterdam',0,'Lind Group',NULL,'Office',0,NULL,1743168758,1743168757,1,1,'CONFIRMED',0,0,'','EBF1E2',0,0,NULL,0,'',0),
(9,'1570c4da-ffbd-5054-af2a-d5c8848b4275',1,1,1743102000,1743105600,'Europe/Amsterdam',0,'Lynch-Konopelski',NULL,'',0,NULL,1743168758,1743168758,1,1,'CONFIRMED',0,0,'','EBF1E2',0,0,NULL,0,'',1),
(10,'1570c4da-ffbd-5054-af2a-d5c8848b4275',4,4,1743102000,1743105600,'Europe/Amsterdam',0,'Lynch-Konopelski',NULL,'',0,NULL,1743168758,1743168758,1,1,'CONFIRMED',0,0,'','EBF1E2',0,0,NULL,0,'',0),
(11,'1570c4da-ffbd-5054-af2a-d5c8848b4275',10,10,1743102000,1743105600,'Europe/Amsterdam',0,'Lynch-Konopelski',NULL,'',0,NULL,1743168758,1743168758,1,1,'CONFIRMED',0,0,'','EBF1E2',0,0,NULL,0,'',0),
(12,'cb0b052e-0dc5-5746-8d0b-efc08f30f570',1,1,1744394400,1744398000,'Europe/Amsterdam',0,'Barton PLC',NULL,'Office',0,NULL,1743168758,1743168758,1,1,'CONFIRMED',0,0,'','EBF1E2',0,0,NULL,0,'',1),
(13,'cb0b052e-0dc5-5746-8d0b-efc08f30f570',5,5,1744394400,1744398000,'Europe/Amsterdam',0,'Barton PLC',NULL,'Office',0,NULL,1743168758,1743168758,1,1,'CONFIRMED',0,0,'','EBF1E2',0,0,NULL,0,'',0),
(14,'cb0b052e-0dc5-5746-8d0b-efc08f30f570',2,2,1744394400,1744398000,'Europe/Amsterdam',0,'Barton PLC',NULL,'Office',0,NULL,1743168758,1743168758,1,1,'CONFIRMED',0,0,'','EBF1E2',0,0,NULL,0,'',0),
(15,'fdaaeda8-529d-5737-8c38-56ffab81efaa',2,2,1742914800,1742918400,'Europe/Amsterdam',0,'Bailey, Gusikowski and Kassulke',NULL,'Online',0,NULL,1743168758,1743168758,1,1,'CONFIRMED',0,0,'','EBF1E2',0,0,NULL,0,'',1),
(16,'fdaaeda8-529d-5737-8c38-56ffab81efaa',8,8,1742914800,1742918400,'Europe/Amsterdam',0,'Bailey, Gusikowski and Kassulke',NULL,'Online',0,NULL,1743168758,1743168758,1,1,'CONFIRMED',0,0,'','EBF1E2',0,0,NULL,0,'',0),
(17,'9af4f204-8490-5e6d-98cb-c02954cfd49c',2,2,1743062400,1743066000,'Europe/Amsterdam',0,'Dare, Crist and Boyle',NULL,'Online',0,NULL,1743168758,1743168758,1,1,'CONFIRMED',0,0,'','EBF1E2',0,0,NULL,0,'',1),
(18,'9af4f204-8490-5e6d-98cb-c02954cfd49c',5,5,1743062400,1743066000,'Europe/Amsterdam',0,'Dare, Crist and Boyle',NULL,'Online',0,NULL,1743168758,1743168758,1,1,'CONFIRMED',0,0,'','EBF1E2',0,0,NULL,0,'',0),
(19,'9af4f204-8490-5e6d-98cb-c02954cfd49c',9,9,1743062400,1743066000,'Europe/Amsterdam',0,'Dare, Crist and Boyle',NULL,'Online',0,NULL,1743168758,1743168758,1,1,'CONFIRMED',0,0,'','EBF1E2',0,0,NULL,0,'',0),
(20,'51d35b18-2ab2-53d0-a6c4-2636d3cadb75',2,2,1743843600,1743847200,'Europe/Amsterdam',0,'Runte-Rice',NULL,'Online',0,NULL,1743168758,1743168758,1,1,'CONFIRMED',0,0,'','EBF1E2',0,0,NULL,0,'',1),
(21,'51d35b18-2ab2-53d0-a6c4-2636d3cadb75',7,7,1743843600,1743847200,'Europe/Amsterdam',0,'Runte-Rice',NULL,'Online',0,NULL,1743168758,1743168758,1,1,'CONFIRMED',0,0,'','EBF1E2',0,0,NULL,0,'',0),
(22,'51d35b18-2ab2-53d0-a6c4-2636d3cadb75',10,10,1743843600,1743847200,'Europe/Amsterdam',0,'Runte-Rice',NULL,'Online',0,NULL,1743168758,1743168758,1,1,'CONFIRMED',0,0,'','EBF1E2',0,0,NULL,0,'',0),
(23,'ab4b1e6a-6eb6-50bb-9594-b2c078cd8d98',2,2,1743602400,1743606000,'Europe/Amsterdam',0,'Trantow LLC',NULL,'Online',0,NULL,1743168758,1743168758,1,1,'CONFIRMED',0,0,'','EBF1E2',0,0,NULL,0,'',1),
(24,'ab4b1e6a-6eb6-50bb-9594-b2c078cd8d98',10,10,1743602400,1743606000,'Europe/Amsterdam',0,'Trantow LLC',NULL,'Online',0,NULL,1743168758,1743168758,1,1,'CONFIRMED',0,0,'','EBF1E2',0,0,NULL,0,'',0),
(25,'ab4b1e6a-6eb6-50bb-9594-b2c078cd8d98',4,4,1743602400,1743606000,'Europe/Amsterdam',0,'Trantow LLC',NULL,'Online',0,NULL,1743168758,1743168758,1,1,'CONFIRMED',0,0,'','EBF1E2',0,0,NULL,0,'',0),
(26,'e7c96153-b36d-5611-b06d-b2a66d57f508',2,2,1744124400,1744128000,'Europe/Amsterdam',0,'Prohaska-Lang',NULL,'Office',0,NULL,1743168758,1743168758,1,1,'CONFIRMED',0,0,'','EBF1E2',0,0,NULL,0,'',1),
(27,'e7c96153-b36d-5611-b06d-b2a66d57f508',6,6,1744124400,1744128000,'Europe/Amsterdam',0,'Prohaska-Lang',NULL,'Office',0,NULL,1743168758,1743168758,1,1,'CONFIRMED',0,0,'','EBF1E2',0,0,NULL,0,'',0),
(28,'e7c96153-b36d-5611-b06d-b2a66d57f508',7,7,1744124400,1744128000,'Europe/Amsterdam',0,'Prohaska-Lang',NULL,'Office',0,NULL,1743168758,1743168758,1,1,'CONFIRMED',0,0,'','EBF1E2',0,0,NULL,0,'',0),
(29,'1bc5e1b1-c303-522b-b3c4-a99d539a4e75',3,3,1743595200,1743598800,'Europe/Amsterdam',0,'Fisher Inc',NULL,'',0,NULL,1743168759,1743168759,1,1,'CONFIRMED',0,0,'','EBF1E2',0,0,NULL,0,'',1),
(30,'1bc5e1b1-c303-522b-b3c4-a99d539a4e75',8,8,1743595200,1743598800,'Europe/Amsterdam',0,'Fisher Inc',NULL,'',0,NULL,1743168759,1743168759,1,1,'CONFIRMED',0,0,'','EBF1E2',0,0,NULL,0,'',0),
(31,'1bc5e1b1-c303-522b-b3c4-a99d539a4e75',1,1,1743595200,1743598800,'Europe/Amsterdam',0,'Fisher Inc',NULL,'',0,NULL,1743168759,1743168759,1,1,'CONFIRMED',0,0,'','EBF1E2',0,0,NULL,0,'',0),
(32,'1afb1206-b6c8-5bf2-9c55-20ac82cf325a',3,3,1743850800,1743854400,'Europe/Amsterdam',0,'Quitzon PLC',NULL,'',0,NULL,1743168759,1743168759,1,1,'CONFIRMED',0,0,'','EBF1E2',0,0,NULL,0,'',1),
(33,'1afb1206-b6c8-5bf2-9c55-20ac82cf325a',1,1,1743850800,1743854400,'Europe/Amsterdam',0,'Quitzon PLC',NULL,'',0,NULL,1743168759,1743168759,1,1,'CONFIRMED',0,0,'','EBF1E2',0,0,NULL,0,'',0),
(34,'1afb1206-b6c8-5bf2-9c55-20ac82cf325a',6,6,1743850800,1743854400,'Europe/Amsterdam',0,'Quitzon PLC',NULL,'',0,NULL,1743168759,1743168759,1,1,'CONFIRMED',0,0,'','EBF1E2',0,0,NULL,0,'',0),
(35,'50e5bad1-cecd-5f12-9615-ac8f18ff794f',3,3,1744570800,1744574400,'Europe/Amsterdam',0,'Collier, Spinka and King',NULL,'Customer',0,NULL,1743168759,1743168759,1,1,'CONFIRMED',0,0,'','EBF1E2',0,0,NULL,0,'',1),
(36,'50e5bad1-cecd-5f12-9615-ac8f18ff794f',5,5,1744570800,1744574400,'Europe/Amsterdam',0,'Collier, Spinka and King',NULL,'Customer',0,NULL,1743168759,1743168759,1,1,'CONFIRMED',0,0,'','EBF1E2',0,0,NULL,0,'',0),
(37,'50e5bad1-cecd-5f12-9615-ac8f18ff794f',4,4,1744570800,1744574400,'Europe/Amsterdam',0,'Collier, Spinka and King',NULL,'Customer',0,NULL,1743168759,1743168759,1,1,'CONFIRMED',0,0,'','EBF1E2',0,0,NULL,0,'',0),
(38,'359fe1e1-b098-5c77-9bb2-496bfd8552a9',3,3,1744135200,1744138800,'Europe/Amsterdam',0,'Johnston-Cole',NULL,'Online',0,NULL,1743168759,1743168759,1,1,'CONFIRMED',0,0,'','EBF1E2',0,0,NULL,0,'',1),
(39,'359fe1e1-b098-5c77-9bb2-496bfd8552a9',10,10,1744135200,1744138800,'Europe/Amsterdam',0,'Johnston-Cole',NULL,'Online',0,NULL,1743168759,1743168759,1,1,'CONFIRMED',0,0,'','EBF1E2',0,0,NULL,0,'',0),
(40,'359fe1e1-b098-5c77-9bb2-496bfd8552a9',1,1,1744135200,1744138800,'Europe/Amsterdam',0,'Johnston-Cole',NULL,'Online',0,NULL,1743168759,1743168759,1,1,'CONFIRMED',0,0,'','EBF1E2',0,0,NULL,0,'',0),
(41,'7a43ec59-1bd4-5ade-bc5a-b98326de0cbd',3,3,1743501600,1743505200,'Europe/Amsterdam',0,'Kling-Hessel',NULL,'Office',0,NULL,1743168759,1743168759,1,1,'CONFIRMED',0,0,'','EBF1E2',0,0,NULL,0,'',1),
(42,'7a43ec59-1bd4-5ade-bc5a-b98326de0cbd',6,6,1743501600,1743505200,'Europe/Amsterdam',0,'Kling-Hessel',NULL,'Office',0,NULL,1743168759,1743168759,1,1,'CONFIRMED',0,0,'','EBF1E2',0,0,NULL,0,'',0),
(43,'7a43ec59-1bd4-5ade-bc5a-b98326de0cbd',10,10,1743501600,1743505200,'Europe/Amsterdam',0,'Kling-Hessel',NULL,'Office',0,NULL,1743168759,1743168759,1,1,'CONFIRMED',0,0,'','EBF1E2',0,0,NULL,0,'',0),
(44,'c3f7f778-ff51-59d6-9382-a3486bbc6904',4,4,1743343200,1743346800,'Europe/Amsterdam',0,'Jast LLC',NULL,'Office',0,NULL,1743168759,1743168759,1,1,'CONFIRMED',0,0,'','EBF1E2',0,0,NULL,0,'',1),
(45,'c3f7f778-ff51-59d6-9382-a3486bbc6904',5,5,1743343200,1743346800,'Europe/Amsterdam',0,'Jast LLC',NULL,'Office',0,NULL,1743168759,1743168759,1,1,'CONFIRMED',0,0,'','EBF1E2',0,0,NULL,0,'',0),
(46,'c3f7f778-ff51-59d6-9382-a3486bbc6904',6,6,1743343200,1743346800,'Europe/Amsterdam',0,'Jast LLC',NULL,'Office',0,NULL,1743168759,1743168759,1,1,'CONFIRMED',0,0,'','EBF1E2',0,0,NULL,0,'',0),
(47,'e198f42c-c794-5a3e-8b43-c247d0aed5f2',4,4,1742893200,1742896800,'Europe/Amsterdam',0,'Rau-Glover',NULL,'Online',0,NULL,1743168759,1743168759,1,1,'CONFIRMED',0,0,'','EBF1E2',0,0,NULL,0,'',1),
(48,'e198f42c-c794-5a3e-8b43-c247d0aed5f2',9,9,1742893200,1742896800,'Europe/Amsterdam',0,'Rau-Glover',NULL,'Online',0,NULL,1743168759,1743168759,1,1,'CONFIRMED',0,0,'','EBF1E2',0,0,NULL,0,'',0),
(49,'e198f42c-c794-5a3e-8b43-c247d0aed5f2',1,1,1742893200,1742896800,'Europe/Amsterdam',0,'Rau-Glover',NULL,'Online',0,NULL,1743168759,1743168759,1,1,'CONFIRMED',0,0,'','EBF1E2',0,0,NULL,0,'',0),
(50,'b919a268-5345-51f0-9813-07c96fe04846',4,4,1743613200,1743616800,'Europe/Amsterdam',0,'Stoltenberg Ltd',NULL,'Online',0,NULL,1743168759,1743168759,1,1,'CONFIRMED',0,0,'','EBF1E2',0,0,NULL,0,'',1),
(51,'b919a268-5345-51f0-9813-07c96fe04846',3,3,1743613200,1743616800,'Europe/Amsterdam',0,'Stoltenberg Ltd',NULL,'Online',0,NULL,1743168759,1743168759,1,1,'CONFIRMED',0,0,'','EBF1E2',0,0,NULL,0,'',0),
(52,'b919a268-5345-51f0-9813-07c96fe04846',9,9,1743613200,1743616800,'Europe/Amsterdam',0,'Stoltenberg Ltd',NULL,'Online',0,NULL,1743168759,1743168759,1,1,'CONFIRMED',0,0,'','EBF1E2',0,0,NULL,0,'',0),
(53,'a0170486-52c7-5147-857c-bb3e79eea229',4,4,1743577200,1743580800,'Europe/Amsterdam',0,'Pacocha, Toy and Orn',NULL,'Office',0,NULL,1743168760,1743168760,1,1,'CONFIRMED',0,0,'','EBF1E2',0,0,NULL,0,'',1),
(54,'a0170486-52c7-5147-857c-bb3e79eea229',8,8,1743577200,1743580800,'Europe/Amsterdam',0,'Pacocha, Toy and Orn',NULL,'Office',0,NULL,1743168760,1743168760,1,1,'CONFIRMED',0,0,'','EBF1E2',0,0,NULL,0,'',0),
(55,'a0170486-52c7-5147-857c-bb3e79eea229',7,7,1743577200,1743580800,'Europe/Amsterdam',0,'Pacocha, Toy and Orn',NULL,'Office',0,NULL,1743168760,1743168760,1,1,'CONFIRMED',0,0,'','EBF1E2',0,0,NULL,0,'',0),
(56,'ae45108f-6fee-5345-8d13-41a7a4deb4dd',4,4,1744308000,1744311600,'Europe/Amsterdam',0,'Roberts, Krajcik and Brakus',NULL,'Office',0,NULL,1743168760,1743168760,1,1,'CONFIRMED',0,0,'','EBF1E2',0,0,NULL,0,'',1),
(57,'ae45108f-6fee-5345-8d13-41a7a4deb4dd',7,7,1744308000,1744311600,'Europe/Amsterdam',0,'Roberts, Krajcik and Brakus',NULL,'Office',0,NULL,1743168760,1743168760,1,1,'CONFIRMED',0,0,'','EBF1E2',0,0,NULL,0,'',0),
(58,'ae45108f-6fee-5345-8d13-41a7a4deb4dd',1,1,1744308000,1744311600,'Europe/Amsterdam',0,'Roberts, Krajcik and Brakus',NULL,'Office',0,NULL,1743168760,1743168760,1,1,'CONFIRMED',0,0,'','EBF1E2',0,0,NULL,0,'',0),
(59,'1459e56c-9bc4-540e-8bf3-d54ca1d0def9',5,5,1744210800,1744214400,'Europe/Amsterdam',0,'Nolan PLC',NULL,'Office',0,NULL,1743168760,1743168760,1,1,'CONFIRMED',0,0,'','EBF1E2',0,0,NULL,0,'',1),
(60,'1459e56c-9bc4-540e-8bf3-d54ca1d0def9',1,1,1744210800,1744214400,'Europe/Amsterdam',0,'Nolan PLC',NULL,'Office',0,NULL,1743168760,1743168760,1,1,'CONFIRMED',0,0,'','EBF1E2',0,0,NULL,0,'',0),
(61,'d6fdbf05-e535-5c4e-ab44-590fefd99dbf',5,5,1743152400,1743156000,'Europe/Amsterdam',0,'Connelly, Bruen and Lang',NULL,'Customer',0,NULL,1743168760,1743168760,1,1,'CONFIRMED',0,0,'','EBF1E2',0,0,NULL,0,'',1),
(62,'d6fdbf05-e535-5c4e-ab44-590fefd99dbf',8,8,1743152400,1743156000,'Europe/Amsterdam',0,'Connelly, Bruen and Lang',NULL,'Customer',0,NULL,1743168760,1743168760,1,1,'CONFIRMED',0,0,'','EBF1E2',0,0,NULL,0,'',0),
(63,'d6fdbf05-e535-5c4e-ab44-590fefd99dbf',2,2,1743152400,1743156000,'Europe/Amsterdam',0,'Connelly, Bruen and Lang',NULL,'Customer',0,NULL,1743168760,1743168760,1,1,'CONFIRMED',0,0,'','EBF1E2',0,0,NULL,0,'',0),
(64,'39442416-c89b-562a-bf12-7c38c8b50f93',5,5,1744308000,1744311600,'Europe/Amsterdam',0,'Parisian, Ferry and Breitenberg',NULL,'',0,NULL,1743168760,1743168760,1,1,'CONFIRMED',0,0,'','EBF1E2',0,0,NULL,0,'',1),
(65,'39442416-c89b-562a-bf12-7c38c8b50f93',1,1,1744308000,1744311600,'Europe/Amsterdam',0,'Parisian, Ferry and Breitenberg',NULL,'',0,NULL,1743168760,1743168760,1,1,'CONFIRMED',0,0,'','EBF1E2',0,0,NULL,0,'',0),
(66,'fdad1a3d-767c-5529-b5a3-3bae365fe1af',5,5,1742983200,1742986800,'Europe/Amsterdam',0,'Ryan, Mosciski and Hudson',NULL,'Customer',0,NULL,1743168760,1743168760,1,1,'CONFIRMED',0,0,'','EBF1E2',0,0,NULL,0,'',1),
(67,'fdad1a3d-767c-5529-b5a3-3bae365fe1af',8,8,1742983200,1742986800,'Europe/Amsterdam',0,'Ryan, Mosciski and Hudson',NULL,'Customer',0,NULL,1743168760,1743168760,1,1,'CONFIRMED',0,0,'','EBF1E2',0,0,NULL,0,'',0),
(68,'fdad1a3d-767c-5529-b5a3-3bae365fe1af',9,9,1742983200,1742986800,'Europe/Amsterdam',0,'Ryan, Mosciski and Hudson',NULL,'Customer',0,NULL,1743168760,1743168760,1,1,'CONFIRMED',0,0,'','EBF1E2',0,0,NULL,0,'',0),
(69,'51e8fba8-27f2-50f3-bfa7-cb22f759f233',5,5,1744218000,1744221600,'Europe/Amsterdam',0,'Zieme, Miller and Gislason',NULL,'Customer',0,NULL,1743168760,1743168760,1,1,'CONFIRMED',0,0,'','EBF1E2',0,0,NULL,0,'',1),
(70,'51e8fba8-27f2-50f3-bfa7-cb22f759f233',1,1,1744218000,1744221600,'Europe/Amsterdam',0,'Zieme, Miller and Gislason',NULL,'Customer',0,NULL,1743168760,1743168760,1,1,'CONFIRMED',0,0,'','EBF1E2',0,0,NULL,0,'',0),
(71,'51e8fba8-27f2-50f3-bfa7-cb22f759f233',2,2,1744218000,1744221600,'Europe/Amsterdam',0,'Zieme, Miller and Gislason',NULL,'Customer',0,NULL,1743168760,1743168760,1,1,'CONFIRMED',0,0,'','EBF1E2',0,0,NULL,0,'',0),
(72,'f8c25be7-22d2-56a7-90f1-8e92394b7692',6,6,1744390800,1744394400,'Europe/Amsterdam',0,'Wolff, Hills and Bayer',NULL,'',0,NULL,1743168760,1743168760,1,1,'CONFIRMED',0,0,'','EBF1E2',0,0,NULL,0,'',1),
(73,'f8c25be7-22d2-56a7-90f1-8e92394b7692',5,5,1744390800,1744394400,'Europe/Amsterdam',0,'Wolff, Hills and Bayer',NULL,'',0,NULL,1743168760,1743168760,1,1,'CONFIRMED',0,0,'','EBF1E2',0,0,NULL,0,'',0),
(74,'f8c25be7-22d2-56a7-90f1-8e92394b7692',10,10,1744390800,1744394400,'Europe/Amsterdam',0,'Wolff, Hills and Bayer',NULL,'',0,NULL,1743168760,1743168760,1,1,'CONFIRMED',0,0,'','EBF1E2',0,0,NULL,0,'',0),
(75,'38addf4b-775c-5665-896d-364ed6943220',6,6,1743328800,1743332400,'Europe/Amsterdam',0,'Quitzon-Runte',NULL,'Office',0,NULL,1743168761,1743168761,1,1,'CONFIRMED',0,0,'','EBF1E2',0,0,NULL,0,'',1),
(76,'38addf4b-775c-5665-896d-364ed6943220',1,1,1743328800,1743332400,'Europe/Amsterdam',0,'Quitzon-Runte',NULL,'Office',0,NULL,1743168761,1743168761,1,1,'CONFIRMED',0,0,'','EBF1E2',0,0,NULL,0,'',0),
(77,'38addf4b-775c-5665-896d-364ed6943220',4,4,1743328800,1743332400,'Europe/Amsterdam',0,'Quitzon-Runte',NULL,'Office',0,NULL,1743168761,1743168761,1,1,'CONFIRMED',0,0,'','EBF1E2',0,0,NULL,0,'',0),
(78,'d6685aca-f289-5ae0-b04e-c94982e04a98',6,6,1744293600,1744297200,'Europe/Amsterdam',0,'Bauch-Ryan',NULL,'Office',0,NULL,1743168761,1743168761,1,1,'CONFIRMED',0,0,'','EBF1E2',0,0,NULL,0,'',1),
(79,'d6685aca-f289-5ae0-b04e-c94982e04a98',9,9,1744293600,1744297200,'Europe/Amsterdam',0,'Bauch-Ryan',NULL,'Office',0,NULL,1743168761,1743168761,1,1,'CONFIRMED',0,0,'','EBF1E2',0,0,NULL,0,'',0),
(80,'d6685aca-f289-5ae0-b04e-c94982e04a98',3,3,1744293600,1744297200,'Europe/Amsterdam',0,'Bauch-Ryan',NULL,'Office',0,NULL,1743168761,1743168761,1,1,'CONFIRMED',0,0,'','EBF1E2',0,0,NULL,0,'',0),
(81,'2de3f966-d106-5d05-8065-63a832af4d4d',6,6,1742914800,1742918400,'Europe/Amsterdam',0,'Ziemann LLC',NULL,'Customer',0,NULL,1743168761,1743168761,1,1,'CONFIRMED',0,0,'','EBF1E2',0,0,NULL,0,'',1),
(82,'2de3f966-d106-5d05-8065-63a832af4d4d',4,4,1742914800,1742918400,'Europe/Amsterdam',0,'Ziemann LLC',NULL,'Customer',0,NULL,1743168761,1743168761,1,1,'CONFIRMED',0,0,'','EBF1E2',0,0,NULL,0,'',0),
(83,'e573a84f-b3af-5858-834f-fc22b1f58c51',6,6,1743771600,1743775200,'Europe/Amsterdam',0,'Pacocha-Farrell',NULL,'Customer',0,NULL,1743168761,1743168761,1,1,'CONFIRMED',0,0,'','EBF1E2',0,0,NULL,0,'',1),
(84,'e573a84f-b3af-5858-834f-fc22b1f58c51',4,4,1743771600,1743775200,'Europe/Amsterdam',0,'Pacocha-Farrell',NULL,'Customer',0,NULL,1743168761,1743168761,1,1,'CONFIRMED',0,0,'','EBF1E2',0,0,NULL,0,'',0),
(85,'1c87d699-9c3f-5b6c-9d8e-39829e3a4acc',7,7,1744549200,1744552800,'Europe/Amsterdam',0,'Boyer, Morissette and Denesik',NULL,'Customer',0,NULL,1743168761,1743168761,1,1,'CONFIRMED',0,0,'','EBF1E2',0,0,NULL,0,'',1),
(86,'1c87d699-9c3f-5b6c-9d8e-39829e3a4acc',10,10,1744549200,1744552800,'Europe/Amsterdam',0,'Boyer, Morissette and Denesik',NULL,'Customer',0,NULL,1743168761,1743168761,1,1,'CONFIRMED',0,0,'','EBF1E2',0,0,NULL,0,'',0),
(87,'1c87d699-9c3f-5b6c-9d8e-39829e3a4acc',3,3,1744549200,1744552800,'Europe/Amsterdam',0,'Boyer, Morissette and Denesik',NULL,'Customer',0,NULL,1743168761,1743168761,1,1,'CONFIRMED',0,0,'','EBF1E2',0,0,NULL,0,'',0),
(88,'20bfae8e-6559-581f-abf2-4bcf6cc7e391',7,7,1744056000,1744059600,'Europe/Amsterdam',0,'Christiansen-Cruickshank',NULL,'Online',0,NULL,1743168761,1743168761,1,1,'CONFIRMED',0,0,'','EBF1E2',0,0,NULL,0,'',1),
(89,'20bfae8e-6559-581f-abf2-4bcf6cc7e391',6,6,1744056000,1744059600,'Europe/Amsterdam',0,'Christiansen-Cruickshank',NULL,'Online',0,NULL,1743168761,1743168761,1,1,'CONFIRMED',0,0,'','EBF1E2',0,0,NULL,0,'',0),
(90,'20bfae8e-6559-581f-abf2-4bcf6cc7e391',8,8,1744056000,1744059600,'Europe/Amsterdam',0,'Christiansen-Cruickshank',NULL,'Online',0,NULL,1743168761,1743168761,1,1,'CONFIRMED',0,0,'','EBF1E2',0,0,NULL,0,'',0),
(91,'253bb07f-fae6-56c6-9ae3-1b8fa29da6bc',7,7,1743930000,1743933600,'Europe/Amsterdam',0,'Blick-Dooley',NULL,'',0,NULL,1743168761,1743168761,1,1,'CONFIRMED',0,0,'','EBF1E2',0,0,NULL,0,'',1),
(92,'253bb07f-fae6-56c6-9ae3-1b8fa29da6bc',8,8,1743930000,1743933600,'Europe/Amsterdam',0,'Blick-Dooley',NULL,'',0,NULL,1743168761,1743168761,1,1,'CONFIRMED',0,0,'','EBF1E2',0,0,NULL,0,'',0),
(93,'26e8a6da-edcb-53d8-a88c-4ad4814f991f',7,7,1744383600,1744387200,'Europe/Amsterdam',0,'Altenwerth-Carroll',NULL,'',0,NULL,1743168761,1743168761,1,1,'CONFIRMED',0,0,'','EBF1E2',0,0,NULL,0,'',1),
(94,'26e8a6da-edcb-53d8-a88c-4ad4814f991f',3,3,1744383600,1744387200,'Europe/Amsterdam',0,'Altenwerth-Carroll',NULL,'',0,NULL,1743168761,1743168761,1,1,'CONFIRMED',0,0,'','EBF1E2',0,0,NULL,0,'',0),
(95,'26e8a6da-edcb-53d8-a88c-4ad4814f991f',9,9,1744383600,1744387200,'Europe/Amsterdam',0,'Altenwerth-Carroll',NULL,'',0,NULL,1743168762,1743168761,1,1,'CONFIRMED',0,0,'','EBF1E2',0,0,NULL,0,'',0),
(96,'46390833-3a82-534a-aa38-5cc9139bd277',7,7,1743102000,1743105600,'Europe/Amsterdam',0,'Huels, Schaefer and Lindgren',NULL,'',0,NULL,1743168762,1743168762,1,1,'CONFIRMED',0,0,'','EBF1E2',0,0,NULL,0,'',1),
(97,'46390833-3a82-534a-aa38-5cc9139bd277',9,9,1743102000,1743105600,'Europe/Amsterdam',0,'Huels, Schaefer and Lindgren',NULL,'',0,NULL,1743168762,1743168762,1,1,'CONFIRMED',0,0,'','EBF1E2',0,0,NULL,0,'',0),
(98,'46390833-3a82-534a-aa38-5cc9139bd277',6,6,1743102000,1743105600,'Europe/Amsterdam',0,'Huels, Schaefer and Lindgren',NULL,'',0,NULL,1743168762,1743168762,1,1,'CONFIRMED',0,0,'','EBF1E2',0,0,NULL,0,'',0),
(99,'c5f86ac9-feeb-5e22-ab9d-6197bf126e92',8,8,1743966000,1743969600,'Europe/Amsterdam',0,'Nicolas Ltd',NULL,'Customer',0,NULL,1743168762,1743168762,1,1,'CONFIRMED',0,0,'','EBF1E2',0,0,NULL,0,'',1),
(100,'c5f86ac9-feeb-5e22-ab9d-6197bf126e92',4,4,1743966000,1743969600,'Europe/Amsterdam',0,'Nicolas Ltd',NULL,'Customer',0,NULL,1743168762,1743168762,1,1,'CONFIRMED',0,0,'','EBF1E2',0,0,NULL,0,'',0),
(101,'c5f86ac9-feeb-5e22-ab9d-6197bf126e92',5,5,1743966000,1743969600,'Europe/Amsterdam',0,'Nicolas Ltd',NULL,'Customer',0,NULL,1743168762,1743168762,1,1,'CONFIRMED',0,0,'','EBF1E2',0,0,NULL,0,'',0),
(102,'41868843-c2ec-567a-893f-ef9135ab01f4',8,8,1743170400,1743174000,'Europe/Amsterdam',0,'Hintz-Koch',NULL,'Online',0,NULL,1743168762,1743168762,1,1,'CONFIRMED',0,0,'','EBF1E2',0,0,NULL,0,'',1),
(103,'41868843-c2ec-567a-893f-ef9135ab01f4',3,3,1743170400,1743174000,'Europe/Amsterdam',0,'Hintz-Koch',NULL,'Online',0,NULL,1743168762,1743168762,1,1,'CONFIRMED',0,0,'','EBF1E2',0,0,NULL,0,'',0),
(104,'e8e5a744-e32d-54da-844d-9413b8046a81',8,8,1744131600,1744135200,'Europe/Amsterdam',0,'Green-Braun',NULL,'Customer',0,NULL,1743168762,1743168762,1,1,'CONFIRMED',0,0,'','EBF1E2',0,0,NULL,0,'',1),
(105,'e8e5a744-e32d-54da-844d-9413b8046a81',5,5,1744131600,1744135200,'Europe/Amsterdam',0,'Green-Braun',NULL,'Customer',0,NULL,1743168762,1743168762,1,1,'CONFIRMED',0,0,'','EBF1E2',0,0,NULL,0,'',0),
(106,'e8e5a744-e32d-54da-844d-9413b8046a81',7,7,1744131600,1744135200,'Europe/Amsterdam',0,'Green-Braun',NULL,'Customer',0,NULL,1743168762,1743168762,1,1,'CONFIRMED',0,0,'','EBF1E2',0,0,NULL,0,'',0),
(107,'a5177be9-f4c0-5640-b462-df3ca6d0fb95',8,8,1743764400,1743768000,'Europe/Amsterdam',0,'Hills, Spencer and Mann',NULL,'Online',0,NULL,1743168762,1743168762,1,1,'CONFIRMED',0,0,'','EBF1E2',0,0,NULL,0,'',1),
(108,'a5177be9-f4c0-5640-b462-df3ca6d0fb95',1,1,1743764400,1743768000,'Europe/Amsterdam',0,'Hills, Spencer and Mann',NULL,'Online',0,NULL,1743168762,1743168762,1,1,'CONFIRMED',0,0,'','EBF1E2',0,0,NULL,0,'',0),
(109,'a5177be9-f4c0-5640-b462-df3ca6d0fb95',4,4,1743764400,1743768000,'Europe/Amsterdam',0,'Hills, Spencer and Mann',NULL,'Online',0,NULL,1743168762,1743168762,1,1,'CONFIRMED',0,0,'','EBF1E2',0,0,NULL,0,'',0),
(110,'3c1ac064-8877-5cd7-b262-202f82e40ee5',8,8,1743948000,1743951600,'Europe/Amsterdam',0,'Herman, Farrell and Fisher',NULL,'Online',0,NULL,1743168762,1743168762,1,1,'CONFIRMED',0,0,'','EBF1E2',0,0,NULL,0,'',1),
(111,'3c1ac064-8877-5cd7-b262-202f82e40ee5',4,4,1743948000,1743951600,'Europe/Amsterdam',0,'Herman, Farrell and Fisher',NULL,'Online',0,NULL,1743168762,1743168762,1,1,'CONFIRMED',0,0,'','EBF1E2',0,0,NULL,0,'',0),
(112,'3c1ac064-8877-5cd7-b262-202f82e40ee5',2,2,1743948000,1743951600,'Europe/Amsterdam',0,'Herman, Farrell and Fisher',NULL,'Online',0,NULL,1743168762,1743168762,1,1,'CONFIRMED',0,0,'','EBF1E2',0,0,NULL,0,'',0),
(113,'2bb03261-71d8-5893-bfb7-0291e95c647e',9,9,1744441200,1744444800,'Europe/Amsterdam',0,'Torp and Sons',NULL,'Office',0,NULL,1743168762,1743168762,1,1,'CONFIRMED',0,0,'','EBF1E2',0,0,NULL,0,'',1),
(114,'2bb03261-71d8-5893-bfb7-0291e95c647e',7,7,1744441200,1744444800,'Europe/Amsterdam',0,'Torp and Sons',NULL,'Office',0,NULL,1743168762,1743168762,1,1,'CONFIRMED',0,0,'','EBF1E2',0,0,NULL,0,'',0),
(115,'2bb03261-71d8-5893-bfb7-0291e95c647e',1,1,1744441200,1744444800,'Europe/Amsterdam',0,'Torp and Sons',NULL,'Office',0,NULL,1743168762,1743168762,1,1,'CONFIRMED',0,0,'','EBF1E2',0,0,NULL,0,'',0),
(116,'1eaeef31-def8-5d70-8192-626d4a2febd2',9,9,1744473600,1744477200,'Europe/Amsterdam',0,'Koepp, Schinner and Reichert',NULL,'',0,NULL,1743168763,1743168763,1,1,'CONFIRMED',0,0,'','EBF1E2',0,0,NULL,0,'',1),
(117,'1eaeef31-def8-5d70-8192-626d4a2febd2',4,4,1744473600,1744477200,'Europe/Amsterdam',0,'Koepp, Schinner and Reichert',NULL,'',0,NULL,1743168763,1743168763,1,1,'CONFIRMED',0,0,'','EBF1E2',0,0,NULL,0,'',0),
(118,'1eaeef31-def8-5d70-8192-626d4a2febd2',6,6,1744473600,1744477200,'Europe/Amsterdam',0,'Koepp, Schinner and Reichert',NULL,'',0,NULL,1743168763,1743168763,1,1,'CONFIRMED',0,0,'','EBF1E2',0,0,NULL,0,'',0),
(119,'8c017e53-d37d-5700-ae58-c295a6aae44e',9,9,1743678000,1743681600,'Europe/Amsterdam',0,'Wolff Ltd',NULL,'Customer',0,NULL,1743168763,1743168763,1,1,'CONFIRMED',0,0,'','EBF1E2',0,0,NULL,0,'',1),
(120,'8c017e53-d37d-5700-ae58-c295a6aae44e',2,2,1743678000,1743681600,'Europe/Amsterdam',0,'Wolff Ltd',NULL,'Customer',0,NULL,1743168763,1743168763,1,1,'CONFIRMED',0,0,'','EBF1E2',0,0,NULL,0,'',0),
(121,'8c017e53-d37d-5700-ae58-c295a6aae44e',1,1,1743678000,1743681600,'Europe/Amsterdam',0,'Wolff Ltd',NULL,'Customer',0,NULL,1743168763,1743168763,1,1,'CONFIRMED',0,0,'','EBF1E2',0,0,NULL,0,'',0),
(122,'adc6065a-9c08-5401-ba7c-db677b7d83ab',9,9,1743922800,1743926400,'Europe/Amsterdam',0,'Purdy and Sons',NULL,'Office',0,NULL,1743168763,1743168763,1,1,'CONFIRMED',0,0,'','EBF1E2',0,0,NULL,0,'',1),
(123,'adc6065a-9c08-5401-ba7c-db677b7d83ab',7,7,1743922800,1743926400,'Europe/Amsterdam',0,'Purdy and Sons',NULL,'Office',0,NULL,1743168763,1743168763,1,1,'CONFIRMED',0,0,'','EBF1E2',0,0,NULL,0,'',0),
(124,'7eba6d1e-0247-55a1-b72c-0bcb9697c114',9,9,1743699600,1743703200,'Europe/Amsterdam',0,'Hane-Lesch',NULL,'Office',0,NULL,1743168763,1743168763,1,1,'CONFIRMED',0,0,'','EBF1E2',0,0,NULL,0,'',1),
(125,'7eba6d1e-0247-55a1-b72c-0bcb9697c114',10,10,1743699600,1743703200,'Europe/Amsterdam',0,'Hane-Lesch',NULL,'Office',0,NULL,1743168763,1743168763,1,1,'CONFIRMED',0,0,'','EBF1E2',0,0,NULL,0,'',0),
(126,'fcf14ddf-296a-5a8c-af7a-c471db32f57b',10,10,1743073200,1743076800,'Europe/Amsterdam',0,'McClure-Aufderhar',NULL,'Customer',0,NULL,1743168763,1743168763,1,1,'CONFIRMED',0,0,'','EBF1E2',0,0,NULL,0,'',1),
(127,'fcf14ddf-296a-5a8c-af7a-c471db32f57b',8,8,1743073200,1743076800,'Europe/Amsterdam',0,'McClure-Aufderhar',NULL,'Customer',0,NULL,1743168763,1743168763,1,1,'CONFIRMED',0,0,'','EBF1E2',0,0,NULL,0,'',0),
(128,'1a6413f2-9d6c-5f66-81be-e3594c0809d8',10,10,1744372800,1744376400,'Europe/Amsterdam',0,'Marquardt, Ratke and Kuvalis',NULL,'',0,NULL,1743168763,1743168763,1,1,'CONFIRMED',0,0,'','EBF1E2',0,0,NULL,0,'',1),
(129,'1a6413f2-9d6c-5f66-81be-e3594c0809d8',8,8,1744372800,1744376400,'Europe/Amsterdam',0,'Marquardt, Ratke and Kuvalis',NULL,'',0,NULL,1743168763,1743168763,1,1,'CONFIRMED',0,0,'','EBF1E2',0,0,NULL,0,'',0),
(130,'1a6413f2-9d6c-5f66-81be-e3594c0809d8',7,7,1744372800,1744376400,'Europe/Amsterdam',0,'Marquardt, Ratke and Kuvalis',NULL,'',0,NULL,1743168763,1743168763,1,1,'CONFIRMED',0,0,'','EBF1E2',0,0,NULL,0,'',0),
(131,'90a7e8d3-3edc-5b89-b3d8-2d8f695e781f',10,10,1744102800,1744106400,'Europe/Amsterdam',0,'Murray, Hudson and Kshlerin',NULL,'Online',0,NULL,1743168763,1743168763,1,1,'CONFIRMED',0,0,'','EBF1E2',0,0,NULL,0,'',1),
(132,'90a7e8d3-3edc-5b89-b3d8-2d8f695e781f',2,2,1744102800,1744106400,'Europe/Amsterdam',0,'Murray, Hudson and Kshlerin',NULL,'Online',0,NULL,1743168763,1743168763,1,1,'CONFIRMED',0,0,'','EBF1E2',0,0,NULL,0,'',0),
(133,'90a7e8d3-3edc-5b89-b3d8-2d8f695e781f',3,3,1744102800,1744106400,'Europe/Amsterdam',0,'Murray, Hudson and Kshlerin',NULL,'Online',0,NULL,1743168763,1743168763,1,1,'CONFIRMED',0,0,'','EBF1E2',0,0,NULL,0,'',0),
(134,'a3536e84-6837-568b-a507-a5fe8de5a6b1',10,10,1742900400,1742904000,'Europe/Amsterdam',0,'Gerhold-Hand',NULL,'',0,NULL,1743168764,1743168764,1,1,'CONFIRMED',0,0,'','EBF1E2',0,0,NULL,0,'',1),
(135,'a3536e84-6837-568b-a507-a5fe8de5a6b1',8,8,1742900400,1742904000,'Europe/Amsterdam',0,'Gerhold-Hand',NULL,'',0,NULL,1743168764,1743168764,1,1,'CONFIRMED',0,0,'','EBF1E2',0,0,NULL,0,'',0),
(136,'a3536e84-6837-568b-a507-a5fe8de5a6b1',9,9,1742900400,1742904000,'Europe/Amsterdam',0,'Gerhold-Hand',NULL,'',0,NULL,1743168764,1743168764,1,1,'CONFIRMED',0,0,'','EBF1E2',0,0,NULL,0,'',0),
(137,'30f2ca72-ba7b-598d-9dfb-8ebeab7204e0',10,10,1744135200,1744138800,'Europe/Amsterdam',0,'Aufderhar LLC',NULL,'Office',0,NULL,1743168764,1743168764,1,1,'CONFIRMED',0,0,'','EBF1E2',0,0,NULL,0,'',1),
(138,'30f2ca72-ba7b-598d-9dfb-8ebeab7204e0',2,2,1744135200,1744138800,'Europe/Amsterdam',0,'Aufderhar LLC',NULL,'Office',0,NULL,1743168764,1743168764,1,1,'CONFIRMED',0,0,'','EBF1E2',0,0,NULL,0,'',0),
(139,'ccfc931b-dcc6-59e8-818c-eb2b379f4755',11,11,1743595200,1743598800,'Europe/Amsterdam',0,'Beatty, Bergnaum and Runolfsson',NULL,'Online',0,NULL,1743168764,1743168764,1,1,'CONFIRMED',0,0,'','EBF1E2',0,0,NULL,0,'',1),
(140,'ccfc931b-dcc6-59e8-818c-eb2b379f4755',8,8,1743595200,1743598800,'Europe/Amsterdam',0,'Beatty, Bergnaum and Runolfsson',NULL,'Online',0,NULL,1743168764,1743168764,1,1,'CONFIRMED',0,0,'','EBF1E2',0,0,NULL,0,'',0),
(141,'94ff6395-ddca-524b-9921-d595edac613d',11,11,1743577200,1743580800,'Europe/Amsterdam',0,'Lynch-Greenholt',NULL,'Online',0,NULL,1743168764,1743168764,1,1,'CONFIRMED',0,0,'','EBF1E2',0,0,NULL,0,'',1),
(142,'94ff6395-ddca-524b-9921-d595edac613d',4,4,1743577200,1743580800,'Europe/Amsterdam',0,'Lynch-Greenholt',NULL,'Online',0,NULL,1743168764,1743168764,1,1,'CONFIRMED',0,0,'','EBF1E2',0,0,NULL,0,'',0),
(143,'94ff6395-ddca-524b-9921-d595edac613d',7,7,1743577200,1743580800,'Europe/Amsterdam',0,'Lynch-Greenholt',NULL,'Online',0,NULL,1743168764,1743168764,1,1,'CONFIRMED',0,0,'','EBF1E2',0,0,NULL,0,'',0),
(144,'3eb1e384-7519-56ef-a42d-cb7d23a1cb9b',11,11,1743667200,1743670800,'Europe/Amsterdam',0,'Goldner, Barton and Dach',NULL,'Office',0,NULL,1743168764,1743168764,1,1,'CONFIRMED',0,0,'','EBF1E2',0,0,NULL,0,'',1),
(145,'3eb1e384-7519-56ef-a42d-cb7d23a1cb9b',4,4,1743667200,1743670800,'Europe/Amsterdam',0,'Goldner, Barton and Dach',NULL,'Office',0,NULL,1743168764,1743168764,1,1,'CONFIRMED',0,0,'','EBF1E2',0,0,NULL,0,'',0),
(146,'3eb1e384-7519-56ef-a42d-cb7d23a1cb9b',5,5,1743667200,1743670800,'Europe/Amsterdam',0,'Goldner, Barton and Dach',NULL,'Office',0,NULL,1743168764,1743168764,1,1,'CONFIRMED',0,0,'','EBF1E2',0,0,NULL,0,'',0),
(147,'e5c262da-a2e2-5ed1-a5c8-b0cc8de7c38a',11,11,1743490800,1743494400,'Europe/Amsterdam',0,'Hintz PLC',NULL,'Online',0,NULL,1743168764,1743168764,1,1,'CONFIRMED',0,0,'','EBF1E2',0,0,NULL,0,'',1),
(148,'e5c262da-a2e2-5ed1-a5c8-b0cc8de7c38a',5,5,1743490800,1743494400,'Europe/Amsterdam',0,'Hintz PLC',NULL,'Online',0,NULL,1743168764,1743168764,1,1,'CONFIRMED',0,0,'','EBF1E2',0,0,NULL,0,'',0),
(149,'e5c262da-a2e2-5ed1-a5c8-b0cc8de7c38a',1,1,1743490800,1743494400,'Europe/Amsterdam',0,'Hintz PLC',NULL,'Online',0,NULL,1743168764,1743168764,1,1,'CONFIRMED',0,0,'','EBF1E2',0,0,NULL,0,'',0),
(150,'2fdd9fbd-6a9b-5f61-a001-f2117afae1f0',11,11,1743854400,1743858000,'Europe/Amsterdam',0,'Cruickshank-Terry',NULL,'Customer',0,NULL,1743168764,1743168764,1,1,'CONFIRMED',0,0,'','EBF1E2',0,0,NULL,0,'',1),
(151,'2fdd9fbd-6a9b-5f61-a001-f2117afae1f0',9,9,1743854400,1743858000,'Europe/Amsterdam',0,'Cruickshank-Terry',NULL,'Customer',0,NULL,1743168764,1743168764,1,1,'CONFIRMED',0,0,'','EBF1E2',0,0,NULL,0,'',0),
(152,'49d893a9-ffd0-56c7-9aad-68f94b168eb3',12,12,1743447600,1743451200,'Europe/Amsterdam',0,'Bergnaum, Hammes and Hettinger',NULL,'Office',0,NULL,1743168764,1743168764,1,1,'CONFIRMED',0,0,'','EBF1E2',0,0,NULL,0,'',1),
(153,'49d893a9-ffd0-56c7-9aad-68f94b168eb3',10,10,1743447600,1743451200,'Europe/Amsterdam',0,'Bergnaum, Hammes and Hettinger',NULL,'Office',0,NULL,1743168765,1743168764,1,1,'CONFIRMED',0,0,'','EBF1E2',0,0,NULL,0,'',0),
(154,'49d893a9-ffd0-56c7-9aad-68f94b168eb3',3,3,1743447600,1743451200,'Europe/Amsterdam',0,'Bergnaum, Hammes and Hettinger',NULL,'Office',0,NULL,1743168765,1743168764,1,1,'CONFIRMED',0,0,'','EBF1E2',0,0,NULL,0,'',0),
(155,'c936cfe5-3b6f-5eb4-bf22-5f2eb8208ca1',12,12,1743505200,1743508800,'Europe/Amsterdam',0,'Hill-Gislason',NULL,'Online',0,NULL,1743168765,1743168765,1,1,'CONFIRMED',0,0,'','EBF1E2',0,0,NULL,0,'',1),
(156,'c936cfe5-3b6f-5eb4-bf22-5f2eb8208ca1',4,4,1743505200,1743508800,'Europe/Amsterdam',0,'Hill-Gislason',NULL,'Online',0,NULL,1743168765,1743168765,1,1,'CONFIRMED',0,0,'','EBF1E2',0,0,NULL,0,'',0),
(157,'0aaa4fcb-f0f0-5fa0-ad1f-51c9579abc44',12,12,1743505200,1743508800,'Europe/Amsterdam',0,'Hill, Koelpin and Pacocha',NULL,'Customer',0,NULL,1743168765,1743168765,1,1,'CONFIRMED',0,0,'','EBF1E2',0,0,NULL,0,'',1),
(158,'0aaa4fcb-f0f0-5fa0-ad1f-51c9579abc44',3,3,1743505200,1743508800,'Europe/Amsterdam',0,'Hill, Koelpin and Pacocha',NULL,'Customer',0,NULL,1743168765,1743168765,1,1,'CONFIRMED',0,0,'','EBF1E2',0,0,NULL,0,'',0),
(159,'0aaa4fcb-f0f0-5fa0-ad1f-51c9579abc44',7,7,1743505200,1743508800,'Europe/Amsterdam',0,'Hill, Koelpin and Pacocha',NULL,'Customer',0,NULL,1743168765,1743168765,1,1,'CONFIRMED',0,0,'','EBF1E2',0,0,NULL,0,'',0),
(160,'0ab62ffb-e679-5616-8587-6005c62fd2a2',12,12,1742896800,1742900400,'Europe/Amsterdam',0,'Koch, Gorczany and Murphy',NULL,'',0,NULL,1743168765,1743168765,1,1,'CONFIRMED',0,0,'','EBF1E2',0,0,NULL,0,'',1),
(161,'0ab62ffb-e679-5616-8587-6005c62fd2a2',10,10,1742896800,1742900400,'Europe/Amsterdam',0,'Koch, Gorczany and Murphy',NULL,'',0,NULL,1743168765,1743168765,1,1,'CONFIRMED',0,0,'','EBF1E2',0,0,NULL,0,'',0),
(162,'0ab62ffb-e679-5616-8587-6005c62fd2a2',2,2,1742896800,1742900400,'Europe/Amsterdam',0,'Koch, Gorczany and Murphy',NULL,'',0,NULL,1743168765,1743168765,1,1,'CONFIRMED',0,0,'','EBF1E2',0,0,NULL,0,'',0),
(163,'2cfb82c7-8495-5868-957a-ac6743bd3fa1',12,12,1743339600,1743343200,'Europe/Amsterdam',0,'Simonis, Kuhlman and Prosacco',NULL,'Office',0,NULL,1743168765,1743168765,1,1,'CONFIRMED',0,0,'','EBF1E2',0,0,NULL,0,'',1),
(164,'2cfb82c7-8495-5868-957a-ac6743bd3fa1',3,3,1743339600,1743343200,'Europe/Amsterdam',0,'Simonis, Kuhlman and Prosacco',NULL,'Office',0,NULL,1743168765,1743168765,1,1,'CONFIRMED',0,0,'','EBF1E2',0,0,NULL,0,'',0),
(165,'2cfb82c7-8495-5868-957a-ac6743bd3fa1',5,5,1743339600,1743343200,'Europe/Amsterdam',0,'Simonis, Kuhlman and Prosacco',NULL,'Office',0,NULL,1743168765,1743168765,1,1,'CONFIRMED',0,0,'','EBF1E2',0,0,NULL,0,'',0);
/*!40000 ALTER TABLE `cal_events` ENABLE KEYS */;
UNLOCK TABLES;

--
-- Table structure for table `cal_events_custom_fields`
--

DROP TABLE IF EXISTS `cal_events_custom_fields`;
/*!40101 SET @saved_cs_client     = @@character_set_client */;
/*!40101 SET character_set_client = utf8 */;
CREATE TABLE `cal_events_custom_fields` (
  `id` int(11) NOT NULL,
  PRIMARY KEY (`id`),
  CONSTRAINT `cal_events_custom_fields_ibfk_1` FOREIGN KEY (`id`) REFERENCES `cal_events` (`id`) ON DELETE CASCADE
) ENGINE=InnoDB DEFAULT CHARSET=utf8mb4 COLLATE=utf8mb4_uca1400_ai_ci ROW_FORMAT=COMPACT;
/*!40101 SET character_set_client = @saved_cs_client */;

--
-- Dumping data for table `cal_events_custom_fields`
--

LOCK TABLES `cal_events_custom_fields` WRITE;
/*!40000 ALTER TABLE `cal_events_custom_fields` DISABLE KEYS */;
/*!40000 ALTER TABLE `cal_events_custom_fields` ENABLE KEYS */;
UNLOCK TABLES;

--
-- Table structure for table `cal_events_declined`
--

DROP TABLE IF EXISTS `cal_events_declined`;
/*!40101 SET @saved_cs_client     = @@character_set_client */;
/*!40101 SET character_set_client = utf8 */;
CREATE TABLE `cal_events_declined` (
  `uid` varchar(190) NOT NULL,
  `email` varchar(100) NOT NULL,
  PRIMARY KEY (`uid`,`email`)
) ENGINE=InnoDB DEFAULT CHARSET=utf8mb4 COLLATE=utf8mb4_unicode_ci;
/*!40101 SET character_set_client = @saved_cs_client */;

--
-- Dumping data for table `cal_events_declined`
--

LOCK TABLES `cal_events_declined` WRITE;
/*!40000 ALTER TABLE `cal_events_declined` DISABLE KEYS */;
/*!40000 ALTER TABLE `cal_events_declined` ENABLE KEYS */;
UNLOCK TABLES;

--
-- Table structure for table `cal_exceptions`
--

DROP TABLE IF EXISTS `cal_exceptions`;
/*!40101 SET @saved_cs_client     = @@character_set_client */;
/*!40101 SET character_set_client = utf8 */;
CREATE TABLE `cal_exceptions` (
  `id` int(11) NOT NULL AUTO_INCREMENT,
  `event_id` int(11) NOT NULL DEFAULT 0,
  `time` int(11) NOT NULL DEFAULT 0,
  `exception_event_id` int(11) NOT NULL DEFAULT 0,
  `user_id` int(11) NOT NULL DEFAULT 0,
  `muser_id` int(11) NOT NULL DEFAULT 0,
  `ctime` int(11) NOT NULL DEFAULT 0,
  `mtime` int(11) NOT NULL DEFAULT 0,
  PRIMARY KEY (`id`),
  KEY `event_id` (`event_id`)
) ENGINE=InnoDB DEFAULT CHARSET=utf8mb4 COLLATE=utf8mb4_unicode_ci;
/*!40101 SET character_set_client = @saved_cs_client */;

--
-- Dumping data for table `cal_exceptions`
--

LOCK TABLES `cal_exceptions` WRITE;
/*!40000 ALTER TABLE `cal_exceptions` DISABLE KEYS */;
/*!40000 ALTER TABLE `cal_exceptions` ENABLE KEYS */;
UNLOCK TABLES;

--
-- Table structure for table `cal_group_admins`
--

DROP TABLE IF EXISTS `cal_group_admins`;
/*!40101 SET @saved_cs_client     = @@character_set_client */;
/*!40101 SET character_set_client = utf8 */;
CREATE TABLE `cal_group_admins` (
  `group_id` int(11) NOT NULL,
  `user_id` int(11) NOT NULL,
  PRIMARY KEY (`group_id`,`user_id`)
) ENGINE=InnoDB DEFAULT CHARSET=utf8mb4 COLLATE=utf8mb4_unicode_ci;
/*!40101 SET character_set_client = @saved_cs_client */;

--
-- Dumping data for table `cal_group_admins`
--

LOCK TABLES `cal_group_admins` WRITE;
/*!40000 ALTER TABLE `cal_group_admins` DISABLE KEYS */;
INSERT INTO `cal_group_admins` VALUES
(2,10);
/*!40000 ALTER TABLE `cal_group_admins` ENABLE KEYS */;
UNLOCK TABLES;

--
-- Table structure for table `cal_groups`
--

DROP TABLE IF EXISTS `cal_groups`;
/*!40101 SET @saved_cs_client     = @@character_set_client */;
/*!40101 SET character_set_client = utf8 */;
CREATE TABLE `cal_groups` (
  `id` int(11) NOT NULL AUTO_INCREMENT,
  `user_id` int(11) NOT NULL DEFAULT 0,
  `name` varchar(50) DEFAULT NULL,
  `fields` varchar(255) NOT NULL DEFAULT '',
  `show_not_as_busy` tinyint(1) NOT NULL DEFAULT 0,
  PRIMARY KEY (`id`)
) ENGINE=InnoDB AUTO_INCREMENT=3 DEFAULT CHARSET=utf8mb4 COLLATE=utf8mb4_unicode_ci;
/*!40101 SET character_set_client = @saved_cs_client */;

--
-- Dumping data for table `cal_groups`
--

LOCK TABLES `cal_groups` WRITE;
/*!40000 ALTER TABLE `cal_groups` DISABLE KEYS */;
INSERT INTO `cal_groups` VALUES
(1,1,'Calendars','',0),
(2,1,'Meeting rooms','',0);
/*!40000 ALTER TABLE `cal_groups` ENABLE KEYS */;
UNLOCK TABLES;

--
-- Table structure for table `cal_participants`
--

DROP TABLE IF EXISTS `cal_participants`;
/*!40101 SET @saved_cs_client     = @@character_set_client */;
/*!40101 SET character_set_client = utf8 */;
CREATE TABLE `cal_participants` (
  `id` int(11) NOT NULL AUTO_INCREMENT,
  `event_id` int(11) NOT NULL,
  `name` varchar(100) DEFAULT NULL,
  `email` varchar(100) DEFAULT NULL,
  `user_id` int(11) NOT NULL DEFAULT 0,
  `contact_id` int(11) NOT NULL DEFAULT 0,
  `status` varchar(50) NOT NULL DEFAULT 'NEEDS-ACTION',
  `last_modified` varchar(20) NOT NULL DEFAULT '',
  `is_organizer` tinyint(1) NOT NULL DEFAULT 0,
  `role` varchar(100) NOT NULL DEFAULT '',
  PRIMARY KEY (`id`),
  KEY `event_id` (`event_id`,`user_id`)
) ENGINE=InnoDB AUTO_INCREMENT=471 DEFAULT CHARSET=utf8mb4 COLLATE=utf8mb4_unicode_ci;
/*!40101 SET character_set_client = @saved_cs_client */;

--
-- Dumping data for table `cal_participants`
--

LOCK TABLES `cal_participants` WRITE;
/*!40000 ALTER TABLE `cal_participants` DISABLE KEYS */;
INSERT INTO `cal_participants` VALUES
(1,1,'System Administrator','admin@intermesh.localhost',1,0,'ACCEPTED','',1,''),
(2,1,'Prof. Johnny Kirlin','zzieme@botsford.com',6,0,'NEEDS-ACTION','',0,''),
(3,2,'System Administrator','admin@intermesh.localhost',1,0,'ACCEPTED','',1,''),
(4,2,'Prof. Johnny Kirlin','zzieme@botsford.com',6,0,'NEEDS-ACTION','',0,''),
(5,3,'System Administrator','admin@intermesh.localhost',1,0,'ACCEPTED','',1,''),
(6,3,'Mrs. Elizabeth Cartwright','nella.reichel@emmerich.com',10,0,'NEEDS-ACTION','',0,''),
(7,4,'System Administrator','admin@intermesh.localhost',1,0,'ACCEPTED','',1,''),
(8,4,'Mrs. Elizabeth Cartwright','nella.reichel@emmerich.com',10,0,'NEEDS-ACTION','',0,''),
(9,3,'Prof. Johnny Kirlin','zzieme@botsford.com',6,0,'NEEDS-ACTION','',0,''),
(10,5,'System Administrator','admin@intermesh.localhost',1,0,'ACCEPTED','',1,''),
(11,5,'Prof. Johnny Kirlin','zzieme@botsford.com',6,0,'NEEDS-ACTION','',0,''),
(12,5,'Mrs. Elizabeth Cartwright','nella.reichel@emmerich.com',10,0,'NEEDS-ACTION','',0,''),
(13,4,'Prof. Johnny Kirlin','zzieme@botsford.com',6,0,'NEEDS-ACTION','',0,''),
(14,6,'System Administrator','admin@intermesh.localhost',1,0,'ACCEPTED','',1,''),
(15,6,'Mrs. Elizabeth Cartwright','nella.reichel@emmerich.com',10,0,'NEEDS-ACTION','',0,''),
(16,7,'System Administrator','admin@intermesh.localhost',1,0,'ACCEPTED','',1,''),
(17,7,'Mrs. Elizabeth Cartwright','nella.reichel@emmerich.com',10,0,'NEEDS-ACTION','',0,''),
(18,6,'Mr. Jedidiah Tromp','lavada77@kiehn.org',3,0,'NEEDS-ACTION','',0,''),
(19,8,'System Administrator','admin@intermesh.localhost',1,0,'ACCEPTED','',1,''),
(20,8,'Mr. Jedidiah Tromp','lavada77@kiehn.org',3,0,'NEEDS-ACTION','',0,''),
(21,8,'Mrs. Elizabeth Cartwright','nella.reichel@emmerich.com',10,0,'NEEDS-ACTION','',0,''),
(22,7,'Mr. Jedidiah Tromp','lavada77@kiehn.org',3,0,'NEEDS-ACTION','',0,''),
(23,9,'System Administrator','admin@intermesh.localhost',1,0,'ACCEPTED','',1,''),
(24,9,'Ashlee Beier','emacejkovic@heathcote.com',4,0,'NEEDS-ACTION','',0,''),
(25,10,'System Administrator','admin@intermesh.localhost',1,0,'ACCEPTED','',1,''),
(26,10,'Ashlee Beier','emacejkovic@heathcote.com',4,0,'NEEDS-ACTION','',0,''),
(27,9,'Mrs. Elizabeth Cartwright','nella.reichel@emmerich.com',10,0,'NEEDS-ACTION','',0,''),
(28,11,'System Administrator','admin@intermesh.localhost',1,0,'ACCEPTED','',1,''),
(29,11,'Ashlee Beier','emacejkovic@heathcote.com',4,0,'NEEDS-ACTION','',0,''),
(30,11,'Mrs. Elizabeth Cartwright','nella.reichel@emmerich.com',10,0,'NEEDS-ACTION','',0,''),
(31,10,'Mrs. Elizabeth Cartwright','nella.reichel@emmerich.com',10,0,'NEEDS-ACTION','',0,''),
(32,12,'System Administrator','admin@intermesh.localhost',1,0,'ACCEPTED','',1,''),
(33,12,'Tony Howe','nikolaus.ferne@rolfson.com',5,0,'NEEDS-ACTION','',0,''),
(34,13,'System Administrator','admin@intermesh.localhost',1,0,'ACCEPTED','',1,''),
(35,13,'Tony Howe','nikolaus.ferne@rolfson.com',5,0,'NEEDS-ACTION','',0,''),
(36,12,'Mr. Broderick Hauck','demo@group-office.com',2,0,'NEEDS-ACTION','',0,''),
(37,14,'System Administrator','admin@intermesh.localhost',1,0,'ACCEPTED','',1,''),
(38,14,'Mr. Broderick Hauck','demo@group-office.com',2,0,'NEEDS-ACTION','',0,''),
(39,14,'Tony Howe','nikolaus.ferne@rolfson.com',5,0,'NEEDS-ACTION','',0,''),
(40,13,'Mr. Broderick Hauck','demo@group-office.com',2,0,'NEEDS-ACTION','',0,''),
(41,15,'Mr. Broderick Hauck','demo@group-office.com',2,0,'ACCEPTED','',1,''),
(42,15,'Camron Heller Sr.','gerardo.schulist@quigley.net',8,0,'NEEDS-ACTION','',0,''),
(43,16,'Mr. Broderick Hauck','demo@group-office.com',2,0,'ACCEPTED','',1,''),
(44,16,'Camron Heller Sr.','gerardo.schulist@quigley.net',8,0,'NEEDS-ACTION','',0,''),
(45,17,'Mr. Broderick Hauck','demo@group-office.com',2,0,'ACCEPTED','',1,''),
(46,17,'Tony Howe','nikolaus.ferne@rolfson.com',5,0,'NEEDS-ACTION','',0,''),
(47,18,'Mr. Broderick Hauck','demo@group-office.com',2,0,'ACCEPTED','',1,''),
(48,18,'Tony Howe','nikolaus.ferne@rolfson.com',5,0,'NEEDS-ACTION','',0,''),
(49,17,'Mr. Shayne Zemlak','rodrigo.mcclure@abbott.com',9,0,'NEEDS-ACTION','',0,''),
(50,19,'Mr. Broderick Hauck','demo@group-office.com',2,0,'ACCEPTED','',1,''),
(51,19,'Tony Howe','nikolaus.ferne@rolfson.com',5,0,'NEEDS-ACTION','',0,''),
(52,19,'Mr. Shayne Zemlak','rodrigo.mcclure@abbott.com',9,0,'NEEDS-ACTION','',0,''),
(53,18,'Mr. Shayne Zemlak','rodrigo.mcclure@abbott.com',9,0,'NEEDS-ACTION','',0,''),
(54,20,'Mr. Broderick Hauck','demo@group-office.com',2,0,'ACCEPTED','',1,''),
(55,20,'Burdette Stamm','dickinson.newell@rau.com',7,0,'NEEDS-ACTION','',0,''),
(56,21,'Mr. Broderick Hauck','demo@group-office.com',2,0,'ACCEPTED','',1,''),
(57,21,'Burdette Stamm','dickinson.newell@rau.com',7,0,'NEEDS-ACTION','',0,''),
(58,20,'Mrs. Elizabeth Cartwright','nella.reichel@emmerich.com',10,0,'NEEDS-ACTION','',0,''),
(59,22,'Mr. Broderick Hauck','demo@group-office.com',2,0,'ACCEPTED','',1,''),
(60,22,'Burdette Stamm','dickinson.newell@rau.com',7,0,'NEEDS-ACTION','',0,''),
(61,22,'Mrs. Elizabeth Cartwright','nella.reichel@emmerich.com',10,0,'NEEDS-ACTION','',0,''),
(62,21,'Mrs. Elizabeth Cartwright','nella.reichel@emmerich.com',10,0,'NEEDS-ACTION','',0,''),
(63,23,'Mr. Broderick Hauck','demo@group-office.com',2,0,'ACCEPTED','',1,''),
(64,23,'Mrs. Elizabeth Cartwright','nella.reichel@emmerich.com',10,0,'NEEDS-ACTION','',0,''),
(65,24,'Mr. Broderick Hauck','demo@group-office.com',2,0,'ACCEPTED','',1,''),
(66,24,'Mrs. Elizabeth Cartwright','nella.reichel@emmerich.com',10,0,'NEEDS-ACTION','',0,''),
(67,23,'Ashlee Beier','emacejkovic@heathcote.com',4,0,'NEEDS-ACTION','',0,''),
(68,25,'Mr. Broderick Hauck','demo@group-office.com',2,0,'ACCEPTED','',1,''),
(69,25,'Ashlee Beier','emacejkovic@heathcote.com',4,0,'NEEDS-ACTION','',0,''),
(70,25,'Mrs. Elizabeth Cartwright','nella.reichel@emmerich.com',10,0,'NEEDS-ACTION','',0,''),
(71,24,'Ashlee Beier','emacejkovic@heathcote.com',4,0,'NEEDS-ACTION','',0,''),
(72,26,'Mr. Broderick Hauck','demo@group-office.com',2,0,'ACCEPTED','',1,''),
(73,26,'Prof. Johnny Kirlin','zzieme@botsford.com',6,0,'NEEDS-ACTION','',0,''),
(74,27,'Mr. Broderick Hauck','demo@group-office.com',2,0,'ACCEPTED','',1,''),
(75,27,'Prof. Johnny Kirlin','zzieme@botsford.com',6,0,'NEEDS-ACTION','',0,''),
(76,26,'Burdette Stamm','dickinson.newell@rau.com',7,0,'NEEDS-ACTION','',0,''),
(77,28,'Mr. Broderick Hauck','demo@group-office.com',2,0,'ACCEPTED','',1,''),
(78,28,'Prof. Johnny Kirlin','zzieme@botsford.com',6,0,'NEEDS-ACTION','',0,''),
(79,28,'Burdette Stamm','dickinson.newell@rau.com',7,0,'NEEDS-ACTION','',0,''),
(80,27,'Burdette Stamm','dickinson.newell@rau.com',7,0,'NEEDS-ACTION','',0,''),
(81,29,'Mr. Jedidiah Tromp','lavada77@kiehn.org',3,0,'ACCEPTED','',1,''),
(82,29,'Camron Heller Sr.','gerardo.schulist@quigley.net',8,0,'NEEDS-ACTION','',0,''),
(83,30,'Mr. Jedidiah Tromp','lavada77@kiehn.org',3,0,'ACCEPTED','',1,''),
(84,30,'Camron Heller Sr.','gerardo.schulist@quigley.net',8,0,'NEEDS-ACTION','',0,''),
(85,29,'System Administrator','admin@intermesh.localhost',1,0,'NEEDS-ACTION','',0,''),
(86,31,'System Administrator','admin@intermesh.localhost',1,0,'NEEDS-ACTION','',0,''),
(87,31,'Mr. Jedidiah Tromp','lavada77@kiehn.org',3,0,'ACCEPTED','',1,''),
(88,31,'Camron Heller Sr.','gerardo.schulist@quigley.net',8,0,'NEEDS-ACTION','',0,''),
(89,30,'System Administrator','admin@intermesh.localhost',1,0,'NEEDS-ACTION','',0,''),
(90,32,'Mr. Jedidiah Tromp','lavada77@kiehn.org',3,0,'ACCEPTED','',1,''),
(91,32,'System Administrator','admin@intermesh.localhost',1,0,'NEEDS-ACTION','',0,''),
(92,33,'System Administrator','admin@intermesh.localhost',1,0,'NEEDS-ACTION','',0,''),
(93,33,'Mr. Jedidiah Tromp','lavada77@kiehn.org',3,0,'ACCEPTED','',1,''),
(94,32,'Prof. Johnny Kirlin','zzieme@botsford.com',6,0,'NEEDS-ACTION','',0,''),
(95,34,'System Administrator','admin@intermesh.localhost',1,0,'NEEDS-ACTION','',0,''),
(96,34,'Mr. Jedidiah Tromp','lavada77@kiehn.org',3,0,'ACCEPTED','',1,''),
(97,34,'Prof. Johnny Kirlin','zzieme@botsford.com',6,0,'NEEDS-ACTION','',0,''),
(98,33,'Prof. Johnny Kirlin','zzieme@botsford.com',6,0,'NEEDS-ACTION','',0,''),
(99,35,'Mr. Jedidiah Tromp','lavada77@kiehn.org',3,0,'ACCEPTED','',1,''),
(100,35,'Tony Howe','nikolaus.ferne@rolfson.com',5,0,'NEEDS-ACTION','',0,''),
(101,36,'Mr. Jedidiah Tromp','lavada77@kiehn.org',3,0,'ACCEPTED','',1,''),
(102,36,'Tony Howe','nikolaus.ferne@rolfson.com',5,0,'NEEDS-ACTION','',0,''),
(103,35,'Ashlee Beier','emacejkovic@heathcote.com',4,0,'NEEDS-ACTION','',0,''),
(104,37,'Mr. Jedidiah Tromp','lavada77@kiehn.org',3,0,'ACCEPTED','',1,''),
(105,37,'Ashlee Beier','emacejkovic@heathcote.com',4,0,'NEEDS-ACTION','',0,''),
(106,37,'Tony Howe','nikolaus.ferne@rolfson.com',5,0,'NEEDS-ACTION','',0,''),
(107,36,'Ashlee Beier','emacejkovic@heathcote.com',4,0,'NEEDS-ACTION','',0,''),
(108,38,'Mr. Jedidiah Tromp','lavada77@kiehn.org',3,0,'ACCEPTED','',1,''),
(109,38,'Mrs. Elizabeth Cartwright','nella.reichel@emmerich.com',10,0,'NEEDS-ACTION','',0,''),
(110,39,'Mr. Jedidiah Tromp','lavada77@kiehn.org',3,0,'ACCEPTED','',1,''),
(111,39,'Mrs. Elizabeth Cartwright','nella.reichel@emmerich.com',10,0,'NEEDS-ACTION','',0,''),
(112,38,'System Administrator','admin@intermesh.localhost',1,0,'NEEDS-ACTION','',0,''),
(113,40,'System Administrator','admin@intermesh.localhost',1,0,'NEEDS-ACTION','',0,''),
(114,40,'Mr. Jedidiah Tromp','lavada77@kiehn.org',3,0,'ACCEPTED','',1,''),
(115,40,'Mrs. Elizabeth Cartwright','nella.reichel@emmerich.com',10,0,'NEEDS-ACTION','',0,''),
(116,39,'System Administrator','admin@intermesh.localhost',1,0,'NEEDS-ACTION','',0,''),
(117,41,'Mr. Jedidiah Tromp','lavada77@kiehn.org',3,0,'ACCEPTED','',1,''),
(118,41,'Prof. Johnny Kirlin','zzieme@botsford.com',6,0,'NEEDS-ACTION','',0,''),
(119,42,'Mr. Jedidiah Tromp','lavada77@kiehn.org',3,0,'ACCEPTED','',1,''),
(120,42,'Prof. Johnny Kirlin','zzieme@botsford.com',6,0,'NEEDS-ACTION','',0,''),
(121,41,'Mrs. Elizabeth Cartwright','nella.reichel@emmerich.com',10,0,'NEEDS-ACTION','',0,''),
(122,43,'Mr. Jedidiah Tromp','lavada77@kiehn.org',3,0,'ACCEPTED','',1,''),
(123,43,'Prof. Johnny Kirlin','zzieme@botsford.com',6,0,'NEEDS-ACTION','',0,''),
(124,43,'Mrs. Elizabeth Cartwright','nella.reichel@emmerich.com',10,0,'NEEDS-ACTION','',0,''),
(125,42,'Mrs. Elizabeth Cartwright','nella.reichel@emmerich.com',10,0,'NEEDS-ACTION','',0,''),
(126,44,'Ashlee Beier','emacejkovic@heathcote.com',4,0,'ACCEPTED','',1,''),
(127,44,'Tony Howe','nikolaus.ferne@rolfson.com',5,0,'NEEDS-ACTION','',0,''),
(128,45,'Ashlee Beier','emacejkovic@heathcote.com',4,0,'ACCEPTED','',1,''),
(129,45,'Tony Howe','nikolaus.ferne@rolfson.com',5,0,'NEEDS-ACTION','',0,''),
(130,44,'Prof. Johnny Kirlin','zzieme@botsford.com',6,0,'NEEDS-ACTION','',0,''),
(131,46,'Ashlee Beier','emacejkovic@heathcote.com',4,0,'ACCEPTED','',1,''),
(132,46,'Tony Howe','nikolaus.ferne@rolfson.com',5,0,'NEEDS-ACTION','',0,''),
(133,46,'Prof. Johnny Kirlin','zzieme@botsford.com',6,0,'NEEDS-ACTION','',0,''),
(134,45,'Prof. Johnny Kirlin','zzieme@botsford.com',6,0,'NEEDS-ACTION','',0,''),
(135,47,'Ashlee Beier','emacejkovic@heathcote.com',4,0,'ACCEPTED','',1,''),
(136,47,'Mr. Shayne Zemlak','rodrigo.mcclure@abbott.com',9,0,'NEEDS-ACTION','',0,''),
(137,48,'Ashlee Beier','emacejkovic@heathcote.com',4,0,'ACCEPTED','',1,''),
(138,48,'Mr. Shayne Zemlak','rodrigo.mcclure@abbott.com',9,0,'NEEDS-ACTION','',0,''),
(139,47,'System Administrator','admin@intermesh.localhost',1,0,'NEEDS-ACTION','',0,''),
(140,49,'System Administrator','admin@intermesh.localhost',1,0,'NEEDS-ACTION','',0,''),
(141,49,'Ashlee Beier','emacejkovic@heathcote.com',4,0,'ACCEPTED','',1,''),
(142,49,'Mr. Shayne Zemlak','rodrigo.mcclure@abbott.com',9,0,'NEEDS-ACTION','',0,''),
(143,48,'System Administrator','admin@intermesh.localhost',1,0,'NEEDS-ACTION','',0,''),
(144,50,'Ashlee Beier','emacejkovic@heathcote.com',4,0,'ACCEPTED','',1,''),
(145,50,'Mr. Jedidiah Tromp','lavada77@kiehn.org',3,0,'NEEDS-ACTION','',0,''),
(146,51,'Mr. Jedidiah Tromp','lavada77@kiehn.org',3,0,'NEEDS-ACTION','',0,''),
(147,51,'Ashlee Beier','emacejkovic@heathcote.com',4,0,'ACCEPTED','',1,''),
(148,50,'Mr. Shayne Zemlak','rodrigo.mcclure@abbott.com',9,0,'NEEDS-ACTION','',0,''),
(149,52,'Mr. Jedidiah Tromp','lavada77@kiehn.org',3,0,'NEEDS-ACTION','',0,''),
(150,52,'Ashlee Beier','emacejkovic@heathcote.com',4,0,'ACCEPTED','',1,''),
(151,52,'Mr. Shayne Zemlak','rodrigo.mcclure@abbott.com',9,0,'NEEDS-ACTION','',0,''),
(152,51,'Mr. Shayne Zemlak','rodrigo.mcclure@abbott.com',9,0,'NEEDS-ACTION','',0,''),
(153,53,'Ashlee Beier','emacejkovic@heathcote.com',4,0,'ACCEPTED','',1,''),
(154,53,'Camron Heller Sr.','gerardo.schulist@quigley.net',8,0,'NEEDS-ACTION','',0,''),
(155,54,'Ashlee Beier','emacejkovic@heathcote.com',4,0,'ACCEPTED','',1,''),
(156,54,'Camron Heller Sr.','gerardo.schulist@quigley.net',8,0,'NEEDS-ACTION','',0,''),
(157,53,'Burdette Stamm','dickinson.newell@rau.com',7,0,'NEEDS-ACTION','',0,''),
(158,55,'Ashlee Beier','emacejkovic@heathcote.com',4,0,'ACCEPTED','',1,''),
(159,55,'Burdette Stamm','dickinson.newell@rau.com',7,0,'NEEDS-ACTION','',0,''),
(160,55,'Camron Heller Sr.','gerardo.schulist@quigley.net',8,0,'NEEDS-ACTION','',0,''),
(161,54,'Burdette Stamm','dickinson.newell@rau.com',7,0,'NEEDS-ACTION','',0,''),
(162,56,'Ashlee Beier','emacejkovic@heathcote.com',4,0,'ACCEPTED','',1,''),
(163,56,'Burdette Stamm','dickinson.newell@rau.com',7,0,'NEEDS-ACTION','',0,''),
(164,57,'Ashlee Beier','emacejkovic@heathcote.com',4,0,'ACCEPTED','',1,''),
(165,57,'Burdette Stamm','dickinson.newell@rau.com',7,0,'NEEDS-ACTION','',0,''),
(166,56,'System Administrator','admin@intermesh.localhost',1,0,'NEEDS-ACTION','',0,''),
(167,58,'System Administrator','admin@intermesh.localhost',1,0,'NEEDS-ACTION','',0,''),
(168,58,'Ashlee Beier','emacejkovic@heathcote.com',4,0,'ACCEPTED','',1,''),
(169,58,'Burdette Stamm','dickinson.newell@rau.com',7,0,'NEEDS-ACTION','',0,''),
(170,57,'System Administrator','admin@intermesh.localhost',1,0,'NEEDS-ACTION','',0,''),
(171,59,'Tony Howe','nikolaus.ferne@rolfson.com',5,0,'ACCEPTED','',1,''),
(172,59,'System Administrator','admin@intermesh.localhost',1,0,'NEEDS-ACTION','',0,''),
(173,60,'System Administrator','admin@intermesh.localhost',1,0,'NEEDS-ACTION','',0,''),
(174,60,'Tony Howe','nikolaus.ferne@rolfson.com',5,0,'ACCEPTED','',1,''),
(175,61,'Tony Howe','nikolaus.ferne@rolfson.com',5,0,'ACCEPTED','',1,''),
(176,61,'Camron Heller Sr.','gerardo.schulist@quigley.net',8,0,'NEEDS-ACTION','',0,''),
(177,62,'Tony Howe','nikolaus.ferne@rolfson.com',5,0,'ACCEPTED','',1,''),
(178,62,'Camron Heller Sr.','gerardo.schulist@quigley.net',8,0,'NEEDS-ACTION','',0,''),
(179,61,'Mr. Broderick Hauck','demo@group-office.com',2,0,'NEEDS-ACTION','',0,''),
(180,63,'Mr. Broderick Hauck','demo@group-office.com',2,0,'NEEDS-ACTION','',0,''),
(181,63,'Tony Howe','nikolaus.ferne@rolfson.com',5,0,'ACCEPTED','',1,''),
(182,63,'Camron Heller Sr.','gerardo.schulist@quigley.net',8,0,'NEEDS-ACTION','',0,''),
(183,62,'Mr. Broderick Hauck','demo@group-office.com',2,0,'NEEDS-ACTION','',0,''),
(184,64,'Tony Howe','nikolaus.ferne@rolfson.com',5,0,'ACCEPTED','',1,''),
(185,64,'System Administrator','admin@intermesh.localhost',1,0,'NEEDS-ACTION','',0,''),
(186,65,'System Administrator','admin@intermesh.localhost',1,0,'NEEDS-ACTION','',0,''),
(187,65,'Tony Howe','nikolaus.ferne@rolfson.com',5,0,'ACCEPTED','',1,''),
(188,64,'System Administrator','admin@intermesh.localhost',1,0,'NEEDS-ACTION','',0,''),
(189,66,'Tony Howe','nikolaus.ferne@rolfson.com',5,0,'ACCEPTED','',1,''),
(190,66,'Camron Heller Sr.','gerardo.schulist@quigley.net',8,0,'NEEDS-ACTION','',0,''),
(191,67,'Tony Howe','nikolaus.ferne@rolfson.com',5,0,'ACCEPTED','',1,''),
(192,67,'Camron Heller Sr.','gerardo.schulist@quigley.net',8,0,'NEEDS-ACTION','',0,''),
(193,66,'Mr. Shayne Zemlak','rodrigo.mcclure@abbott.com',9,0,'NEEDS-ACTION','',0,''),
(194,68,'Tony Howe','nikolaus.ferne@rolfson.com',5,0,'ACCEPTED','',1,''),
(195,68,'Camron Heller Sr.','gerardo.schulist@quigley.net',8,0,'NEEDS-ACTION','',0,''),
(196,68,'Mr. Shayne Zemlak','rodrigo.mcclure@abbott.com',9,0,'NEEDS-ACTION','',0,''),
(197,67,'Mr. Shayne Zemlak','rodrigo.mcclure@abbott.com',9,0,'NEEDS-ACTION','',0,''),
(198,69,'Tony Howe','nikolaus.ferne@rolfson.com',5,0,'ACCEPTED','',1,''),
(199,69,'System Administrator','admin@intermesh.localhost',1,0,'NEEDS-ACTION','',0,''),
(200,70,'System Administrator','admin@intermesh.localhost',1,0,'NEEDS-ACTION','',0,''),
(201,70,'Tony Howe','nikolaus.ferne@rolfson.com',5,0,'ACCEPTED','',1,''),
(202,69,'Mr. Broderick Hauck','demo@group-office.com',2,0,'NEEDS-ACTION','',0,''),
(203,71,'System Administrator','admin@intermesh.localhost',1,0,'NEEDS-ACTION','',0,''),
(204,71,'Mr. Broderick Hauck','demo@group-office.com',2,0,'NEEDS-ACTION','',0,''),
(205,71,'Tony Howe','nikolaus.ferne@rolfson.com',5,0,'ACCEPTED','',1,''),
(206,70,'Mr. Broderick Hauck','demo@group-office.com',2,0,'NEEDS-ACTION','',0,''),
(207,72,'Prof. Johnny Kirlin','zzieme@botsford.com',6,0,'ACCEPTED','',1,''),
(208,72,'Tony Howe','nikolaus.ferne@rolfson.com',5,0,'NEEDS-ACTION','',0,''),
(209,73,'Tony Howe','nikolaus.ferne@rolfson.com',5,0,'NEEDS-ACTION','',0,''),
(210,73,'Prof. Johnny Kirlin','zzieme@botsford.com',6,0,'ACCEPTED','',1,''),
(211,72,'Mrs. Elizabeth Cartwright','nella.reichel@emmerich.com',10,0,'NEEDS-ACTION','',0,''),
(212,74,'Tony Howe','nikolaus.ferne@rolfson.com',5,0,'NEEDS-ACTION','',0,''),
(213,74,'Prof. Johnny Kirlin','zzieme@botsford.com',6,0,'ACCEPTED','',1,''),
(214,74,'Mrs. Elizabeth Cartwright','nella.reichel@emmerich.com',10,0,'NEEDS-ACTION','',0,''),
(215,73,'Mrs. Elizabeth Cartwright','nella.reichel@emmerich.com',10,0,'NEEDS-ACTION','',0,''),
(216,75,'Prof. Johnny Kirlin','zzieme@botsford.com',6,0,'ACCEPTED','',1,''),
(217,75,'System Administrator','admin@intermesh.localhost',1,0,'NEEDS-ACTION','',0,''),
(218,76,'System Administrator','admin@intermesh.localhost',1,0,'NEEDS-ACTION','',0,''),
(219,76,'Prof. Johnny Kirlin','zzieme@botsford.com',6,0,'ACCEPTED','',1,''),
(220,75,'Ashlee Beier','emacejkovic@heathcote.com',4,0,'NEEDS-ACTION','',0,''),
(221,77,'System Administrator','admin@intermesh.localhost',1,0,'NEEDS-ACTION','',0,''),
(222,77,'Ashlee Beier','emacejkovic@heathcote.com',4,0,'NEEDS-ACTION','',0,''),
(223,77,'Prof. Johnny Kirlin','zzieme@botsford.com',6,0,'ACCEPTED','',1,''),
(224,76,'Ashlee Beier','emacejkovic@heathcote.com',4,0,'NEEDS-ACTION','',0,''),
(225,78,'Prof. Johnny Kirlin','zzieme@botsford.com',6,0,'ACCEPTED','',1,''),
(226,78,'Mr. Shayne Zemlak','rodrigo.mcclure@abbott.com',9,0,'NEEDS-ACTION','',0,''),
(227,79,'Prof. Johnny Kirlin','zzieme@botsford.com',6,0,'ACCEPTED','',1,''),
(228,79,'Mr. Shayne Zemlak','rodrigo.mcclure@abbott.com',9,0,'NEEDS-ACTION','',0,''),
(229,78,'Mr. Jedidiah Tromp','lavada77@kiehn.org',3,0,'NEEDS-ACTION','',0,''),
(230,80,'Mr. Jedidiah Tromp','lavada77@kiehn.org',3,0,'NEEDS-ACTION','',0,''),
(231,80,'Prof. Johnny Kirlin','zzieme@botsford.com',6,0,'ACCEPTED','',1,''),
(232,80,'Mr. Shayne Zemlak','rodrigo.mcclure@abbott.com',9,0,'NEEDS-ACTION','',0,''),
(233,79,'Mr. Jedidiah Tromp','lavada77@kiehn.org',3,0,'NEEDS-ACTION','',0,''),
(234,81,'Prof. Johnny Kirlin','zzieme@botsford.com',6,0,'ACCEPTED','',1,''),
(235,81,'Ashlee Beier','emacejkovic@heathcote.com',4,0,'NEEDS-ACTION','',0,''),
(236,82,'Ashlee Beier','emacejkovic@heathcote.com',4,0,'NEEDS-ACTION','',0,''),
(237,82,'Prof. Johnny Kirlin','zzieme@botsford.com',6,0,'ACCEPTED','',1,''),
(238,83,'Prof. Johnny Kirlin','zzieme@botsford.com',6,0,'ACCEPTED','',1,''),
(239,83,'Ashlee Beier','emacejkovic@heathcote.com',4,0,'NEEDS-ACTION','',0,''),
(240,84,'Ashlee Beier','emacejkovic@heathcote.com',4,0,'NEEDS-ACTION','',0,''),
(241,84,'Prof. Johnny Kirlin','zzieme@botsford.com',6,0,'ACCEPTED','',1,''),
(242,85,'Burdette Stamm','dickinson.newell@rau.com',7,0,'ACCEPTED','',1,''),
(243,85,'Mrs. Elizabeth Cartwright','nella.reichel@emmerich.com',10,0,'NEEDS-ACTION','',0,''),
(244,86,'Burdette Stamm','dickinson.newell@rau.com',7,0,'ACCEPTED','',1,''),
(245,86,'Mrs. Elizabeth Cartwright','nella.reichel@emmerich.com',10,0,'NEEDS-ACTION','',0,''),
(246,85,'Mr. Jedidiah Tromp','lavada77@kiehn.org',3,0,'NEEDS-ACTION','',0,''),
(247,87,'Mr. Jedidiah Tromp','lavada77@kiehn.org',3,0,'NEEDS-ACTION','',0,''),
(248,87,'Burdette Stamm','dickinson.newell@rau.com',7,0,'ACCEPTED','',1,''),
(249,87,'Mrs. Elizabeth Cartwright','nella.reichel@emmerich.com',10,0,'NEEDS-ACTION','',0,''),
(250,86,'Mr. Jedidiah Tromp','lavada77@kiehn.org',3,0,'NEEDS-ACTION','',0,''),
(251,88,'Burdette Stamm','dickinson.newell@rau.com',7,0,'ACCEPTED','',1,''),
(252,88,'Prof. Johnny Kirlin','zzieme@botsford.com',6,0,'NEEDS-ACTION','',0,''),
(253,89,'Prof. Johnny Kirlin','zzieme@botsford.com',6,0,'NEEDS-ACTION','',0,''),
(254,89,'Burdette Stamm','dickinson.newell@rau.com',7,0,'ACCEPTED','',1,''),
(255,88,'Camron Heller Sr.','gerardo.schulist@quigley.net',8,0,'NEEDS-ACTION','',0,''),
(256,90,'Prof. Johnny Kirlin','zzieme@botsford.com',6,0,'NEEDS-ACTION','',0,''),
(257,90,'Burdette Stamm','dickinson.newell@rau.com',7,0,'ACCEPTED','',1,''),
(258,90,'Camron Heller Sr.','gerardo.schulist@quigley.net',8,0,'NEEDS-ACTION','',0,''),
(259,89,'Camron Heller Sr.','gerardo.schulist@quigley.net',8,0,'NEEDS-ACTION','',0,''),
(260,91,'Burdette Stamm','dickinson.newell@rau.com',7,0,'ACCEPTED','',1,''),
(261,91,'Camron Heller Sr.','gerardo.schulist@quigley.net',8,0,'NEEDS-ACTION','',0,''),
(262,92,'Burdette Stamm','dickinson.newell@rau.com',7,0,'ACCEPTED','',1,''),
(263,92,'Camron Heller Sr.','gerardo.schulist@quigley.net',8,0,'NEEDS-ACTION','',0,''),
(264,93,'Burdette Stamm','dickinson.newell@rau.com',7,0,'ACCEPTED','',1,''),
(265,93,'Mr. Jedidiah Tromp','lavada77@kiehn.org',3,0,'NEEDS-ACTION','',0,''),
(266,94,'Mr. Jedidiah Tromp','lavada77@kiehn.org',3,0,'NEEDS-ACTION','',0,''),
(267,94,'Burdette Stamm','dickinson.newell@rau.com',7,0,'ACCEPTED','',1,''),
(268,93,'Mr. Shayne Zemlak','rodrigo.mcclure@abbott.com',9,0,'NEEDS-ACTION','',0,''),
(269,95,'Mr. Jedidiah Tromp','lavada77@kiehn.org',3,0,'NEEDS-ACTION','',0,''),
(270,95,'Burdette Stamm','dickinson.newell@rau.com',7,0,'ACCEPTED','',1,''),
(271,95,'Mr. Shayne Zemlak','rodrigo.mcclure@abbott.com',9,0,'NEEDS-ACTION','',0,''),
(272,94,'Mr. Shayne Zemlak','rodrigo.mcclure@abbott.com',9,0,'NEEDS-ACTION','',0,''),
(273,96,'Burdette Stamm','dickinson.newell@rau.com',7,0,'ACCEPTED','',1,''),
(274,96,'Mr. Shayne Zemlak','rodrigo.mcclure@abbott.com',9,0,'NEEDS-ACTION','',0,''),
(275,97,'Burdette Stamm','dickinson.newell@rau.com',7,0,'ACCEPTED','',1,''),
(276,97,'Mr. Shayne Zemlak','rodrigo.mcclure@abbott.com',9,0,'NEEDS-ACTION','',0,''),
(277,96,'Prof. Johnny Kirlin','zzieme@botsford.com',6,0,'NEEDS-ACTION','',0,''),
(278,98,'Prof. Johnny Kirlin','zzieme@botsford.com',6,0,'NEEDS-ACTION','',0,''),
(279,98,'Burdette Stamm','dickinson.newell@rau.com',7,0,'ACCEPTED','',1,''),
(280,98,'Mr. Shayne Zemlak','rodrigo.mcclure@abbott.com',9,0,'NEEDS-ACTION','',0,''),
(281,97,'Prof. Johnny Kirlin','zzieme@botsford.com',6,0,'NEEDS-ACTION','',0,''),
(282,99,'Camron Heller Sr.','gerardo.schulist@quigley.net',8,0,'ACCEPTED','',1,''),
(283,99,'Ashlee Beier','emacejkovic@heathcote.com',4,0,'NEEDS-ACTION','',0,''),
(284,100,'Ashlee Beier','emacejkovic@heathcote.com',4,0,'NEEDS-ACTION','',0,''),
(285,100,'Camron Heller Sr.','gerardo.schulist@quigley.net',8,0,'ACCEPTED','',1,''),
(286,99,'Tony Howe','nikolaus.ferne@rolfson.com',5,0,'NEEDS-ACTION','',0,''),
(287,101,'Ashlee Beier','emacejkovic@heathcote.com',4,0,'NEEDS-ACTION','',0,''),
(288,101,'Tony Howe','nikolaus.ferne@rolfson.com',5,0,'NEEDS-ACTION','',0,''),
(289,101,'Camron Heller Sr.','gerardo.schulist@quigley.net',8,0,'ACCEPTED','',1,''),
(290,100,'Tony Howe','nikolaus.ferne@rolfson.com',5,0,'NEEDS-ACTION','',0,''),
(291,102,'Camron Heller Sr.','gerardo.schulist@quigley.net',8,0,'ACCEPTED','',1,''),
(292,102,'Mr. Jedidiah Tromp','lavada77@kiehn.org',3,0,'NEEDS-ACTION','',0,''),
(293,103,'Mr. Jedidiah Tromp','lavada77@kiehn.org',3,0,'NEEDS-ACTION','',0,''),
(294,103,'Camron Heller Sr.','gerardo.schulist@quigley.net',8,0,'ACCEPTED','',1,''),
(295,104,'Camron Heller Sr.','gerardo.schulist@quigley.net',8,0,'ACCEPTED','',1,''),
(296,104,'Tony Howe','nikolaus.ferne@rolfson.com',5,0,'NEEDS-ACTION','',0,''),
(297,105,'Tony Howe','nikolaus.ferne@rolfson.com',5,0,'NEEDS-ACTION','',0,''),
(298,105,'Camron Heller Sr.','gerardo.schulist@quigley.net',8,0,'ACCEPTED','',1,''),
(299,104,'Burdette Stamm','dickinson.newell@rau.com',7,0,'NEEDS-ACTION','',0,''),
(300,106,'Tony Howe','nikolaus.ferne@rolfson.com',5,0,'NEEDS-ACTION','',0,''),
(301,106,'Burdette Stamm','dickinson.newell@rau.com',7,0,'NEEDS-ACTION','',0,''),
(302,106,'Camron Heller Sr.','gerardo.schulist@quigley.net',8,0,'ACCEPTED','',1,''),
(303,105,'Burdette Stamm','dickinson.newell@rau.com',7,0,'NEEDS-ACTION','',0,''),
(304,107,'Camron Heller Sr.','gerardo.schulist@quigley.net',8,0,'ACCEPTED','',1,''),
(305,107,'System Administrator','admin@intermesh.localhost',1,0,'NEEDS-ACTION','',0,''),
(306,108,'System Administrator','admin@intermesh.localhost',1,0,'NEEDS-ACTION','',0,''),
(307,108,'Camron Heller Sr.','gerardo.schulist@quigley.net',8,0,'ACCEPTED','',1,''),
(308,107,'Ashlee Beier','emacejkovic@heathcote.com',4,0,'NEEDS-ACTION','',0,''),
(309,109,'System Administrator','admin@intermesh.localhost',1,0,'NEEDS-ACTION','',0,''),
(310,109,'Ashlee Beier','emacejkovic@heathcote.com',4,0,'NEEDS-ACTION','',0,''),
(311,109,'Camron Heller Sr.','gerardo.schulist@quigley.net',8,0,'ACCEPTED','',1,''),
(312,108,'Ashlee Beier','emacejkovic@heathcote.com',4,0,'NEEDS-ACTION','',0,''),
(313,110,'Camron Heller Sr.','gerardo.schulist@quigley.net',8,0,'ACCEPTED','',1,''),
(314,110,'Ashlee Beier','emacejkovic@heathcote.com',4,0,'NEEDS-ACTION','',0,''),
(315,111,'Ashlee Beier','emacejkovic@heathcote.com',4,0,'NEEDS-ACTION','',0,''),
(316,111,'Camron Heller Sr.','gerardo.schulist@quigley.net',8,0,'ACCEPTED','',1,''),
(317,110,'Mr. Broderick Hauck','demo@group-office.com',2,0,'NEEDS-ACTION','',0,''),
(318,112,'Mr. Broderick Hauck','demo@group-office.com',2,0,'NEEDS-ACTION','',0,''),
(319,112,'Ashlee Beier','emacejkovic@heathcote.com',4,0,'NEEDS-ACTION','',0,''),
(320,112,'Camron Heller Sr.','gerardo.schulist@quigley.net',8,0,'ACCEPTED','',1,''),
(321,111,'Mr. Broderick Hauck','demo@group-office.com',2,0,'NEEDS-ACTION','',0,''),
(322,113,'Mr. Shayne Zemlak','rodrigo.mcclure@abbott.com',9,0,'ACCEPTED','',1,''),
(323,113,'Burdette Stamm','dickinson.newell@rau.com',7,0,'NEEDS-ACTION','',0,''),
(324,114,'Burdette Stamm','dickinson.newell@rau.com',7,0,'NEEDS-ACTION','',0,''),
(325,114,'Mr. Shayne Zemlak','rodrigo.mcclure@abbott.com',9,0,'ACCEPTED','',1,''),
(326,113,'System Administrator','admin@intermesh.localhost',1,0,'NEEDS-ACTION','',0,''),
(327,115,'System Administrator','admin@intermesh.localhost',1,0,'NEEDS-ACTION','',0,''),
(328,115,'Burdette Stamm','dickinson.newell@rau.com',7,0,'NEEDS-ACTION','',0,''),
(329,115,'Mr. Shayne Zemlak','rodrigo.mcclure@abbott.com',9,0,'ACCEPTED','',1,''),
(330,114,'System Administrator','admin@intermesh.localhost',1,0,'NEEDS-ACTION','',0,''),
(331,116,'Mr. Shayne Zemlak','rodrigo.mcclure@abbott.com',9,0,'ACCEPTED','',1,''),
(332,116,'Ashlee Beier','emacejkovic@heathcote.com',4,0,'NEEDS-ACTION','',0,''),
(333,117,'Ashlee Beier','emacejkovic@heathcote.com',4,0,'NEEDS-ACTION','',0,''),
(334,117,'Mr. Shayne Zemlak','rodrigo.mcclure@abbott.com',9,0,'ACCEPTED','',1,''),
(335,116,'Prof. Johnny Kirlin','zzieme@botsford.com',6,0,'NEEDS-ACTION','',0,''),
(336,118,'Ashlee Beier','emacejkovic@heathcote.com',4,0,'NEEDS-ACTION','',0,''),
(337,118,'Prof. Johnny Kirlin','zzieme@botsford.com',6,0,'NEEDS-ACTION','',0,''),
(338,118,'Mr. Shayne Zemlak','rodrigo.mcclure@abbott.com',9,0,'ACCEPTED','',1,''),
(339,117,'Prof. Johnny Kirlin','zzieme@botsford.com',6,0,'NEEDS-ACTION','',0,''),
(340,119,'Mr. Shayne Zemlak','rodrigo.mcclure@abbott.com',9,0,'ACCEPTED','',1,''),
(341,119,'Mr. Broderick Hauck','demo@group-office.com',2,0,'NEEDS-ACTION','',0,''),
(342,120,'Mr. Broderick Hauck','demo@group-office.com',2,0,'NEEDS-ACTION','',0,''),
(343,120,'Mr. Shayne Zemlak','rodrigo.mcclure@abbott.com',9,0,'ACCEPTED','',1,''),
(344,119,'System Administrator','admin@intermesh.localhost',1,0,'NEEDS-ACTION','',0,''),
(345,121,'System Administrator','admin@intermesh.localhost',1,0,'NEEDS-ACTION','',0,''),
(346,121,'Mr. Broderick Hauck','demo@group-office.com',2,0,'NEEDS-ACTION','',0,''),
(347,121,'Mr. Shayne Zemlak','rodrigo.mcclure@abbott.com',9,0,'ACCEPTED','',1,''),
(348,120,'System Administrator','admin@intermesh.localhost',1,0,'NEEDS-ACTION','',0,''),
(349,122,'Mr. Shayne Zemlak','rodrigo.mcclure@abbott.com',9,0,'ACCEPTED','',1,''),
(350,122,'Burdette Stamm','dickinson.newell@rau.com',7,0,'NEEDS-ACTION','',0,''),
(351,123,'Burdette Stamm','dickinson.newell@rau.com',7,0,'NEEDS-ACTION','',0,''),
(352,123,'Mr. Shayne Zemlak','rodrigo.mcclure@abbott.com',9,0,'ACCEPTED','',1,''),
(353,122,'Burdette Stamm','dickinson.newell@rau.com',7,0,'NEEDS-ACTION','',0,''),
(354,124,'Mr. Shayne Zemlak','rodrigo.mcclure@abbott.com',9,0,'ACCEPTED','',1,''),
(355,124,'Mrs. Elizabeth Cartwright','nella.reichel@emmerich.com',10,0,'NEEDS-ACTION','',0,''),
(356,125,'Mr. Shayne Zemlak','rodrigo.mcclure@abbott.com',9,0,'ACCEPTED','',1,''),
(357,125,'Mrs. Elizabeth Cartwright','nella.reichel@emmerich.com',10,0,'NEEDS-ACTION','',0,''),
(358,126,'Mrs. Elizabeth Cartwright','nella.reichel@emmerich.com',10,0,'ACCEPTED','',1,''),
(359,126,'Camron Heller Sr.','gerardo.schulist@quigley.net',8,0,'NEEDS-ACTION','',0,''),
(360,127,'Camron Heller Sr.','gerardo.schulist@quigley.net',8,0,'NEEDS-ACTION','',0,''),
(361,127,'Mrs. Elizabeth Cartwright','nella.reichel@emmerich.com',10,0,'ACCEPTED','',1,''),
(362,128,'Mrs. Elizabeth Cartwright','nella.reichel@emmerich.com',10,0,'ACCEPTED','',1,''),
(363,128,'Camron Heller Sr.','gerardo.schulist@quigley.net',8,0,'NEEDS-ACTION','',0,''),
(364,129,'Camron Heller Sr.','gerardo.schulist@quigley.net',8,0,'NEEDS-ACTION','',0,''),
(365,129,'Mrs. Elizabeth Cartwright','nella.reichel@emmerich.com',10,0,'ACCEPTED','',1,''),
(366,128,'Burdette Stamm','dickinson.newell@rau.com',7,0,'NEEDS-ACTION','',0,''),
(367,130,'Burdette Stamm','dickinson.newell@rau.com',7,0,'NEEDS-ACTION','',0,''),
(368,130,'Camron Heller Sr.','gerardo.schulist@quigley.net',8,0,'NEEDS-ACTION','',0,''),
(369,130,'Mrs. Elizabeth Cartwright','nella.reichel@emmerich.com',10,0,'ACCEPTED','',1,''),
(370,129,'Burdette Stamm','dickinson.newell@rau.com',7,0,'NEEDS-ACTION','',0,''),
(371,131,'Mrs. Elizabeth Cartwright','nella.reichel@emmerich.com',10,0,'ACCEPTED','',1,''),
(372,131,'Mr. Broderick Hauck','demo@group-office.com',2,0,'NEEDS-ACTION','',0,''),
(373,132,'Mr. Broderick Hauck','demo@group-office.com',2,0,'NEEDS-ACTION','',0,''),
(374,132,'Mrs. Elizabeth Cartwright','nella.reichel@emmerich.com',10,0,'ACCEPTED','',1,''),
(375,131,'Mr. Jedidiah Tromp','lavada77@kiehn.org',3,0,'NEEDS-ACTION','',0,''),
(376,133,'Mr. Broderick Hauck','demo@group-office.com',2,0,'NEEDS-ACTION','',0,''),
(377,133,'Mr. Jedidiah Tromp','lavada77@kiehn.org',3,0,'NEEDS-ACTION','',0,''),
(378,133,'Mrs. Elizabeth Cartwright','nella.reichel@emmerich.com',10,0,'ACCEPTED','',1,''),
(379,132,'Mr. Jedidiah Tromp','lavada77@kiehn.org',3,0,'NEEDS-ACTION','',0,''),
(380,134,'Mrs. Elizabeth Cartwright','nella.reichel@emmerich.com',10,0,'ACCEPTED','',1,''),
(381,134,'Camron Heller Sr.','gerardo.schulist@quigley.net',8,0,'NEEDS-ACTION','',0,''),
(382,135,'Camron Heller Sr.','gerardo.schulist@quigley.net',8,0,'NEEDS-ACTION','',0,''),
(383,135,'Mrs. Elizabeth Cartwright','nella.reichel@emmerich.com',10,0,'ACCEPTED','',1,''),
(384,134,'Mr. Shayne Zemlak','rodrigo.mcclure@abbott.com',9,0,'NEEDS-ACTION','',0,''),
(385,136,'Camron Heller Sr.','gerardo.schulist@quigley.net',8,0,'NEEDS-ACTION','',0,''),
(386,136,'Mr. Shayne Zemlak','rodrigo.mcclure@abbott.com',9,0,'NEEDS-ACTION','',0,''),
(387,136,'Mrs. Elizabeth Cartwright','nella.reichel@emmerich.com',10,0,'ACCEPTED','',1,''),
(388,135,'Mr. Shayne Zemlak','rodrigo.mcclure@abbott.com',9,0,'NEEDS-ACTION','',0,''),
(389,137,'Mrs. Elizabeth Cartwright','nella.reichel@emmerich.com',10,0,'ACCEPTED','',1,''),
(390,137,'Mr. Broderick Hauck','demo@group-office.com',2,0,'NEEDS-ACTION','',0,''),
(391,138,'Mr. Broderick Hauck','demo@group-office.com',2,0,'NEEDS-ACTION','',0,''),
(392,138,'Mrs. Elizabeth Cartwright','nella.reichel@emmerich.com',10,0,'ACCEPTED','',1,''),
(393,139,'Prof. Simone Kirlin Jr.','lora94@pollich.com',11,0,'ACCEPTED','',1,''),
(394,139,'Camron Heller Sr.','gerardo.schulist@quigley.net',8,0,'NEEDS-ACTION','',0,''),
(395,140,'Camron Heller Sr.','gerardo.schulist@quigley.net',8,0,'NEEDS-ACTION','',0,''),
(396,140,'Prof. Simone Kirlin Jr.','lora94@pollich.com',11,0,'ACCEPTED','',1,''),
(397,139,'Camron Heller Sr.','gerardo.schulist@quigley.net',8,0,'NEEDS-ACTION','',0,''),
(398,141,'Prof. Simone Kirlin Jr.','lora94@pollich.com',11,0,'ACCEPTED','',1,''),
(399,141,'Ashlee Beier','emacejkovic@heathcote.com',4,0,'NEEDS-ACTION','',0,''),
(400,142,'Ashlee Beier','emacejkovic@heathcote.com',4,0,'NEEDS-ACTION','',0,''),
(401,142,'Prof. Simone Kirlin Jr.','lora94@pollich.com',11,0,'ACCEPTED','',1,''),
(402,141,'Burdette Stamm','dickinson.newell@rau.com',7,0,'NEEDS-ACTION','',0,''),
(403,143,'Ashlee Beier','emacejkovic@heathcote.com',4,0,'NEEDS-ACTION','',0,''),
(404,143,'Burdette Stamm','dickinson.newell@rau.com',7,0,'NEEDS-ACTION','',0,''),
(405,143,'Prof. Simone Kirlin Jr.','lora94@pollich.com',11,0,'ACCEPTED','',1,''),
(406,142,'Burdette Stamm','dickinson.newell@rau.com',7,0,'NEEDS-ACTION','',0,''),
(407,144,'Prof. Simone Kirlin Jr.','lora94@pollich.com',11,0,'ACCEPTED','',1,''),
(408,144,'Ashlee Beier','emacejkovic@heathcote.com',4,0,'NEEDS-ACTION','',0,''),
(409,145,'Ashlee Beier','emacejkovic@heathcote.com',4,0,'NEEDS-ACTION','',0,''),
(410,145,'Prof. Simone Kirlin Jr.','lora94@pollich.com',11,0,'ACCEPTED','',1,''),
(411,144,'Tony Howe','nikolaus.ferne@rolfson.com',5,0,'NEEDS-ACTION','',0,''),
(412,146,'Ashlee Beier','emacejkovic@heathcote.com',4,0,'NEEDS-ACTION','',0,''),
(413,146,'Tony Howe','nikolaus.ferne@rolfson.com',5,0,'NEEDS-ACTION','',0,''),
(414,146,'Prof. Simone Kirlin Jr.','lora94@pollich.com',11,0,'ACCEPTED','',1,''),
(415,145,'Tony Howe','nikolaus.ferne@rolfson.com',5,0,'NEEDS-ACTION','',0,''),
(416,147,'Prof. Simone Kirlin Jr.','lora94@pollich.com',11,0,'ACCEPTED','',1,''),
(417,147,'Tony Howe','nikolaus.ferne@rolfson.com',5,0,'NEEDS-ACTION','',0,''),
(418,148,'Tony Howe','nikolaus.ferne@rolfson.com',5,0,'NEEDS-ACTION','',0,''),
(419,148,'Prof. Simone Kirlin Jr.','lora94@pollich.com',11,0,'ACCEPTED','',1,''),
(420,147,'System Administrator','admin@intermesh.localhost',1,0,'NEEDS-ACTION','',0,''),
(421,149,'System Administrator','admin@intermesh.localhost',1,0,'NEEDS-ACTION','',0,''),
(422,149,'Tony Howe','nikolaus.ferne@rolfson.com',5,0,'NEEDS-ACTION','',0,''),
(423,149,'Prof. Simone Kirlin Jr.','lora94@pollich.com',11,0,'ACCEPTED','',1,''),
(424,148,'System Administrator','admin@intermesh.localhost',1,0,'NEEDS-ACTION','',0,''),
(425,150,'Prof. Simone Kirlin Jr.','lora94@pollich.com',11,0,'ACCEPTED','',1,''),
(426,150,'Mr. Shayne Zemlak','rodrigo.mcclure@abbott.com',9,0,'NEEDS-ACTION','',0,''),
(427,151,'Mr. Shayne Zemlak','rodrigo.mcclure@abbott.com',9,0,'NEEDS-ACTION','',0,''),
(428,151,'Prof. Simone Kirlin Jr.','lora94@pollich.com',11,0,'ACCEPTED','',1,''),
(429,150,'Mr. Shayne Zemlak','rodrigo.mcclure@abbott.com',9,0,'NEEDS-ACTION','',0,''),
(430,152,'Nicklaus Durgan','maryse.kuphal@jaskolski.org',12,0,'ACCEPTED','',1,''),
(431,152,'Mrs. Elizabeth Cartwright','nella.reichel@emmerich.com',10,0,'NEEDS-ACTION','',0,''),
(432,153,'Mrs. Elizabeth Cartwright','nella.reichel@emmerich.com',10,0,'NEEDS-ACTION','',0,''),
(433,153,'Nicklaus Durgan','maryse.kuphal@jaskolski.org',12,0,'ACCEPTED','',1,''),
(434,152,'Mr. Jedidiah Tromp','lavada77@kiehn.org',3,0,'NEEDS-ACTION','',0,''),
(435,154,'Mr. Jedidiah Tromp','lavada77@kiehn.org',3,0,'NEEDS-ACTION','',0,''),
(436,154,'Mrs. Elizabeth Cartwright','nella.reichel@emmerich.com',10,0,'NEEDS-ACTION','',0,''),
(437,154,'Nicklaus Durgan','maryse.kuphal@jaskolski.org',12,0,'ACCEPTED','',1,''),
(438,153,'Mr. Jedidiah Tromp','lavada77@kiehn.org',3,0,'NEEDS-ACTION','',0,''),
(439,155,'Nicklaus Durgan','maryse.kuphal@jaskolski.org',12,0,'ACCEPTED','',1,''),
(440,155,'Ashlee Beier','emacejkovic@heathcote.com',4,0,'NEEDS-ACTION','',0,''),
(441,156,'Ashlee Beier','emacejkovic@heathcote.com',4,0,'NEEDS-ACTION','',0,''),
(442,156,'Nicklaus Durgan','maryse.kuphal@jaskolski.org',12,0,'ACCEPTED','',1,''),
(443,155,'Ashlee Beier','emacejkovic@heathcote.com',4,0,'NEEDS-ACTION','',0,''),
(444,157,'Nicklaus Durgan','maryse.kuphal@jaskolski.org',12,0,'ACCEPTED','',1,''),
(445,157,'Mr. Jedidiah Tromp','lavada77@kiehn.org',3,0,'NEEDS-ACTION','',0,''),
(446,158,'Mr. Jedidiah Tromp','lavada77@kiehn.org',3,0,'NEEDS-ACTION','',0,''),
(447,158,'Nicklaus Durgan','maryse.kuphal@jaskolski.org',12,0,'ACCEPTED','',1,''),
(448,157,'Burdette Stamm','dickinson.newell@rau.com',7,0,'NEEDS-ACTION','',0,''),
(449,159,'Mr. Jedidiah Tromp','lavada77@kiehn.org',3,0,'NEEDS-ACTION','',0,''),
(450,159,'Burdette Stamm','dickinson.newell@rau.com',7,0,'NEEDS-ACTION','',0,''),
(451,159,'Nicklaus Durgan','maryse.kuphal@jaskolski.org',12,0,'ACCEPTED','',1,''),
(452,158,'Burdette Stamm','dickinson.newell@rau.com',7,0,'NEEDS-ACTION','',0,''),
(453,160,'Nicklaus Durgan','maryse.kuphal@jaskolski.org',12,0,'ACCEPTED','',1,''),
(454,160,'Mrs. Elizabeth Cartwright','nella.reichel@emmerich.com',10,0,'NEEDS-ACTION','',0,''),
(455,161,'Mrs. Elizabeth Cartwright','nella.reichel@emmerich.com',10,0,'NEEDS-ACTION','',0,''),
(456,161,'Nicklaus Durgan','maryse.kuphal@jaskolski.org',12,0,'ACCEPTED','',1,''),
(457,160,'Mr. Broderick Hauck','demo@group-office.com',2,0,'NEEDS-ACTION','',0,''),
(458,162,'Mr. Broderick Hauck','demo@group-office.com',2,0,'NEEDS-ACTION','',0,''),
(459,162,'Mrs. Elizabeth Cartwright','nella.reichel@emmerich.com',10,0,'NEEDS-ACTION','',0,''),
(460,162,'Nicklaus Durgan','maryse.kuphal@jaskolski.org',12,0,'ACCEPTED','',1,''),
(461,161,'Mr. Broderick Hauck','demo@group-office.com',2,0,'NEEDS-ACTION','',0,''),
(462,163,'Nicklaus Durgan','maryse.kuphal@jaskolski.org',12,0,'ACCEPTED','',1,''),
(463,163,'Mr. Jedidiah Tromp','lavada77@kiehn.org',3,0,'NEEDS-ACTION','',0,''),
(464,164,'Mr. Jedidiah Tromp','lavada77@kiehn.org',3,0,'NEEDS-ACTION','',0,''),
(465,164,'Nicklaus Durgan','maryse.kuphal@jaskolski.org',12,0,'ACCEPTED','',1,''),
(466,163,'Tony Howe','nikolaus.ferne@rolfson.com',5,0,'NEEDS-ACTION','',0,''),
(467,165,'Mr. Jedidiah Tromp','lavada77@kiehn.org',3,0,'NEEDS-ACTION','',0,''),
(468,165,'Tony Howe','nikolaus.ferne@rolfson.com',5,0,'NEEDS-ACTION','',0,''),
(469,165,'Nicklaus Durgan','maryse.kuphal@jaskolski.org',12,0,'ACCEPTED','',1,''),
(470,164,'Tony Howe','nikolaus.ferne@rolfson.com',5,0,'NEEDS-ACTION','',0,'');
/*!40000 ALTER TABLE `cal_participants` ENABLE KEYS */;
UNLOCK TABLES;

--
-- Table structure for table `cal_settings`
--

DROP TABLE IF EXISTS `cal_settings`;
/*!40101 SET @saved_cs_client     = @@character_set_client */;
/*!40101 SET character_set_client = utf8 */;
CREATE TABLE `cal_settings` (
  `user_id` int(11) NOT NULL,
  `reminder` int(11) DEFAULT NULL,
  `background` char(6) NOT NULL DEFAULT 'EBF1E2',
  `calendar_id` int(11) NOT NULL DEFAULT 0,
  `show_statuses` tinyint(1) NOT NULL DEFAULT 1,
  `check_conflict` tinyint(1) NOT NULL DEFAULT 1,
  PRIMARY KEY (`user_id`),
  KEY `calendar_id` (`calendar_id`)
) ENGINE=InnoDB DEFAULT CHARSET=utf8mb4 COLLATE=utf8mb4_unicode_ci;
/*!40101 SET character_set_client = @saved_cs_client */;

--
-- Dumping data for table `cal_settings`
--

LOCK TABLES `cal_settings` WRITE;
/*!40000 ALTER TABLE `cal_settings` DISABLE KEYS */;
INSERT INTO `cal_settings` VALUES
(1,NULL,'EBF1E2',1,1,1),
(2,NULL,'EBF1E2',2,1,1),
(3,NULL,'EBF1E2',3,1,1),
(4,NULL,'EBF1E2',4,1,1),
(5,NULL,'EBF1E2',5,1,1),
(6,NULL,'EBF1E2',6,1,1),
(7,NULL,'EBF1E2',7,1,1),
(8,NULL,'EBF1E2',8,1,1),
(9,NULL,'EBF1E2',9,1,1),
(10,NULL,'EBF1E2',10,1,1),
(11,NULL,'EBF1E2',11,1,1),
(12,NULL,'EBF1E2',12,1,1);
/*!40000 ALTER TABLE `cal_settings` ENABLE KEYS */;
UNLOCK TABLES;

--
-- Table structure for table `cal_views`
--

DROP TABLE IF EXISTS `cal_views`;
/*!40101 SET @saved_cs_client     = @@character_set_client */;
/*!40101 SET character_set_client = utf8 */;
CREATE TABLE `cal_views` (
  `id` int(11) NOT NULL AUTO_INCREMENT,
  `user_id` int(11) NOT NULL DEFAULT 0,
  `name` varchar(50) DEFAULT NULL,
  `time_interval` int(11) NOT NULL DEFAULT 1800,
  `acl_id` int(11) NOT NULL DEFAULT 0,
  `merge` tinyint(1) NOT NULL DEFAULT 0,
  `owncolor` tinyint(1) NOT NULL DEFAULT 1,
  PRIMARY KEY (`id`),
  KEY `user_id` (`user_id`)
) ENGINE=InnoDB AUTO_INCREMENT=3 DEFAULT CHARSET=utf8mb4 COLLATE=utf8mb4_unicode_ci;
/*!40101 SET character_set_client = @saved_cs_client */;

--
-- Dumping data for table `cal_views`
--

LOCK TABLES `cal_views` WRITE;
/*!40000 ALTER TABLE `cal_views` DISABLE KEYS */;
INSERT INTO `cal_views` VALUES
(1,1,'Everyone',1800,106,0,1),
(2,1,'Everyone (Merge)',1800,108,1,1);
/*!40000 ALTER TABLE `cal_views` ENABLE KEYS */;
UNLOCK TABLES;

--
-- Table structure for table `cal_views_calendars`
--

DROP TABLE IF EXISTS `cal_views_calendars`;
/*!40101 SET @saved_cs_client     = @@character_set_client */;
/*!40101 SET character_set_client = utf8 */;
CREATE TABLE `cal_views_calendars` (
  `view_id` int(11) NOT NULL DEFAULT 0,
  `calendar_id` int(11) NOT NULL DEFAULT 0,
  `background` char(6) NOT NULL DEFAULT 'CCFFCC',
  PRIMARY KEY (`view_id`,`calendar_id`)
) ENGINE=InnoDB DEFAULT CHARSET=utf8mb4 COLLATE=utf8mb4_unicode_ci;
/*!40101 SET character_set_client = @saved_cs_client */;

--
-- Dumping data for table `cal_views_calendars`
--

LOCK TABLES `cal_views_calendars` WRITE;
/*!40000 ALTER TABLE `cal_views_calendars` DISABLE KEYS */;
/*!40000 ALTER TABLE `cal_views_calendars` ENABLE KEYS */;
UNLOCK TABLES;

--
-- Table structure for table `cal_views_groups`
--

DROP TABLE IF EXISTS `cal_views_groups`;
/*!40101 SET @saved_cs_client     = @@character_set_client */;
/*!40101 SET character_set_client = utf8 */;
CREATE TABLE `cal_views_groups` (
  `view_id` int(11) NOT NULL,
  `group_id` varchar(45) NOT NULL,
  PRIMARY KEY (`view_id`,`group_id`)
) ENGINE=InnoDB DEFAULT CHARSET=utf8mb4 COLLATE=utf8mb4_unicode_ci;
/*!40101 SET character_set_client = @saved_cs_client */;

--
-- Dumping data for table `cal_views_groups`
--

LOCK TABLES `cal_views_groups` WRITE;
/*!40000 ALTER TABLE `cal_views_groups` DISABLE KEYS */;
INSERT INTO `cal_views_groups` VALUES
(1,'2'),
(2,'2');
/*!40000 ALTER TABLE `cal_views_groups` ENABLE KEYS */;
UNLOCK TABLES;

--
-- Table structure for table `cal_visible_tasklists`
--

DROP TABLE IF EXISTS `cal_visible_tasklists`;
/*!40101 SET @saved_cs_client     = @@character_set_client */;
/*!40101 SET character_set_client = utf8 */;
CREATE TABLE `cal_visible_tasklists` (
  `calendar_id` int(11) NOT NULL,
  `tasklist_id` int(11) NOT NULL,
  PRIMARY KEY (`calendar_id`,`tasklist_id`)
) ENGINE=InnoDB DEFAULT CHARSET=utf8mb4 COLLATE=utf8mb4_unicode_ci;
/*!40101 SET character_set_client = @saved_cs_client */;

--
-- Dumping data for table `cal_visible_tasklists`
--

LOCK TABLES `cal_visible_tasklists` WRITE;
/*!40000 ALTER TABLE `cal_visible_tasklists` DISABLE KEYS */;
/*!40000 ALTER TABLE `cal_visible_tasklists` ENABLE KEYS */;
UNLOCK TABLES;

--
-- Table structure for table `comments_comment`
--

DROP TABLE IF EXISTS `comments_comment`;
/*!40101 SET @saved_cs_client     = @@character_set_client */;
/*!40101 SET character_set_client = utf8 */;
CREATE TABLE `comments_comment` (
  `id` int(11) NOT NULL AUTO_INCREMENT,
  `createdAt` datetime NOT NULL,
  `date` datetime NOT NULL,
  `entityId` int(11) NOT NULL,
  `entityTypeId` int(11) NOT NULL,
  `createdBy` int(11) DEFAULT NULL,
  `modifiedBy` int(11) DEFAULT NULL,
  `modifiedAt` datetime DEFAULT NULL,
  `text` mediumtext CHARACTER SET utf8mb4 COLLATE utf8mb4_uca1400_ai_ci DEFAULT NULL,
  `section` varchar(50) DEFAULT NULL,
  `mimeMessageId` varchar(255) CHARACTER SET ascii COLLATE ascii_bin DEFAULT NULL,
  PRIMARY KEY (`id`),
  KEY `date` (`date`),
  KEY `fk_comments_comment_core_entity_type_idx` (`entityId`),
  KEY `fk_comments_comment_core_user1_idx` (`createdBy`),
  KEY `fk_comments_comment_core_user2_idx` (`modifiedBy`),
  KEY `section` (`section`),
  KEY `comments_comment_mimeMessageId_index` (`mimeMessageId`),
  KEY `comments_comment_core_entity_id_fk` (`entityTypeId`),
  CONSTRAINT `comments_comment_core_entity_id_fk` FOREIGN KEY (`entityTypeId`) REFERENCES `core_entity` (`id`) ON DELETE CASCADE,
  CONSTRAINT `fk_comments_comment_core_user1` FOREIGN KEY (`createdBy`) REFERENCES `core_user` (`id`) ON DELETE SET NULL,
  CONSTRAINT `fk_comments_comment_core_user2` FOREIGN KEY (`modifiedBy`) REFERENCES `core_user` (`id`) ON DELETE SET NULL
) ENGINE=InnoDB AUTO_INCREMENT=558 DEFAULT CHARSET=utf8mb4 COLLATE=utf8mb4_unicode_ci;
/*!40101 SET character_set_client = @saved_cs_client */;

--
-- Dumping data for table `comments_comment`
--

LOCK TABLES `comments_comment` WRITE;
/*!40000 ALTER TABLE `comments_comment` DISABLE KEYS */;
INSERT INTO `comments_comment` VALUES
(1,'2025-03-28 13:32:22','2025-02-24 15:25:01',13,28,5,1,'2025-03-28 13:32:22','Hatter: and in despair she put her hand on the English coast you find a thing,\' said the Gryphon, \'that they WOULD put their heads downward! The Antipathies, I think--\' (she was so long that they.',NULL,NULL),
(2,'2025-03-28 13:32:22','2025-02-25 15:25:01',13,28,6,1,'2025-03-28 13:32:22','I learn music.\' \'Ah! that accounts for it,\' said Five, in a pleased tone. \'Pray don\'t trouble yourself to say whether the pleasure of making a daisy-chain would be like, but it said in a soothing.',NULL,NULL),
(3,'2025-03-28 13:32:22','2023-05-03 22:19:22',14,28,2,1,'2025-03-28 13:32:22','White Rabbit was still in existence; \'and now for the moment how large she had asked it aloud; and in his turn; and both creatures hid their faces in their proper places--ALL,\' he repeated with.',NULL,NULL),
(4,'2025-03-28 13:32:23','2023-05-22 10:18:46',15,28,8,1,'2025-03-28 13:32:23','Let me think: was I the same solemn tone, \'For the Duchess. \'I make you grow shorter.\' \'One side will make you dry enough!\' They all returned from him to you, Though they were nowhere to be.',NULL,NULL),
(5,'2025-03-28 13:32:23','2023-05-23 10:18:46',15,28,2,1,'2025-03-28 13:32:23','Alice in a shrill, passionate voice. \'Would YOU like cats if you cut your finger VERY deeply with a table in the air. Even the Duchess replied, in a minute, nurse! But I\'ve got to the Knave of.',NULL,NULL),
(6,'2025-03-28 13:32:23','2023-05-24 10:18:46',15,28,2,1,'2025-03-28 13:32:23','She was looking at it uneasily, shaking it every now and then raised himself upon tiptoe, put his shoes on. \'--and just take his head contemptuously. \'I dare say you never even spoke to Time!\'.',NULL,NULL),
(7,'2025-03-28 13:32:23','2024-11-21 04:21:59',16,28,10,1,'2025-03-28 13:32:23','White Rabbit was still in existence; \'and now for the moment how large she had asked it aloud; and in his turn; and both creatures hid their faces in their proper places--ALL,\' he repeated with.',NULL,NULL),
(8,'2025-03-28 13:32:23','2024-11-22 04:21:59',16,28,9,1,'2025-03-28 13:32:23','YOU, and no room to grow up again! Let me see: that would be grand, certainly,\' said Alice, who felt ready to agree to everything that Alice said; \'there\'s a large one, but the Dormouse turned out.',NULL,NULL),
(9,'2025-03-28 13:32:23','2024-11-23 04:21:59',16,28,10,1,'2025-03-28 13:32:23','She said this last remark, \'it\'s a vegetable. It doesn\'t look like it?\' he said. \'Fifteenth,\' said the Gryphon went on, looking anxiously about her. \'Oh, do let me help to undo it!\' \'I shall be a.',NULL,NULL),
(10,'2025-03-28 13:32:23','2024-06-18 20:44:38',17,28,9,1,'2025-03-28 13:32:23','White Rabbit was still in existence; \'and now for the moment how large she had asked it aloud; and in his turn; and both creatures hid their faces in their proper places--ALL,\' he repeated with.',NULL,NULL),
(11,'2025-03-28 13:32:23','2024-06-19 20:44:38',17,28,2,1,'2025-03-28 13:32:23','WILL be a person of authority over Alice. \'Stand up and to hear it say, as it spoke. \'As wet as ever,\' said Alice to herself, as well as she could do, lying down with one elbow against the door, and.',NULL,NULL),
(12,'2025-03-28 13:32:23','2023-10-25 20:11:37',18,28,7,1,'2025-03-28 13:32:23','White Rabbit was still in existence; \'and now for the moment how large she had asked it aloud; and in his turn; and both creatures hid their faces in their proper places--ALL,\' he repeated with.',NULL,NULL),
(13,'2025-03-28 13:32:23','2023-10-26 20:11:37',18,28,2,1,'2025-03-28 13:32:23','She was looking at it uneasily, shaking it every now and then raised himself upon tiptoe, put his shoes on. \'--and just take his head contemptuously. \'I dare say you never even spoke to Time!\'.',NULL,NULL),
(14,'2025-03-28 13:32:23','2023-10-27 20:11:37',18,28,7,1,'2025-03-28 13:32:23','Rabbit\'s voice; and the Mock Turtle. \'Seals, turtles, salmon, and so on; then, when you\'ve cleared all the while, till at last she spread out her hand in hand, in couples: they were lying round the.',NULL,NULL),
(15,'2025-03-28 13:32:23','2023-09-12 07:06:14',19,28,10,1,'2025-03-28 13:32:23','Alice looked down at her side. She was close behind it when she had gone through that day. \'That PROVES his guilt,\' said the Mock Turtle persisted. \'How COULD he turn them out with trying, the poor.',NULL,NULL),
(16,'2025-03-28 13:32:23','2023-12-22 03:14:05',20,28,8,1,'2025-03-28 13:32:23','Alice in a shrill, passionate voice. \'Would YOU like cats if you cut your finger VERY deeply with a table in the air. Even the Duchess replied, in a minute, nurse! But I\'ve got to the Knave of.',NULL,NULL),
(17,'2025-03-28 13:32:23','2023-12-23 03:14:05',20,28,3,1,'2025-03-28 13:32:23','WILL be a person of authority over Alice. \'Stand up and to hear it say, as it spoke. \'As wet as ever,\' said Alice to herself, as well as she could do, lying down with one elbow against the door, and.',NULL,NULL),
(18,'2025-03-28 13:32:23','2023-12-24 03:14:05',20,28,5,1,'2025-03-28 13:32:23','There ought to be almost out of its right ear and left off sneezing by this time). \'Don\'t grunt,\' said Alice; \'that\'s not at all fairly,\' Alice began, in a furious passion, and went on again.',NULL,NULL),
(19,'2025-03-28 13:32:23','2024-10-24 13:02:29',21,28,7,1,'2025-03-28 13:32:23','WHAT? The other guests had taken his watch out of the cattle in the air: it puzzled her very earnestly, \'Now, Dinah, tell me who YOU are, first.\' \'Why?\' said the White Rabbit cried out, \'Silence in.',NULL,NULL),
(20,'2025-03-28 13:32:23','2024-10-25 13:02:29',21,28,10,1,'2025-03-28 13:32:23','WHAT? The other guests had taken his watch out of the cattle in the air: it puzzled her very earnestly, \'Now, Dinah, tell me who YOU are, first.\' \'Why?\' said the White Rabbit cried out, \'Silence in.',NULL,NULL),
(21,'2025-03-28 13:32:23','2024-10-26 13:02:29',21,28,7,1,'2025-03-28 13:32:23','Hatter: and in despair she put her hand on the English coast you find a thing,\' said the Gryphon, \'that they WOULD put their heads downward! The Antipathies, I think--\' (she was so long that they.',NULL,NULL),
(22,'2025-03-28 13:32:23','2024-10-01 12:40:07',22,28,3,1,'2025-03-28 13:32:23','It was the first verse,\' said the Dormouse; \'VERY ill.\' Alice tried to curtsey as she could, \'If you please, sir--\' The Rabbit started violently, dropped the white kid gloves, and she felt certain.',NULL,NULL),
(23,'2025-03-28 13:32:24','2024-10-02 12:40:07',22,28,1,1,'2025-03-28 13:32:24','Rabbit\'s voice; and the Mock Turtle. \'Seals, turtles, salmon, and so on; then, when you\'ve cleared all the while, till at last she spread out her hand in hand, in couples: they were lying round the.',NULL,NULL),
(24,'2025-03-28 13:32:24','2024-10-03 12:40:07',22,28,8,1,'2025-03-28 13:32:24','There ought to be almost out of its right ear and left off sneezing by this time). \'Don\'t grunt,\' said Alice; \'that\'s not at all fairly,\' Alice began, in a furious passion, and went on again.',NULL,NULL),
(25,'2025-03-28 13:32:24','2024-10-04 12:40:07',22,28,6,1,'2025-03-28 13:32:24','YOU, and no room to grow up again! Let me see: that would be grand, certainly,\' said Alice, who felt ready to agree to everything that Alice said; \'there\'s a large one, but the Dormouse turned out.',NULL,NULL),
(26,'2025-03-28 13:32:24','2024-10-05 12:40:07',22,28,3,1,'2025-03-28 13:32:24','Alice in a shrill, passionate voice. \'Would YOU like cats if you cut your finger VERY deeply with a table in the air. Even the Duchess replied, in a minute, nurse! But I\'ve got to the Knave of.',NULL,NULL),
(27,'2025-03-28 13:32:24','2024-09-29 15:42:16',23,28,8,1,'2025-03-28 13:32:24','Alice looked down at her side. She was close behind it when she had gone through that day. \'That PROVES his guilt,\' said the Mock Turtle persisted. \'How COULD he turn them out with trying, the poor.',NULL,NULL),
(28,'2025-03-28 13:32:24','2024-09-30 15:42:16',23,28,9,1,'2025-03-28 13:32:24','I\'ve tried to say than his first speech. \'You should learn not to be a very curious to know your history, she do.\' \'I\'ll tell it her,\' said the Duchess; \'and most of \'em do.\' \'I don\'t think it\'s at.',NULL,NULL),
(29,'2025-03-28 13:32:24','2024-10-01 15:42:16',23,28,5,1,'2025-03-28 13:32:24','White Rabbit was still in existence; \'and now for the moment how large she had asked it aloud; and in his turn; and both creatures hid their faces in their proper places--ALL,\' he repeated with.',NULL,NULL),
(30,'2025-03-28 13:32:24','2024-04-11 11:23:46',24,28,6,1,'2025-03-28 13:32:24','She was looking at it uneasily, shaking it every now and then raised himself upon tiptoe, put his shoes on. \'--and just take his head contemptuously. \'I dare say you never even spoke to Time!\'.',NULL,NULL),
(31,'2025-03-28 13:32:24','2023-11-08 03:24:39',25,28,3,1,'2025-03-28 13:32:24','WILL be a person of authority over Alice. \'Stand up and to hear it say, as it spoke. \'As wet as ever,\' said Alice to herself, as well as she could do, lying down with one elbow against the door, and.',NULL,NULL),
(32,'2025-03-28 13:32:24','2023-11-09 03:24:39',25,28,2,1,'2025-03-28 13:32:24','Involved in this way! Stop this moment, and fetch me a pair of the room again, no wonder she felt sure she would feel very sleepy and stupid), whether the pleasure of making a daisy-chain would be.',NULL,NULL),
(33,'2025-03-28 13:32:24','2023-11-10 03:24:39',25,28,6,1,'2025-03-28 13:32:24','It was the first verse,\' said the Dormouse; \'VERY ill.\' Alice tried to curtsey as she could, \'If you please, sir--\' The Rabbit started violently, dropped the white kid gloves, and she felt certain.',NULL,NULL),
(34,'2025-03-28 13:32:24','2023-11-11 03:24:39',25,28,2,1,'2025-03-28 13:32:24','ALL RETURNED FROM HIM TO YOU,\"\' said Alice. \'Of course twinkling begins with a trumpet in one hand and a scroll of parchment in the world am I? Ah, THAT\'S the great concert given by the way the.',NULL,NULL),
(35,'2025-03-28 13:32:24','2023-09-08 14:19:07',26,28,10,1,'2025-03-28 13:32:24','Alice looked down at her side. She was close behind it when she had gone through that day. \'That PROVES his guilt,\' said the Mock Turtle persisted. \'How COULD he turn them out with trying, the poor.',NULL,NULL),
(36,'2025-03-28 13:32:24','2023-09-09 14:19:07',26,28,9,1,'2025-03-28 13:32:24','Let me think: was I the same solemn tone, \'For the Duchess. \'I make you grow shorter.\' \'One side will make you dry enough!\' They all returned from him to you, Though they were nowhere to be.',NULL,NULL),
(37,'2025-03-28 13:32:24','2023-09-10 14:19:07',26,28,3,1,'2025-03-28 13:32:24','Let me think: was I the same solemn tone, \'For the Duchess. \'I make you grow shorter.\' \'One side will make you dry enough!\' They all returned from him to you, Though they were nowhere to be.',NULL,NULL),
(38,'2025-03-28 13:32:24','2023-09-11 14:19:07',26,28,9,1,'2025-03-28 13:32:24','Rabbit\'s voice; and the Mock Turtle. \'Seals, turtles, salmon, and so on; then, when you\'ve cleared all the while, till at last she spread out her hand in hand, in couples: they were lying round the.',NULL,NULL),
(39,'2025-03-28 13:32:24','2023-07-30 16:05:44',27,28,7,1,'2025-03-28 13:32:24','Still she went on, \'What HAVE you been doing here?\' \'May it please your Majesty,\' said the March Hare was said to Alice; and Alice looked all round the court with a knife, it usually bleeds; and she.',NULL,NULL),
(40,'2025-03-28 13:32:24','2024-07-26 02:16:55',28,28,8,1,'2025-03-28 13:32:24','She was looking at it uneasily, shaking it every now and then raised himself upon tiptoe, put his shoes on. \'--and just take his head contemptuously. \'I dare say you never even spoke to Time!\'.',NULL,NULL),
(41,'2025-03-28 13:32:24','2023-07-17 02:02:46',29,28,4,1,'2025-03-28 13:32:24','Let me think: was I the same solemn tone, \'For the Duchess. \'I make you grow shorter.\' \'One side will make you dry enough!\' They all returned from him to you, Though they were nowhere to be.',NULL,NULL),
(42,'2025-03-28 13:32:25','2023-07-18 02:02:46',29,28,1,1,'2025-03-28 13:32:25','Let me think: was I the same solemn tone, \'For the Duchess. \'I make you grow shorter.\' \'One side will make you dry enough!\' They all returned from him to you, Though they were nowhere to be.',NULL,NULL),
(43,'2025-03-28 13:32:25','2023-07-19 02:02:46',29,28,6,1,'2025-03-28 13:32:25','Alice looked down at her side. She was close behind it when she had gone through that day. \'That PROVES his guilt,\' said the Mock Turtle persisted. \'How COULD he turn them out with trying, the poor.',NULL,NULL),
(44,'2025-03-28 13:32:25','2023-07-20 02:02:46',29,28,9,1,'2025-03-28 13:32:25','Involved in this way! Stop this moment, and fetch me a pair of the room again, no wonder she felt sure she would feel very sleepy and stupid), whether the pleasure of making a daisy-chain would be.',NULL,NULL),
(45,'2025-03-28 13:32:25','2023-07-21 02:02:46',29,28,6,1,'2025-03-28 13:32:25','I\'ve tried to say than his first speech. \'You should learn not to be a very curious to know your history, she do.\' \'I\'ll tell it her,\' said the Duchess; \'and most of \'em do.\' \'I don\'t think it\'s at.',NULL,NULL),
(46,'2025-03-28 13:32:25','2025-03-07 22:43:27',30,28,7,1,'2025-03-28 13:32:25','I\'ve tried to say than his first speech. \'You should learn not to be a very curious to know your history, she do.\' \'I\'ll tell it her,\' said the Duchess; \'and most of \'em do.\' \'I don\'t think it\'s at.',NULL,NULL),
(47,'2025-03-28 13:32:25','2025-03-08 22:43:27',30,28,4,1,'2025-03-28 13:32:25','She said this last remark, \'it\'s a vegetable. It doesn\'t look like it?\' he said. \'Fifteenth,\' said the Gryphon went on, looking anxiously about her. \'Oh, do let me help to undo it!\' \'I shall be a.',NULL,NULL),
(48,'2025-03-28 13:32:25','2023-11-25 22:30:29',31,28,3,1,'2025-03-28 13:32:25','Rabbit\'s voice; and the Mock Turtle. \'Seals, turtles, salmon, and so on; then, when you\'ve cleared all the while, till at last she spread out her hand in hand, in couples: they were lying round the.',NULL,NULL),
(49,'2025-03-28 13:32:25','2023-11-26 22:30:29',31,28,2,1,'2025-03-28 13:32:25','ALL RETURNED FROM HIM TO YOU,\"\' said Alice. \'Of course twinkling begins with a trumpet in one hand and a scroll of parchment in the world am I? Ah, THAT\'S the great concert given by the way the.',NULL,NULL),
(50,'2025-03-28 13:32:25','2024-05-30 06:57:29',32,28,1,1,'2025-03-28 13:32:25','Rabbit\'s voice; and the Mock Turtle. \'Seals, turtles, salmon, and so on; then, when you\'ve cleared all the while, till at last she spread out her hand in hand, in couples: they were lying round the.',NULL,NULL),
(51,'2025-03-28 13:32:25','2024-05-31 06:57:29',32,28,1,1,'2025-03-28 13:32:25','YOU, and no room to grow up again! Let me see: that would be grand, certainly,\' said Alice, who felt ready to agree to everything that Alice said; \'there\'s a large one, but the Dormouse turned out.',NULL,NULL),
(52,'2025-03-28 13:32:25','2024-06-01 06:57:29',32,28,5,1,'2025-03-28 13:32:25','YOU, and no room to grow up again! Let me see: that would be grand, certainly,\' said Alice, who felt ready to agree to everything that Alice said; \'there\'s a large one, but the Dormouse turned out.',NULL,NULL),
(53,'2025-03-28 13:32:25','2025-03-22 02:57:31',173,35,8,1,'2025-03-28 13:32:25','I\'ve tried to say than his first speech. \'You should learn not to be a very curious to know your history, she do.\' \'I\'ll tell it her,\' said the Duchess; \'and most of \'em do.\' \'I don\'t think it\'s at.',NULL,NULL),
(54,'2025-03-28 13:32:25','2023-05-05 22:08:39',174,35,6,1,'2025-03-28 13:32:25','White Rabbit was still in existence; \'and now for the moment how large she had asked it aloud; and in his turn; and both creatures hid their faces in their proper places--ALL,\' he repeated with.',NULL,NULL),
(55,'2025-03-28 13:32:25','2023-05-06 22:08:39',174,35,7,1,'2025-03-28 13:32:25','I\'ve tried to say than his first speech. \'You should learn not to be a very curious to know your history, she do.\' \'I\'ll tell it her,\' said the Duchess; \'and most of \'em do.\' \'I don\'t think it\'s at.',NULL,NULL),
(56,'2025-03-28 13:32:25','2025-01-06 03:37:49',175,35,3,1,'2025-03-28 13:32:25','Let me think: was I the same solemn tone, \'For the Duchess. \'I make you grow shorter.\' \'One side will make you dry enough!\' They all returned from him to you, Though they were nowhere to be.',NULL,NULL),
(57,'2025-03-28 13:32:25','2025-01-07 03:37:49',175,35,1,1,'2025-03-28 13:32:25','It was the first verse,\' said the Dormouse; \'VERY ill.\' Alice tried to curtsey as she could, \'If you please, sir--\' The Rabbit started violently, dropped the white kid gloves, and she felt certain.',NULL,NULL),
(58,'2025-03-28 13:32:25','2024-03-29 04:04:53',176,35,1,1,'2025-03-28 13:32:25','Dormouse shall!\' they both bowed low, and their curls got entangled together. Alice laughed so much already, that it was her dream:-- First, she dreamed of little pebbles came rattling in at all?\'.',NULL,NULL),
(59,'2025-03-28 13:32:25','2024-03-30 04:04:53',176,35,7,1,'2025-03-28 13:32:25','It was the first verse,\' said the Dormouse; \'VERY ill.\' Alice tried to curtsey as she could, \'If you please, sir--\' The Rabbit started violently, dropped the white kid gloves, and she felt certain.',NULL,NULL),
(60,'2025-03-28 13:32:25','2024-03-31 04:04:53',176,35,10,1,'2025-03-28 13:32:25','Still she went on, \'What HAVE you been doing here?\' \'May it please your Majesty,\' said the March Hare was said to Alice; and Alice looked all round the court with a knife, it usually bleeds; and she.',NULL,NULL),
(61,'2025-03-28 13:32:25','2024-04-01 04:04:53',176,35,10,1,'2025-03-28 13:32:25','Involved in this way! Stop this moment, and fetch me a pair of the room again, no wonder she felt sure she would feel very sleepy and stupid), whether the pleasure of making a daisy-chain would be.',NULL,NULL),
(62,'2025-03-28 13:32:25','2024-04-02 04:04:53',176,35,7,1,'2025-03-28 13:32:25','Alice in a shrill, passionate voice. \'Would YOU like cats if you cut your finger VERY deeply with a table in the air. Even the Duchess replied, in a minute, nurse! But I\'ve got to the Knave of.',NULL,NULL),
(63,'2025-03-28 13:32:25','2024-01-26 19:14:42',177,35,7,1,'2025-03-28 13:32:25','She was looking at it uneasily, shaking it every now and then raised himself upon tiptoe, put his shoes on. \'--and just take his head contemptuously. \'I dare say you never even spoke to Time!\'.',NULL,NULL),
(64,'2025-03-28 13:32:25','2024-01-27 19:14:42',177,35,1,1,'2025-03-28 13:32:25','I\'ve tried to say than his first speech. \'You should learn not to be a very curious to know your history, she do.\' \'I\'ll tell it her,\' said the Duchess; \'and most of \'em do.\' \'I don\'t think it\'s at.',NULL,NULL),
(65,'2025-03-28 13:32:25','2024-01-28 19:14:42',177,35,10,1,'2025-03-28 13:32:25','Alice in a shrill, passionate voice. \'Would YOU like cats if you cut your finger VERY deeply with a table in the air. Even the Duchess replied, in a minute, nurse! But I\'ve got to the Knave of.',NULL,NULL),
(66,'2025-03-28 13:32:25','2024-01-29 19:14:42',177,35,6,1,'2025-03-28 13:32:25','Hatter: and in despair she put her hand on the English coast you find a thing,\' said the Gryphon, \'that they WOULD put their heads downward! The Antipathies, I think--\' (she was so long that they.',NULL,NULL),
(67,'2025-03-28 13:32:25','2024-01-30 19:14:42',177,35,7,1,'2025-03-28 13:32:25','ALL RETURNED FROM HIM TO YOU,\"\' said Alice. \'Of course twinkling begins with a trumpet in one hand and a scroll of parchment in the world am I? Ah, THAT\'S the great concert given by the way the.',NULL,NULL),
(68,'2025-03-28 13:32:26','2024-12-22 00:47:40',178,35,1,1,'2025-03-28 13:32:26','WILL be a person of authority over Alice. \'Stand up and to hear it say, as it spoke. \'As wet as ever,\' said Alice to herself, as well as she could do, lying down with one elbow against the door, and.',NULL,NULL),
(69,'2025-03-28 13:32:26','2024-12-23 00:47:40',178,35,8,1,'2025-03-28 13:32:26','She was looking at it uneasily, shaking it every now and then raised himself upon tiptoe, put his shoes on. \'--and just take his head contemptuously. \'I dare say you never even spoke to Time!\'.',NULL,NULL),
(70,'2025-03-28 13:32:26','2024-12-24 00:47:40',178,35,8,1,'2025-03-28 13:32:26','Dormouse shall!\' they both bowed low, and their curls got entangled together. Alice laughed so much already, that it was her dream:-- First, she dreamed of little pebbles came rattling in at all?\'.',NULL,NULL),
(71,'2025-03-28 13:32:26','2024-12-25 00:47:40',178,35,10,1,'2025-03-28 13:32:26','Alice in a shrill, passionate voice. \'Would YOU like cats if you cut your finger VERY deeply with a table in the air. Even the Duchess replied, in a minute, nurse! But I\'ve got to the Knave of.',NULL,NULL),
(72,'2025-03-28 13:32:26','2024-12-26 00:47:40',178,35,3,1,'2025-03-28 13:32:26','YOU, and no room to grow up again! Let me see: that would be grand, certainly,\' said Alice, who felt ready to agree to everything that Alice said; \'there\'s a large one, but the Dormouse turned out.',NULL,NULL),
(73,'2025-03-28 13:32:26','2024-12-27 07:13:22',179,35,5,1,'2025-03-28 13:32:26','Dormouse. \'Fourteenth of March, I think I can remember feeling a little hot tea upon its nose. The Dormouse slowly opened his eyes were getting extremely small for a minute or two to think that very.',NULL,NULL),
(74,'2025-03-28 13:32:26','2024-12-28 07:13:22',179,35,8,1,'2025-03-28 13:32:26','Alice looked down at her side. She was close behind it when she had gone through that day. \'That PROVES his guilt,\' said the Mock Turtle persisted. \'How COULD he turn them out with trying, the poor.',NULL,NULL),
(75,'2025-03-28 13:32:26','2024-12-29 07:13:22',179,35,10,1,'2025-03-28 13:32:26','White Rabbit was still in existence; \'and now for the moment how large she had asked it aloud; and in his turn; and both creatures hid their faces in their proper places--ALL,\' he repeated with.',NULL,NULL),
(76,'2025-03-28 13:32:26','2024-12-30 07:13:22',179,35,1,1,'2025-03-28 13:32:26','Hatter: and in despair she put her hand on the English coast you find a thing,\' said the Gryphon, \'that they WOULD put their heads downward! The Antipathies, I think--\' (she was so long that they.',NULL,NULL),
(77,'2025-03-28 13:32:26','2024-12-31 07:13:22',179,35,9,1,'2025-03-28 13:32:26','It was the first verse,\' said the Dormouse; \'VERY ill.\' Alice tried to curtsey as she could, \'If you please, sir--\' The Rabbit started violently, dropped the white kid gloves, and she felt certain.',NULL,NULL),
(78,'2025-03-28 13:32:26','2024-01-02 10:29:01',180,35,9,1,'2025-03-28 13:32:26','She said this last remark, \'it\'s a vegetable. It doesn\'t look like it?\' he said. \'Fifteenth,\' said the Gryphon went on, looking anxiously about her. \'Oh, do let me help to undo it!\' \'I shall be a.',NULL,NULL),
(79,'2025-03-28 13:32:26','2023-10-04 04:40:25',181,35,4,1,'2025-03-28 13:32:26','Still she went on, \'What HAVE you been doing here?\' \'May it please your Majesty,\' said the March Hare was said to Alice; and Alice looked all round the court with a knife, it usually bleeds; and she.',NULL,NULL),
(80,'2025-03-28 13:32:26','2023-10-05 04:40:25',181,35,5,1,'2025-03-28 13:32:26','ALL RETURNED FROM HIM TO YOU,\"\' said Alice. \'Of course twinkling begins with a trumpet in one hand and a scroll of parchment in the world am I? Ah, THAT\'S the great concert given by the way the.',NULL,NULL),
(81,'2025-03-28 13:32:26','2023-10-06 04:40:25',181,35,5,1,'2025-03-28 13:32:26','Let me think: was I the same solemn tone, \'For the Duchess. \'I make you grow shorter.\' \'One side will make you dry enough!\' They all returned from him to you, Though they were nowhere to be.',NULL,NULL),
(82,'2025-03-28 13:32:26','2024-12-05 05:23:00',182,35,1,1,'2025-03-28 13:32:26','I learn music.\' \'Ah! that accounts for it,\' said Five, in a pleased tone. \'Pray don\'t trouble yourself to say whether the pleasure of making a daisy-chain would be like, but it said in a soothing.',NULL,NULL),
(83,'2025-03-28 13:32:26','2024-12-06 05:23:00',182,35,7,1,'2025-03-28 13:32:26','Alice looked down at her side. She was close behind it when she had gone through that day. \'That PROVES his guilt,\' said the Mock Turtle persisted. \'How COULD he turn them out with trying, the poor.',NULL,NULL),
(84,'2025-03-28 13:32:26','2024-12-20 07:30:28',183,35,7,1,'2025-03-28 13:32:26','Dormouse shall!\' they both bowed low, and their curls got entangled together. Alice laughed so much already, that it was her dream:-- First, she dreamed of little pebbles came rattling in at all?\'.',NULL,NULL),
(85,'2025-03-28 13:32:26','2024-12-21 07:30:28',183,35,4,1,'2025-03-28 13:32:26','I learn music.\' \'Ah! that accounts for it,\' said Five, in a pleased tone. \'Pray don\'t trouble yourself to say whether the pleasure of making a daisy-chain would be like, but it said in a soothing.',NULL,NULL),
(86,'2025-03-28 13:32:26','2024-12-22 07:30:28',183,35,1,1,'2025-03-28 13:32:26','White Rabbit was still in existence; \'and now for the moment how large she had asked it aloud; and in his turn; and both creatures hid their faces in their proper places--ALL,\' he repeated with.',NULL,NULL),
(87,'2025-03-28 13:32:26','2024-12-23 07:30:28',183,35,3,1,'2025-03-28 13:32:26','White Rabbit was still in existence; \'and now for the moment how large she had asked it aloud; and in his turn; and both creatures hid their faces in their proper places--ALL,\' he repeated with.',NULL,NULL),
(88,'2025-03-28 13:32:26','2023-05-29 17:24:03',184,35,8,1,'2025-03-28 13:32:26','Alice looked down at her side. She was close behind it when she had gone through that day. \'That PROVES his guilt,\' said the Mock Turtle persisted. \'How COULD he turn them out with trying, the poor.',NULL,NULL),
(89,'2025-03-28 13:32:26','2023-05-30 17:24:03',184,35,1,1,'2025-03-28 13:32:26','WHAT? The other guests had taken his watch out of the cattle in the air: it puzzled her very earnestly, \'Now, Dinah, tell me who YOU are, first.\' \'Why?\' said the White Rabbit cried out, \'Silence in.',NULL,NULL),
(90,'2025-03-28 13:32:26','2023-05-31 17:24:03',184,35,9,1,'2025-03-28 13:32:26','Dormouse. \'Fourteenth of March, I think I can remember feeling a little hot tea upon its nose. The Dormouse slowly opened his eyes were getting extremely small for a minute or two to think that very.',NULL,NULL),
(91,'2025-03-28 13:32:26','2023-06-01 17:24:03',184,35,8,1,'2025-03-28 13:32:26','Hatter: and in despair she put her hand on the English coast you find a thing,\' said the Gryphon, \'that they WOULD put their heads downward! The Antipathies, I think--\' (she was so long that they.',NULL,NULL),
(92,'2025-03-28 13:32:26','2023-10-01 11:23:28',185,35,7,1,'2025-03-28 13:32:26','Dormouse shall!\' they both bowed low, and their curls got entangled together. Alice laughed so much already, that it was her dream:-- First, she dreamed of little pebbles came rattling in at all?\'.',NULL,NULL),
(93,'2025-03-28 13:32:26','2023-10-02 11:23:28',185,35,3,1,'2025-03-28 13:32:26','WILL be a person of authority over Alice. \'Stand up and to hear it say, as it spoke. \'As wet as ever,\' said Alice to herself, as well as she could do, lying down with one elbow against the door, and.',NULL,NULL),
(94,'2025-03-28 13:32:26','2023-10-03 11:23:28',185,35,3,1,'2025-03-28 13:32:26','Alice looked down at her side. She was close behind it when she had gone through that day. \'That PROVES his guilt,\' said the Mock Turtle persisted. \'How COULD he turn them out with trying, the poor.',NULL,NULL),
(95,'2025-03-28 13:32:26','2023-10-04 11:23:28',185,35,4,1,'2025-03-28 13:32:26','She was looking at it uneasily, shaking it every now and then raised himself upon tiptoe, put his shoes on. \'--and just take his head contemptuously. \'I dare say you never even spoke to Time!\'.',NULL,NULL),
(96,'2025-03-28 13:32:26','2023-10-05 11:23:28',185,35,8,1,'2025-03-28 13:32:26','WHAT? The other guests had taken his watch out of the cattle in the air: it puzzled her very earnestly, \'Now, Dinah, tell me who YOU are, first.\' \'Why?\' said the White Rabbit cried out, \'Silence in.',NULL,NULL),
(97,'2025-03-28 13:32:26','2024-11-16 23:05:45',186,35,10,1,'2025-03-28 13:32:26','WHAT? The other guests had taken his watch out of the cattle in the air: it puzzled her very earnestly, \'Now, Dinah, tell me who YOU are, first.\' \'Why?\' said the White Rabbit cried out, \'Silence in.',NULL,NULL),
(98,'2025-03-28 13:32:26','2024-11-17 23:05:45',186,35,7,1,'2025-03-28 13:32:26','Alice looked down at her side. She was close behind it when she had gone through that day. \'That PROVES his guilt,\' said the Mock Turtle persisted. \'How COULD he turn them out with trying, the poor.',NULL,NULL),
(99,'2025-03-28 13:32:26','2024-11-18 23:05:45',186,35,4,1,'2025-03-28 13:32:26','WHAT? The other guests had taken his watch out of the cattle in the air: it puzzled her very earnestly, \'Now, Dinah, tell me who YOU are, first.\' \'Why?\' said the White Rabbit cried out, \'Silence in.',NULL,NULL),
(100,'2025-03-28 13:32:27','2023-08-10 07:13:19',187,35,1,1,'2025-03-28 13:32:27','It was the first verse,\' said the Dormouse; \'VERY ill.\' Alice tried to curtsey as she could, \'If you please, sir--\' The Rabbit started violently, dropped the white kid gloves, and she felt certain.',NULL,NULL),
(101,'2025-03-28 13:32:27','2023-08-11 07:13:19',187,35,5,1,'2025-03-28 13:32:27','YOU, and no room to grow up again! Let me see: that would be grand, certainly,\' said Alice, who felt ready to agree to everything that Alice said; \'there\'s a large one, but the Dormouse turned out.',NULL,NULL),
(102,'2025-03-28 13:32:27','2023-08-12 07:13:19',187,35,6,1,'2025-03-28 13:32:27','Alice in a shrill, passionate voice. \'Would YOU like cats if you cut your finger VERY deeply with a table in the air. Even the Duchess replied, in a minute, nurse! But I\'ve got to the Knave of.',NULL,NULL),
(103,'2025-03-28 13:32:27','2023-08-13 07:13:19',187,35,7,1,'2025-03-28 13:32:27','Involved in this way! Stop this moment, and fetch me a pair of the room again, no wonder she felt sure she would feel very sleepy and stupid), whether the pleasure of making a daisy-chain would be.',NULL,NULL),
(104,'2025-03-28 13:32:27','2023-08-14 07:13:19',187,35,5,1,'2025-03-28 13:32:27','WHAT? The other guests had taken his watch out of the cattle in the air: it puzzled her very earnestly, \'Now, Dinah, tell me who YOU are, first.\' \'Why?\' said the White Rabbit cried out, \'Silence in.',NULL,NULL),
(105,'2025-03-28 13:32:27','2023-07-01 04:15:30',188,35,7,1,'2025-03-28 13:32:27','YOU, and no room to grow up again! Let me see: that would be grand, certainly,\' said Alice, who felt ready to agree to everything that Alice said; \'there\'s a large one, but the Dormouse turned out.',NULL,NULL),
(106,'2025-03-28 13:32:27','2023-07-02 04:15:30',188,35,6,1,'2025-03-28 13:32:27','ALL RETURNED FROM HIM TO YOU,\"\' said Alice. \'Of course twinkling begins with a trumpet in one hand and a scroll of parchment in the world am I? Ah, THAT\'S the great concert given by the way the.',NULL,NULL),
(107,'2025-03-28 13:32:27','2023-07-03 04:15:30',188,35,9,1,'2025-03-28 13:32:27','WILL be a person of authority over Alice. \'Stand up and to hear it say, as it spoke. \'As wet as ever,\' said Alice to herself, as well as she could do, lying down with one elbow against the door, and.',NULL,NULL),
(108,'2025-03-28 13:32:27','2023-07-04 04:15:30',188,35,5,1,'2025-03-28 13:32:27','It was the first verse,\' said the Dormouse; \'VERY ill.\' Alice tried to curtsey as she could, \'If you please, sir--\' The Rabbit started violently, dropped the white kid gloves, and she felt certain.',NULL,NULL),
(109,'2025-03-28 13:32:27','2023-07-05 04:15:30',188,35,3,1,'2025-03-28 13:32:27','Dormouse shall!\' they both bowed low, and their curls got entangled together. Alice laughed so much already, that it was her dream:-- First, she dreamed of little pebbles came rattling in at all?\'.',NULL,NULL),
(110,'2025-03-28 13:32:27','2023-06-05 07:05:57',189,35,3,1,'2025-03-28 13:32:27','Alice in a shrill, passionate voice. \'Would YOU like cats if you cut your finger VERY deeply with a table in the air. Even the Duchess replied, in a minute, nurse! But I\'ve got to the Knave of.',NULL,NULL),
(111,'2025-03-28 13:32:27','2023-06-06 07:05:57',189,35,6,1,'2025-03-28 13:32:27','ALL RETURNED FROM HIM TO YOU,\"\' said Alice. \'Of course twinkling begins with a trumpet in one hand and a scroll of parchment in the world am I? Ah, THAT\'S the great concert given by the way the.',NULL,NULL),
(112,'2025-03-28 13:32:27','2024-06-28 23:24:06',190,35,9,1,'2025-03-28 13:32:27','It was the first verse,\' said the Dormouse; \'VERY ill.\' Alice tried to curtsey as she could, \'If you please, sir--\' The Rabbit started violently, dropped the white kid gloves, and she felt certain.',NULL,NULL),
(113,'2025-03-28 13:32:27','2024-09-20 06:57:01',191,35,6,1,'2025-03-28 13:32:27','Alice in a shrill, passionate voice. \'Would YOU like cats if you cut your finger VERY deeply with a table in the air. Even the Duchess replied, in a minute, nurse! But I\'ve got to the Knave of.',NULL,NULL),
(114,'2025-03-28 13:32:27','2024-09-21 06:57:01',191,35,3,1,'2025-03-28 13:32:27','ALL RETURNED FROM HIM TO YOU,\"\' said Alice. \'Of course twinkling begins with a trumpet in one hand and a scroll of parchment in the world am I? Ah, THAT\'S the great concert given by the way the.',NULL,NULL),
(115,'2025-03-28 13:32:27','2024-09-22 06:57:01',191,35,9,1,'2025-03-28 13:32:27','There ought to be almost out of its right ear and left off sneezing by this time). \'Don\'t grunt,\' said Alice; \'that\'s not at all fairly,\' Alice began, in a furious passion, and went on again.',NULL,NULL),
(116,'2025-03-28 13:32:27','2024-09-23 06:57:01',191,35,7,1,'2025-03-28 13:32:27','Alice looked down at her side. She was close behind it when she had gone through that day. \'That PROVES his guilt,\' said the Mock Turtle persisted. \'How COULD he turn them out with trying, the poor.',NULL,NULL),
(117,'2025-03-28 13:32:27','2024-09-24 06:57:01',191,35,4,1,'2025-03-28 13:32:27','Hatter: and in despair she put her hand on the English coast you find a thing,\' said the Gryphon, \'that they WOULD put their heads downward! The Antipathies, I think--\' (she was so long that they.',NULL,NULL),
(118,'2025-03-28 13:32:27','2023-09-02 08:06:21',192,35,8,1,'2025-03-28 13:32:27','ALL RETURNED FROM HIM TO YOU,\"\' said Alice. \'Of course twinkling begins with a trumpet in one hand and a scroll of parchment in the world am I? Ah, THAT\'S the great concert given by the way the.',NULL,NULL),
(119,'2025-03-28 13:32:27','2023-09-03 08:06:21',192,35,10,1,'2025-03-28 13:32:27','YOU, and no room to grow up again! Let me see: that would be grand, certainly,\' said Alice, who felt ready to agree to everything that Alice said; \'there\'s a large one, but the Dormouse turned out.',NULL,NULL),
(120,'2025-03-28 13:32:27','2023-09-04 08:06:21',192,35,3,1,'2025-03-28 13:32:27','I\'ve tried to say than his first speech. \'You should learn not to be a very curious to know your history, she do.\' \'I\'ll tell it her,\' said the Duchess; \'and most of \'em do.\' \'I don\'t think it\'s at.',NULL,NULL),
(121,'2025-03-28 13:32:27','2023-09-05 08:06:21',192,35,9,1,'2025-03-28 13:32:27','Alice looked down at her side. She was close behind it when she had gone through that day. \'That PROVES his guilt,\' said the Mock Turtle persisted. \'How COULD he turn them out with trying, the poor.',NULL,NULL),
(122,'2025-03-28 13:32:27','2025-02-09 20:53:16',193,35,6,1,'2025-03-28 13:32:27','I\'ve tried to say than his first speech. \'You should learn not to be a very curious to know your history, she do.\' \'I\'ll tell it her,\' said the Duchess; \'and most of \'em do.\' \'I don\'t think it\'s at.',NULL,NULL),
(123,'2025-03-28 13:32:27','2025-02-10 20:53:16',193,35,7,1,'2025-03-28 13:32:27','YOU, and no room to grow up again! Let me see: that would be grand, certainly,\' said Alice, who felt ready to agree to everything that Alice said; \'there\'s a large one, but the Dormouse turned out.',NULL,NULL),
(124,'2025-03-28 13:32:27','2025-02-11 20:53:16',193,35,9,1,'2025-03-28 13:32:27','WHAT? The other guests had taken his watch out of the cattle in the air: it puzzled her very earnestly, \'Now, Dinah, tell me who YOU are, first.\' \'Why?\' said the White Rabbit cried out, \'Silence in.',NULL,NULL),
(125,'2025-03-28 13:32:27','2025-02-12 20:53:16',193,35,1,1,'2025-03-28 13:32:27','YOU, and no room to grow up again! Let me see: that would be grand, certainly,\' said Alice, who felt ready to agree to everything that Alice said; \'there\'s a large one, but the Dormouse turned out.',NULL,NULL),
(126,'2025-03-28 13:32:27','2024-10-23 07:38:04',194,35,7,1,'2025-03-28 13:32:27','White Rabbit was still in existence; \'and now for the moment how large she had asked it aloud; and in his turn; and both creatures hid their faces in their proper places--ALL,\' he repeated with.',NULL,NULL),
(127,'2025-03-28 13:32:27','2024-10-24 07:38:04',194,35,4,1,'2025-03-28 13:32:27','YOU, and no room to grow up again! Let me see: that would be grand, certainly,\' said Alice, who felt ready to agree to everything that Alice said; \'there\'s a large one, but the Dormouse turned out.',NULL,NULL),
(128,'2025-03-28 13:32:27','2024-10-25 07:38:04',194,35,8,1,'2025-03-28 13:32:27','It was the first verse,\' said the Dormouse; \'VERY ill.\' Alice tried to curtsey as she could, \'If you please, sir--\' The Rabbit started violently, dropped the white kid gloves, and she felt certain.',NULL,NULL),
(129,'2025-03-28 13:32:27','2024-10-26 07:38:04',194,35,10,1,'2025-03-28 13:32:27','WILL be a person of authority over Alice. \'Stand up and to hear it say, as it spoke. \'As wet as ever,\' said Alice to herself, as well as she could do, lying down with one elbow against the door, and.',NULL,NULL),
(130,'2025-03-28 13:32:28','2024-10-27 07:38:04',194,35,8,1,'2025-03-28 13:32:28','WHAT? The other guests had taken his watch out of the cattle in the air: it puzzled her very earnestly, \'Now, Dinah, tell me who YOU are, first.\' \'Why?\' said the White Rabbit cried out, \'Silence in.',NULL,NULL),
(131,'2025-03-28 13:32:28','2024-08-29 13:22:26',195,35,2,1,'2025-03-28 13:32:28','I learn music.\' \'Ah! that accounts for it,\' said Five, in a pleased tone. \'Pray don\'t trouble yourself to say whether the pleasure of making a daisy-chain would be like, but it said in a soothing.',NULL,NULL),
(132,'2025-03-28 13:32:28','2024-08-30 13:22:26',195,35,8,1,'2025-03-28 13:32:28','Alice looked down at her side. She was close behind it when she had gone through that day. \'That PROVES his guilt,\' said the Mock Turtle persisted. \'How COULD he turn them out with trying, the poor.',NULL,NULL),
(133,'2025-03-28 13:32:28','2024-08-31 13:22:26',195,35,10,1,'2025-03-28 13:32:28','It was the first verse,\' said the Dormouse; \'VERY ill.\' Alice tried to curtsey as she could, \'If you please, sir--\' The Rabbit started violently, dropped the white kid gloves, and she felt certain.',NULL,NULL),
(134,'2025-03-28 13:32:28','2024-09-01 13:22:26',195,35,3,1,'2025-03-28 13:32:28','There ought to be almost out of its right ear and left off sneezing by this time). \'Don\'t grunt,\' said Alice; \'that\'s not at all fairly,\' Alice began, in a furious passion, and went on again.',NULL,NULL),
(135,'2025-03-28 13:32:28','2023-08-22 17:07:22',196,35,7,1,'2025-03-28 13:32:28','Involved in this way! Stop this moment, and fetch me a pair of the room again, no wonder she felt sure she would feel very sleepy and stupid), whether the pleasure of making a daisy-chain would be.',NULL,NULL),
(136,'2025-03-28 13:32:28','2023-05-28 23:48:14',197,35,10,1,'2025-03-28 13:32:28','Dormouse shall!\' they both bowed low, and their curls got entangled together. Alice laughed so much already, that it was her dream:-- First, she dreamed of little pebbles came rattling in at all?\'.',NULL,NULL),
(137,'2025-03-28 13:32:28','2023-05-29 23:48:14',197,35,2,1,'2025-03-28 13:32:28','Still she went on, \'What HAVE you been doing here?\' \'May it please your Majesty,\' said the March Hare was said to Alice; and Alice looked all round the court with a knife, it usually bleeds; and she.',NULL,NULL),
(138,'2025-03-28 13:32:28','2023-05-30 23:48:14',197,35,6,1,'2025-03-28 13:32:28','ALL RETURNED FROM HIM TO YOU,\"\' said Alice. \'Of course twinkling begins with a trumpet in one hand and a scroll of parchment in the world am I? Ah, THAT\'S the great concert given by the way the.',NULL,NULL),
(139,'2025-03-28 13:32:28','2023-05-31 23:48:14',197,35,6,1,'2025-03-28 13:32:28','Alice in a shrill, passionate voice. \'Would YOU like cats if you cut your finger VERY deeply with a table in the air. Even the Duchess replied, in a minute, nurse! But I\'ve got to the Knave of.',NULL,NULL),
(140,'2025-03-28 13:32:28','2023-08-02 13:44:41',198,35,10,1,'2025-03-28 13:32:28','There ought to be almost out of its right ear and left off sneezing by this time). \'Don\'t grunt,\' said Alice; \'that\'s not at all fairly,\' Alice began, in a furious passion, and went on again.',NULL,NULL),
(141,'2025-03-28 13:32:28','2023-05-23 12:25:39',199,35,7,1,'2025-03-28 13:32:28','There ought to be almost out of its right ear and left off sneezing by this time). \'Don\'t grunt,\' said Alice; \'that\'s not at all fairly,\' Alice began, in a furious passion, and went on again.',NULL,NULL),
(142,'2025-03-28 13:32:28','2023-05-24 12:25:39',199,35,3,1,'2025-03-28 13:32:28','Dormouse. \'Fourteenth of March, I think I can remember feeling a little hot tea upon its nose. The Dormouse slowly opened his eyes were getting extremely small for a minute or two to think that very.',NULL,NULL),
(143,'2025-03-28 13:32:28','2023-05-25 12:25:39',199,35,6,1,'2025-03-28 13:32:28','Alice looked down at her side. She was close behind it when she had gone through that day. \'That PROVES his guilt,\' said the Mock Turtle persisted. \'How COULD he turn them out with trying, the poor.',NULL,NULL),
(144,'2025-03-28 13:32:28','2024-02-19 03:48:05',200,35,7,1,'2025-03-28 13:32:28','YOU, and no room to grow up again! Let me see: that would be grand, certainly,\' said Alice, who felt ready to agree to everything that Alice said; \'there\'s a large one, but the Dormouse turned out.',NULL,NULL),
(145,'2025-03-28 13:32:28','2023-05-24 03:32:56',201,35,4,1,'2025-03-28 13:32:28','WHAT? The other guests had taken his watch out of the cattle in the air: it puzzled her very earnestly, \'Now, Dinah, tell me who YOU are, first.\' \'Why?\' said the White Rabbit cried out, \'Silence in.',NULL,NULL),
(146,'2025-03-28 13:32:28','2023-05-25 03:32:56',201,35,2,1,'2025-03-28 13:32:28','White Rabbit was still in existence; \'and now for the moment how large she had asked it aloud; and in his turn; and both creatures hid their faces in their proper places--ALL,\' he repeated with.',NULL,NULL),
(147,'2025-03-28 13:32:28','2023-05-26 03:32:56',201,35,1,1,'2025-03-28 13:32:28','Let me think: was I the same solemn tone, \'For the Duchess. \'I make you grow shorter.\' \'One side will make you dry enough!\' They all returned from him to you, Though they were nowhere to be.',NULL,NULL),
(148,'2025-03-28 13:32:28','2023-05-27 03:32:56',201,35,10,1,'2025-03-28 13:32:28','Rabbit\'s voice; and the Mock Turtle. \'Seals, turtles, salmon, and so on; then, when you\'ve cleared all the while, till at last she spread out her hand in hand, in couples: they were lying round the.',NULL,NULL),
(149,'2025-03-28 13:32:28','2023-05-28 03:32:56',201,35,5,1,'2025-03-28 13:32:28','Alice in a shrill, passionate voice. \'Would YOU like cats if you cut your finger VERY deeply with a table in the air. Even the Duchess replied, in a minute, nurse! But I\'ve got to the Knave of.',NULL,NULL),
(150,'2025-03-28 13:32:28','2024-03-31 16:03:49',202,35,1,1,'2025-03-28 13:32:28','I\'ve tried to say than his first speech. \'You should learn not to be a very curious to know your history, she do.\' \'I\'ll tell it her,\' said the Duchess; \'and most of \'em do.\' \'I don\'t think it\'s at.',NULL,NULL),
(151,'2025-03-28 13:32:28','2024-04-01 16:03:49',202,35,8,1,'2025-03-28 13:32:28','WILL be a person of authority over Alice. \'Stand up and to hear it say, as it spoke. \'As wet as ever,\' said Alice to herself, as well as she could do, lying down with one elbow against the door, and.',NULL,NULL),
(152,'2025-03-28 13:32:28','2024-04-02 16:03:49',202,35,4,1,'2025-03-28 13:32:28','It was the first verse,\' said the Dormouse; \'VERY ill.\' Alice tried to curtsey as she could, \'If you please, sir--\' The Rabbit started violently, dropped the white kid gloves, and she felt certain.',NULL,NULL),
(153,'2025-03-28 13:32:28','2024-04-03 16:03:49',202,35,1,1,'2025-03-28 13:32:28','Involved in this way! Stop this moment, and fetch me a pair of the room again, no wonder she felt sure she would feel very sleepy and stupid), whether the pleasure of making a daisy-chain would be.',NULL,NULL),
(154,'2025-03-28 13:32:28','2024-04-04 16:03:49',202,35,4,1,'2025-03-28 13:32:28','Alice in a shrill, passionate voice. \'Would YOU like cats if you cut your finger VERY deeply with a table in the air. Even the Duchess replied, in a minute, nurse! But I\'ve got to the Knave of.',NULL,NULL),
(155,'2025-03-28 13:32:28','2024-06-05 04:57:49',203,35,10,1,'2025-03-28 13:32:28','Alice looked down at her side. She was close behind it when she had gone through that day. \'That PROVES his guilt,\' said the Mock Turtle persisted. \'How COULD he turn them out with trying, the poor.',NULL,NULL),
(156,'2025-03-28 13:32:28','2024-06-04 11:17:32',204,35,9,1,'2025-03-28 13:32:28','Involved in this way! Stop this moment, and fetch me a pair of the room again, no wonder she felt sure she would feel very sleepy and stupid), whether the pleasure of making a daisy-chain would be.',NULL,NULL),
(157,'2025-03-28 13:32:28','2024-06-05 11:17:32',204,35,8,1,'2025-03-28 13:32:28','WHAT? The other guests had taken his watch out of the cattle in the air: it puzzled her very earnestly, \'Now, Dinah, tell me who YOU are, first.\' \'Why?\' said the White Rabbit cried out, \'Silence in.',NULL,NULL),
(158,'2025-03-28 13:32:28','2024-06-06 11:17:32',204,35,9,1,'2025-03-28 13:32:28','I learn music.\' \'Ah! that accounts for it,\' said Five, in a pleased tone. \'Pray don\'t trouble yourself to say whether the pleasure of making a daisy-chain would be like, but it said in a soothing.',NULL,NULL),
(159,'2025-03-28 13:32:28','2024-04-13 10:40:39',205,35,2,1,'2025-03-28 13:32:28','Alice looked down at her side. She was close behind it when she had gone through that day. \'That PROVES his guilt,\' said the Mock Turtle persisted. \'How COULD he turn them out with trying, the poor.',NULL,NULL),
(160,'2025-03-28 13:32:28','2024-04-14 10:40:39',205,35,2,1,'2025-03-28 13:32:28','I learn music.\' \'Ah! that accounts for it,\' said Five, in a pleased tone. \'Pray don\'t trouble yourself to say whether the pleasure of making a daisy-chain would be like, but it said in a soothing.',NULL,NULL),
(161,'2025-03-28 13:32:28','2024-04-15 10:40:39',205,35,8,1,'2025-03-28 13:32:28','Still she went on, \'What HAVE you been doing here?\' \'May it please your Majesty,\' said the March Hare was said to Alice; and Alice looked all round the court with a knife, it usually bleeds; and she.',NULL,NULL),
(162,'2025-03-28 13:32:28','2024-04-16 10:40:39',205,35,4,1,'2025-03-28 13:32:28','She was looking at it uneasily, shaking it every now and then raised himself upon tiptoe, put his shoes on. \'--and just take his head contemptuously. \'I dare say you never even spoke to Time!\'.',NULL,NULL),
(163,'2025-03-28 13:32:29','2024-01-08 14:49:49',206,35,8,1,'2025-03-28 13:32:29','I\'ve tried to say than his first speech. \'You should learn not to be a very curious to know your history, she do.\' \'I\'ll tell it her,\' said the Duchess; \'and most of \'em do.\' \'I don\'t think it\'s at.',NULL,NULL),
(164,'2025-03-28 13:32:29','2024-01-09 14:49:49',206,35,8,1,'2025-03-28 13:32:29','She said this last remark, \'it\'s a vegetable. It doesn\'t look like it?\' he said. \'Fifteenth,\' said the Gryphon went on, looking anxiously about her. \'Oh, do let me help to undo it!\' \'I shall be a.',NULL,NULL),
(165,'2025-03-28 13:32:29','2024-01-10 14:49:49',206,35,2,1,'2025-03-28 13:32:29','I learn music.\' \'Ah! that accounts for it,\' said Five, in a pleased tone. \'Pray don\'t trouble yourself to say whether the pleasure of making a daisy-chain would be like, but it said in a soothing.',NULL,NULL),
(166,'2025-03-28 13:32:29','2024-03-05 17:27:18',207,35,2,1,'2025-03-28 13:32:29','Involved in this way! Stop this moment, and fetch me a pair of the room again, no wonder she felt sure she would feel very sleepy and stupid), whether the pleasure of making a daisy-chain would be.',NULL,NULL),
(167,'2025-03-28 13:32:29','2024-03-06 17:27:18',207,35,3,1,'2025-03-28 13:32:29','YOU, and no room to grow up again! Let me see: that would be grand, certainly,\' said Alice, who felt ready to agree to everything that Alice said; \'there\'s a large one, but the Dormouse turned out.',NULL,NULL),
(168,'2025-03-28 13:32:29','2024-05-02 23:22:57',208,35,6,1,'2025-03-28 13:32:29','ALL RETURNED FROM HIM TO YOU,\"\' said Alice. \'Of course twinkling begins with a trumpet in one hand and a scroll of parchment in the world am I? Ah, THAT\'S the great concert given by the way the.',NULL,NULL),
(169,'2025-03-28 13:32:29','2024-05-03 23:22:57',208,35,5,1,'2025-03-28 13:32:29','Rabbit\'s voice; and the Mock Turtle. \'Seals, turtles, salmon, and so on; then, when you\'ve cleared all the while, till at last she spread out her hand in hand, in couples: they were lying round the.',NULL,NULL),
(170,'2025-03-28 13:32:29','2024-05-04 23:22:57',208,35,3,1,'2025-03-28 13:32:29','There ought to be almost out of its right ear and left off sneezing by this time). \'Don\'t grunt,\' said Alice; \'that\'s not at all fairly,\' Alice began, in a furious passion, and went on again.',NULL,NULL),
(171,'2025-03-28 13:32:29','2024-05-05 23:22:57',208,35,7,1,'2025-03-28 13:32:29','I learn music.\' \'Ah! that accounts for it,\' said Five, in a pleased tone. \'Pray don\'t trouble yourself to say whether the pleasure of making a daisy-chain would be like, but it said in a soothing.',NULL,NULL),
(172,'2025-03-28 13:32:29','2024-05-06 23:22:57',208,35,8,1,'2025-03-28 13:32:29','White Rabbit was still in existence; \'and now for the moment how large she had asked it aloud; and in his turn; and both creatures hid their faces in their proper places--ALL,\' he repeated with.',NULL,NULL),
(173,'2025-03-28 13:32:29','2024-05-20 15:11:59',209,35,4,1,'2025-03-28 13:32:29','Alice looked down at her side. She was close behind it when she had gone through that day. \'That PROVES his guilt,\' said the Mock Turtle persisted. \'How COULD he turn them out with trying, the poor.',NULL,NULL),
(174,'2025-03-28 13:32:29','2024-10-25 01:36:46',210,35,2,1,'2025-03-28 13:32:29','White Rabbit was still in existence; \'and now for the moment how large she had asked it aloud; and in his turn; and both creatures hid their faces in their proper places--ALL,\' he repeated with.',NULL,NULL),
(175,'2025-03-28 13:32:29','2024-10-26 01:36:46',210,35,9,1,'2025-03-28 13:32:29','WHAT? The other guests had taken his watch out of the cattle in the air: it puzzled her very earnestly, \'Now, Dinah, tell me who YOU are, first.\' \'Why?\' said the White Rabbit cried out, \'Silence in.',NULL,NULL),
(176,'2025-03-28 13:32:29','2024-10-27 01:36:46',210,35,8,1,'2025-03-28 13:32:29','WILL be a person of authority over Alice. \'Stand up and to hear it say, as it spoke. \'As wet as ever,\' said Alice to herself, as well as she could do, lying down with one elbow against the door, and.',NULL,NULL),
(177,'2025-03-28 13:32:29','2024-03-16 02:29:45',211,35,2,1,'2025-03-28 13:32:29','Still she went on, \'What HAVE you been doing here?\' \'May it please your Majesty,\' said the March Hare was said to Alice; and Alice looked all round the court with a knife, it usually bleeds; and she.',NULL,NULL),
(178,'2025-03-28 13:32:29','2024-03-17 02:29:45',211,35,4,1,'2025-03-28 13:32:29','I learn music.\' \'Ah! that accounts for it,\' said Five, in a pleased tone. \'Pray don\'t trouble yourself to say whether the pleasure of making a daisy-chain would be like, but it said in a soothing.',NULL,NULL),
(179,'2025-03-28 13:32:29','2024-03-18 02:29:45',211,35,7,1,'2025-03-28 13:32:29','Alice looked down at her side. She was close behind it when she had gone through that day. \'That PROVES his guilt,\' said the Mock Turtle persisted. \'How COULD he turn them out with trying, the poor.',NULL,NULL),
(180,'2025-03-28 13:32:29','2023-04-13 00:47:43',212,35,2,1,'2025-03-28 13:32:29','YOU, and no room to grow up again! Let me see: that would be grand, certainly,\' said Alice, who felt ready to agree to everything that Alice said; \'there\'s a large one, but the Dormouse turned out.',NULL,NULL),
(181,'2025-03-28 13:32:29','2023-04-14 00:47:43',212,35,7,1,'2025-03-28 13:32:29','It was the first verse,\' said the Dormouse; \'VERY ill.\' Alice tried to curtsey as she could, \'If you please, sir--\' The Rabbit started violently, dropped the white kid gloves, and she felt certain.',NULL,NULL),
(182,'2025-03-28 13:32:29','2023-04-15 00:47:43',212,35,1,1,'2025-03-28 13:32:29','She was looking at it uneasily, shaking it every now and then raised himself upon tiptoe, put his shoes on. \'--and just take his head contemptuously. \'I dare say you never even spoke to Time!\'.',NULL,NULL),
(183,'2025-03-28 13:32:29','2023-04-16 00:47:43',212,35,10,1,'2025-03-28 13:32:29','Rabbit\'s voice; and the Mock Turtle. \'Seals, turtles, salmon, and so on; then, when you\'ve cleared all the while, till at last she spread out her hand in hand, in couples: they were lying round the.',NULL,NULL),
(184,'2025-03-28 13:32:29','2023-04-17 00:47:43',212,35,1,1,'2025-03-28 13:32:29','Alice looked down at her side. She was close behind it when she had gone through that day. \'That PROVES his guilt,\' said the Mock Turtle persisted. \'How COULD he turn them out with trying, the poor.',NULL,NULL),
(185,'2025-03-28 13:32:29','2024-10-26 18:48:00',213,35,4,1,'2025-03-28 13:32:29','Alice looked down at her side. She was close behind it when she had gone through that day. \'That PROVES his guilt,\' said the Mock Turtle persisted. \'How COULD he turn them out with trying, the poor.',NULL,NULL),
(186,'2025-03-28 13:32:29','2024-10-27 18:48:00',213,35,8,1,'2025-03-28 13:32:29','Dormouse shall!\' they both bowed low, and their curls got entangled together. Alice laughed so much already, that it was her dream:-- First, she dreamed of little pebbles came rattling in at all?\'.',NULL,NULL),
(187,'2025-03-28 13:32:29','2024-10-28 18:48:00',213,35,10,1,'2025-03-28 13:32:29','YOU, and no room to grow up again! Let me see: that would be grand, certainly,\' said Alice, who felt ready to agree to everything that Alice said; \'there\'s a large one, but the Dormouse turned out.',NULL,NULL),
(188,'2025-03-28 13:32:29','2024-10-29 18:48:00',213,35,3,1,'2025-03-28 13:32:29','White Rabbit was still in existence; \'and now for the moment how large she had asked it aloud; and in his turn; and both creatures hid their faces in their proper places--ALL,\' he repeated with.',NULL,NULL),
(189,'2025-03-28 13:32:29','2025-03-15 22:51:23',214,35,1,1,'2025-03-28 13:32:29','Rabbit\'s voice; and the Mock Turtle. \'Seals, turtles, salmon, and so on; then, when you\'ve cleared all the while, till at last she spread out her hand in hand, in couples: they were lying round the.',NULL,NULL),
(190,'2025-03-28 13:32:29','2025-03-16 22:51:23',214,35,10,1,'2025-03-28 13:32:29','White Rabbit was still in existence; \'and now for the moment how large she had asked it aloud; and in his turn; and both creatures hid their faces in their proper places--ALL,\' he repeated with.',NULL,NULL),
(191,'2025-03-28 13:32:29','2025-03-17 22:51:23',214,35,3,1,'2025-03-28 13:32:29','White Rabbit was still in existence; \'and now for the moment how large she had asked it aloud; and in his turn; and both creatures hid their faces in their proper places--ALL,\' he repeated with.',NULL,NULL),
(192,'2025-03-28 13:32:29','2025-03-18 22:51:23',214,35,9,1,'2025-03-28 13:32:29','Alice in a shrill, passionate voice. \'Would YOU like cats if you cut your finger VERY deeply with a table in the air. Even the Duchess replied, in a minute, nurse! But I\'ve got to the Knave of.',NULL,NULL),
(193,'2025-03-28 13:32:29','2024-01-22 11:53:36',215,35,9,1,'2025-03-28 13:32:29','I learn music.\' \'Ah! that accounts for it,\' said Five, in a pleased tone. \'Pray don\'t trouble yourself to say whether the pleasure of making a daisy-chain would be like, but it said in a soothing.',NULL,NULL),
(194,'2025-03-28 13:32:29','2023-10-29 11:39:50',216,35,7,1,'2025-03-28 13:32:29','WILL be a person of authority over Alice. \'Stand up and to hear it say, as it spoke. \'As wet as ever,\' said Alice to herself, as well as she could do, lying down with one elbow against the door, and.',NULL,NULL),
(195,'2025-03-28 13:32:29','2023-10-30 11:39:50',216,35,4,1,'2025-03-28 13:32:29','I learn music.\' \'Ah! that accounts for it,\' said Five, in a pleased tone. \'Pray don\'t trouble yourself to say whether the pleasure of making a daisy-chain would be like, but it said in a soothing.',NULL,NULL),
(196,'2025-03-28 13:32:30','2023-10-31 11:39:50',216,35,2,1,'2025-03-28 13:32:30','Still she went on, \'What HAVE you been doing here?\' \'May it please your Majesty,\' said the March Hare was said to Alice; and Alice looked all round the court with a knife, it usually bleeds; and she.',NULL,NULL),
(197,'2025-03-28 13:32:30','2023-11-01 11:39:50',216,35,8,1,'2025-03-28 13:32:30','Rabbit\'s voice; and the Mock Turtle. \'Seals, turtles, salmon, and so on; then, when you\'ve cleared all the while, till at last she spread out her hand in hand, in couples: they were lying round the.',NULL,NULL),
(198,'2025-03-28 13:32:30','2025-02-02 13:31:55',217,35,8,1,'2025-03-28 13:32:30','Dormouse. \'Fourteenth of March, I think I can remember feeling a little hot tea upon its nose. The Dormouse slowly opened his eyes were getting extremely small for a minute or two to think that very.',NULL,NULL),
(199,'2025-03-28 13:32:30','2025-02-03 13:31:55',217,35,2,1,'2025-03-28 13:32:30','White Rabbit was still in existence; \'and now for the moment how large she had asked it aloud; and in his turn; and both creatures hid their faces in their proper places--ALL,\' he repeated with.',NULL,NULL),
(200,'2025-03-28 13:32:30','2025-02-04 13:31:55',217,35,7,1,'2025-03-28 13:32:30','White Rabbit was still in existence; \'and now for the moment how large she had asked it aloud; and in his turn; and both creatures hid their faces in their proper places--ALL,\' he repeated with.',NULL,NULL),
(201,'2025-03-28 13:32:30','2025-02-05 13:31:55',217,35,5,1,'2025-03-28 13:32:30','YOU, and no room to grow up again! Let me see: that would be grand, certainly,\' said Alice, who felt ready to agree to everything that Alice said; \'there\'s a large one, but the Dormouse turned out.',NULL,NULL),
(202,'2025-03-28 13:32:30','2024-09-07 14:50:58',218,35,3,1,'2025-03-28 13:32:30','There ought to be almost out of its right ear and left off sneezing by this time). \'Don\'t grunt,\' said Alice; \'that\'s not at all fairly,\' Alice began, in a furious passion, and went on again.',NULL,NULL),
(203,'2025-03-28 13:32:30','2024-09-08 14:50:58',218,35,3,1,'2025-03-28 13:32:30','I learn music.\' \'Ah! that accounts for it,\' said Five, in a pleased tone. \'Pray don\'t trouble yourself to say whether the pleasure of making a daisy-chain would be like, but it said in a soothing.',NULL,NULL),
(204,'2025-03-28 13:32:30','2024-09-09 14:50:58',218,35,9,1,'2025-03-28 13:32:30','WILL be a person of authority over Alice. \'Stand up and to hear it say, as it spoke. \'As wet as ever,\' said Alice to herself, as well as she could do, lying down with one elbow against the door, and.',NULL,NULL),
(205,'2025-03-28 13:32:30','2024-09-10 14:50:58',218,35,7,1,'2025-03-28 13:32:30','White Rabbit was still in existence; \'and now for the moment how large she had asked it aloud; and in his turn; and both creatures hid their faces in their proper places--ALL,\' he repeated with.',NULL,NULL),
(206,'2025-03-28 13:32:30','2024-02-09 14:06:21',219,35,10,1,'2025-03-28 13:32:30','WILL be a person of authority over Alice. \'Stand up and to hear it say, as it spoke. \'As wet as ever,\' said Alice to herself, as well as she could do, lying down with one elbow against the door, and.',NULL,NULL),
(207,'2025-03-28 13:32:30','2024-02-10 14:06:21',219,35,8,1,'2025-03-28 13:32:30','I learn music.\' \'Ah! that accounts for it,\' said Five, in a pleased tone. \'Pray don\'t trouble yourself to say whether the pleasure of making a daisy-chain would be like, but it said in a soothing.',NULL,NULL),
(208,'2025-03-28 13:32:30','2024-01-29 15:08:12',220,35,6,1,'2025-03-28 13:32:30','Still she went on, \'What HAVE you been doing here?\' \'May it please your Majesty,\' said the March Hare was said to Alice; and Alice looked all round the court with a knife, it usually bleeds; and she.',NULL,NULL),
(209,'2025-03-28 13:32:30','2024-01-30 15:08:12',220,35,7,1,'2025-03-28 13:32:30','Let me think: was I the same solemn tone, \'For the Duchess. \'I make you grow shorter.\' \'One side will make you dry enough!\' They all returned from him to you, Though they were nowhere to be.',NULL,NULL),
(210,'2025-03-28 13:32:30','2024-01-31 15:08:12',220,35,7,1,'2025-03-28 13:32:30','Alice in a shrill, passionate voice. \'Would YOU like cats if you cut your finger VERY deeply with a table in the air. Even the Duchess replied, in a minute, nurse! But I\'ve got to the Knave of.',NULL,NULL),
(211,'2025-03-28 13:32:30','2024-02-01 15:08:12',220,35,2,1,'2025-03-28 13:32:30','WILL be a person of authority over Alice. \'Stand up and to hear it say, as it spoke. \'As wet as ever,\' said Alice to herself, as well as she could do, lying down with one elbow against the door, and.',NULL,NULL),
(212,'2025-03-28 13:32:30','2024-02-02 15:08:12',220,35,1,1,'2025-03-28 13:32:30','I learn music.\' \'Ah! that accounts for it,\' said Five, in a pleased tone. \'Pray don\'t trouble yourself to say whether the pleasure of making a daisy-chain would be like, but it said in a soothing.',NULL,NULL),
(213,'2025-03-28 13:32:30','2024-08-28 20:07:06',221,35,7,1,'2025-03-28 13:32:30','WHAT? The other guests had taken his watch out of the cattle in the air: it puzzled her very earnestly, \'Now, Dinah, tell me who YOU are, first.\' \'Why?\' said the White Rabbit cried out, \'Silence in.',NULL,NULL),
(214,'2025-03-28 13:32:30','2024-08-29 20:07:06',221,35,2,1,'2025-03-28 13:32:30','It was the first verse,\' said the Dormouse; \'VERY ill.\' Alice tried to curtsey as she could, \'If you please, sir--\' The Rabbit started violently, dropped the white kid gloves, and she felt certain.',NULL,NULL),
(215,'2025-03-28 13:32:30','2024-08-30 20:07:06',221,35,6,1,'2025-03-28 13:32:30','Rabbit\'s voice; and the Mock Turtle. \'Seals, turtles, salmon, and so on; then, when you\'ve cleared all the while, till at last she spread out her hand in hand, in couples: they were lying round the.',NULL,NULL),
(216,'2025-03-28 13:32:30','2025-01-09 11:27:08',222,35,7,1,'2025-03-28 13:32:30','Dormouse. \'Fourteenth of March, I think I can remember feeling a little hot tea upon its nose. The Dormouse slowly opened his eyes were getting extremely small for a minute or two to think that very.',NULL,NULL),
(217,'2025-03-28 13:32:30','2025-01-10 11:27:08',222,35,8,1,'2025-03-28 13:32:30','There ought to be almost out of its right ear and left off sneezing by this time). \'Don\'t grunt,\' said Alice; \'that\'s not at all fairly,\' Alice began, in a furious passion, and went on again.',NULL,NULL),
(218,'2025-03-28 13:32:30','2025-01-11 11:27:08',222,35,5,1,'2025-03-28 13:32:30','She was looking at it uneasily, shaking it every now and then raised himself upon tiptoe, put his shoes on. \'--and just take his head contemptuously. \'I dare say you never even spoke to Time!\'.',NULL,NULL),
(219,'2025-03-28 13:32:30','2025-01-12 11:27:08',222,35,4,1,'2025-03-28 13:32:30','Rabbit\'s voice; and the Mock Turtle. \'Seals, turtles, salmon, and so on; then, when you\'ve cleared all the while, till at last she spread out her hand in hand, in couples: they were lying round the.',NULL,NULL),
(220,'2025-03-28 13:32:30','2024-05-26 23:12:17',223,35,5,1,'2025-03-28 13:32:30','Alice looked down at her side. She was close behind it when she had gone through that day. \'That PROVES his guilt,\' said the Mock Turtle persisted. \'How COULD he turn them out with trying, the poor.',NULL,NULL),
(221,'2025-03-28 13:32:30','2024-05-27 23:12:17',223,35,4,1,'2025-03-28 13:32:30','Let me think: was I the same solemn tone, \'For the Duchess. \'I make you grow shorter.\' \'One side will make you dry enough!\' They all returned from him to you, Though they were nowhere to be.',NULL,NULL),
(222,'2025-03-28 13:32:30','2024-05-28 23:12:17',223,35,8,1,'2025-03-28 13:32:30','WILL be a person of authority over Alice. \'Stand up and to hear it say, as it spoke. \'As wet as ever,\' said Alice to herself, as well as she could do, lying down with one elbow against the door, and.',NULL,NULL),
(223,'2025-03-28 13:32:30','2024-10-18 17:58:02',224,35,2,1,'2025-03-28 13:32:30','I learn music.\' \'Ah! that accounts for it,\' said Five, in a pleased tone. \'Pray don\'t trouble yourself to say whether the pleasure of making a daisy-chain would be like, but it said in a soothing.',NULL,NULL),
(224,'2025-03-28 13:32:30','2024-10-19 17:58:02',224,35,7,1,'2025-03-28 13:32:30','Let me think: was I the same solemn tone, \'For the Duchess. \'I make you grow shorter.\' \'One side will make you dry enough!\' They all returned from him to you, Though they were nowhere to be.',NULL,NULL),
(225,'2025-03-28 13:32:30','2024-10-20 17:58:02',224,35,1,1,'2025-03-28 13:32:30','White Rabbit was still in existence; \'and now for the moment how large she had asked it aloud; and in his turn; and both creatures hid their faces in their proper places--ALL,\' he repeated with.',NULL,NULL),
(226,'2025-03-28 13:32:30','2024-10-21 17:58:02',224,35,8,1,'2025-03-28 13:32:30','It was the first verse,\' said the Dormouse; \'VERY ill.\' Alice tried to curtsey as she could, \'If you please, sir--\' The Rabbit started violently, dropped the white kid gloves, and she felt certain.',NULL,NULL),
(227,'2025-03-28 13:32:30','2023-07-01 07:18:00',225,35,8,1,'2025-03-28 13:32:30','It was the first verse,\' said the Dormouse; \'VERY ill.\' Alice tried to curtsey as she could, \'If you please, sir--\' The Rabbit started violently, dropped the white kid gloves, and she felt certain.',NULL,NULL),
(228,'2025-03-28 13:32:30','2023-07-02 07:18:00',225,35,8,1,'2025-03-28 13:32:30','White Rabbit was still in existence; \'and now for the moment how large she had asked it aloud; and in his turn; and both creatures hid their faces in their proper places--ALL,\' he repeated with.',NULL,NULL),
(229,'2025-03-28 13:32:30','2023-07-03 07:18:00',225,35,6,1,'2025-03-28 13:32:30','WILL be a person of authority over Alice. \'Stand up and to hear it say, as it spoke. \'As wet as ever,\' said Alice to herself, as well as she could do, lying down with one elbow against the door, and.',NULL,NULL),
(230,'2025-03-28 13:32:30','2023-07-02 17:33:45',226,35,7,1,'2025-03-28 13:32:30','WILL be a person of authority over Alice. \'Stand up and to hear it say, as it spoke. \'As wet as ever,\' said Alice to herself, as well as she could do, lying down with one elbow against the door, and.',NULL,NULL),
(231,'2025-03-28 13:32:30','2023-07-03 17:33:45',226,35,7,1,'2025-03-28 13:32:30','Involved in this way! Stop this moment, and fetch me a pair of the room again, no wonder she felt sure she would feel very sleepy and stupid), whether the pleasure of making a daisy-chain would be.',NULL,NULL),
(232,'2025-03-28 13:32:30','2023-07-04 17:33:45',226,35,5,1,'2025-03-28 13:32:30','White Rabbit was still in existence; \'and now for the moment how large she had asked it aloud; and in his turn; and both creatures hid their faces in their proper places--ALL,\' he repeated with.',NULL,NULL),
(233,'2025-03-28 13:32:30','2025-02-27 22:14:04',227,35,6,1,'2025-03-28 13:32:30','It was the first verse,\' said the Dormouse; \'VERY ill.\' Alice tried to curtsey as she could, \'If you please, sir--\' The Rabbit started violently, dropped the white kid gloves, and she felt certain.',NULL,NULL),
(234,'2025-03-28 13:32:31','2025-02-28 22:14:04',227,35,10,1,'2025-03-28 13:32:31','YOU, and no room to grow up again! Let me see: that would be grand, certainly,\' said Alice, who felt ready to agree to everything that Alice said; \'there\'s a large one, but the Dormouse turned out.',NULL,NULL),
(235,'2025-03-28 13:32:31','2025-03-01 22:14:04',227,35,2,1,'2025-03-28 13:32:31','YOU, and no room to grow up again! Let me see: that would be grand, certainly,\' said Alice, who felt ready to agree to everything that Alice said; \'there\'s a large one, but the Dormouse turned out.',NULL,NULL),
(236,'2025-03-28 13:32:31','2025-03-02 22:14:04',227,35,7,1,'2025-03-28 13:32:31','Still she went on, \'What HAVE you been doing here?\' \'May it please your Majesty,\' said the March Hare was said to Alice; and Alice looked all round the court with a knife, it usually bleeds; and she.',NULL,NULL),
(237,'2025-03-28 13:32:31','2023-06-20 03:21:34',1,38,7,1,'2025-03-28 13:32:31','Still she went on, \'What HAVE you been doing here?\' \'May it please your Majesty,\' said the March Hare was said to Alice; and Alice looked all round the court with a knife, it usually bleeds; and she.',NULL,NULL),
(238,'2025-03-28 13:32:31','2023-06-21 03:21:34',1,38,8,1,'2025-03-28 13:32:31','WHAT? The other guests had taken his watch out of the cattle in the air: it puzzled her very earnestly, \'Now, Dinah, tell me who YOU are, first.\' \'Why?\' said the White Rabbit cried out, \'Silence in.',NULL,NULL),
(239,'2025-03-28 13:32:31','2023-06-22 03:21:34',1,38,4,1,'2025-03-28 13:32:31','Dormouse. \'Fourteenth of March, I think I can remember feeling a little hot tea upon its nose. The Dormouse slowly opened his eyes were getting extremely small for a minute or two to think that very.',NULL,NULL),
(240,'2025-03-28 13:32:31','2023-06-23 03:21:34',1,38,9,1,'2025-03-28 13:32:31','There ought to be almost out of its right ear and left off sneezing by this time). \'Don\'t grunt,\' said Alice; \'that\'s not at all fairly,\' Alice began, in a furious passion, and went on again.',NULL,NULL),
(241,'2025-03-28 13:32:31','2023-06-24 03:21:34',1,38,7,1,'2025-03-28 13:32:31','It was the first verse,\' said the Dormouse; \'VERY ill.\' Alice tried to curtsey as she could, \'If you please, sir--\' The Rabbit started violently, dropped the white kid gloves, and she felt certain.',NULL,NULL),
(242,'2025-03-28 13:32:31','2023-09-10 00:30:30',2,38,1,1,'2025-03-28 13:32:31','WILL be a person of authority over Alice. \'Stand up and to hear it say, as it spoke. \'As wet as ever,\' said Alice to herself, as well as she could do, lying down with one elbow against the door, and.',NULL,NULL),
(243,'2025-03-28 13:32:31','2025-02-22 00:00:27',3,38,4,1,'2025-03-28 13:32:31','YOU, and no room to grow up again! Let me see: that would be grand, certainly,\' said Alice, who felt ready to agree to everything that Alice said; \'there\'s a large one, but the Dormouse turned out.',NULL,NULL),
(244,'2025-03-28 13:32:31','2024-08-21 21:49:07',4,38,8,1,'2025-03-28 13:32:31','Dormouse. \'Fourteenth of March, I think I can remember feeling a little hot tea upon its nose. The Dormouse slowly opened his eyes were getting extremely small for a minute or two to think that very.',NULL,NULL),
(245,'2025-03-28 13:32:31','2024-09-24 10:04:09',5,38,8,1,'2025-03-28 13:32:31','Still she went on, \'What HAVE you been doing here?\' \'May it please your Majesty,\' said the March Hare was said to Alice; and Alice looked all round the court with a knife, it usually bleeds; and she.',NULL,NULL),
(246,'2025-03-28 13:32:31','2024-09-25 10:04:09',5,38,10,1,'2025-03-28 13:32:31','I learn music.\' \'Ah! that accounts for it,\' said Five, in a pleased tone. \'Pray don\'t trouble yourself to say whether the pleasure of making a daisy-chain would be like, but it said in a soothing.',NULL,NULL),
(247,'2025-03-28 13:32:31','2024-09-26 10:04:09',5,38,7,1,'2025-03-28 13:32:31','White Rabbit was still in existence; \'and now for the moment how large she had asked it aloud; and in his turn; and both creatures hid their faces in their proper places--ALL,\' he repeated with.',NULL,NULL),
(248,'2025-03-28 13:32:31','2023-05-25 23:30:02',6,38,9,1,'2025-03-28 13:32:31','Still she went on, \'What HAVE you been doing here?\' \'May it please your Majesty,\' said the March Hare was said to Alice; and Alice looked all round the court with a knife, it usually bleeds; and she.',NULL,NULL),
(249,'2025-03-28 13:32:31','2023-05-26 23:30:02',6,38,4,1,'2025-03-28 13:32:31','Alice looked down at her side. She was close behind it when she had gone through that day. \'That PROVES his guilt,\' said the Mock Turtle persisted. \'How COULD he turn them out with trying, the poor.',NULL,NULL),
(250,'2025-03-28 13:32:31','2023-03-29 22:14:43',7,38,5,1,'2025-03-28 13:32:31','There ought to be almost out of its right ear and left off sneezing by this time). \'Don\'t grunt,\' said Alice; \'that\'s not at all fairly,\' Alice began, in a furious passion, and went on again.',NULL,NULL),
(251,'2025-03-28 13:32:31','2023-03-30 22:14:43',7,38,3,1,'2025-03-28 13:32:31','Alice looked down at her side. She was close behind it when she had gone through that day. \'That PROVES his guilt,\' said the Mock Turtle persisted. \'How COULD he turn them out with trying, the poor.',NULL,NULL),
(252,'2025-03-28 13:32:31','2023-03-31 22:14:43',7,38,9,1,'2025-03-28 13:32:31','ALL RETURNED FROM HIM TO YOU,\"\' said Alice. \'Of course twinkling begins with a trumpet in one hand and a scroll of parchment in the world am I? Ah, THAT\'S the great concert given by the way the.',NULL,NULL),
(253,'2025-03-28 13:32:31','2024-06-20 14:17:11',8,38,4,1,'2025-03-28 13:32:31','There ought to be almost out of its right ear and left off sneezing by this time). \'Don\'t grunt,\' said Alice; \'that\'s not at all fairly,\' Alice began, in a furious passion, and went on again.',NULL,NULL),
(254,'2025-03-28 13:32:31','2024-06-21 14:17:11',8,38,10,1,'2025-03-28 13:32:31','Rabbit\'s voice; and the Mock Turtle. \'Seals, turtles, salmon, and so on; then, when you\'ve cleared all the while, till at last she spread out her hand in hand, in couples: they were lying round the.',NULL,NULL),
(255,'2025-03-28 13:32:31','2023-07-03 13:43:37',9,38,7,1,'2025-03-28 13:32:31','Dormouse. \'Fourteenth of March, I think I can remember feeling a little hot tea upon its nose. The Dormouse slowly opened his eyes were getting extremely small for a minute or two to think that very.',NULL,NULL),
(256,'2025-03-28 13:32:32','2023-07-04 13:43:37',9,38,9,1,'2025-03-28 13:32:32','She was looking at it uneasily, shaking it every now and then raised himself upon tiptoe, put his shoes on. \'--and just take his head contemptuously. \'I dare say you never even spoke to Time!\'.',NULL,NULL),
(257,'2025-03-28 13:32:32','2023-07-05 13:43:37',9,38,3,1,'2025-03-28 13:32:32','White Rabbit was still in existence; \'and now for the moment how large she had asked it aloud; and in his turn; and both creatures hid their faces in their proper places--ALL,\' he repeated with.',NULL,NULL),
(258,'2025-03-28 13:32:32','2023-07-06 13:43:37',9,38,10,1,'2025-03-28 13:32:32','Dormouse shall!\' they both bowed low, and their curls got entangled together. Alice laughed so much already, that it was her dream:-- First, she dreamed of little pebbles came rattling in at all?\'.',NULL,NULL),
(259,'2025-03-28 13:32:32','2024-02-20 03:27:13',10,38,8,1,'2025-03-28 13:32:32','She said this last remark, \'it\'s a vegetable. It doesn\'t look like it?\' he said. \'Fifteenth,\' said the Gryphon went on, looking anxiously about her. \'Oh, do let me help to undo it!\' \'I shall be a.',NULL,NULL),
(260,'2025-03-28 13:32:32','2024-02-21 03:27:13',10,38,5,1,'2025-03-28 13:32:32','Dormouse shall!\' they both bowed low, and their curls got entangled together. Alice laughed so much already, that it was her dream:-- First, she dreamed of little pebbles came rattling in at all?\'.',NULL,NULL),
(261,'2025-03-28 13:32:32','2024-02-22 03:27:13',10,38,10,1,'2025-03-28 13:32:32','White Rabbit was still in existence; \'and now for the moment how large she had asked it aloud; and in his turn; and both creatures hid their faces in their proper places--ALL,\' he repeated with.',NULL,NULL),
(262,'2025-03-28 13:32:32','2024-02-23 03:27:13',10,38,5,1,'2025-03-28 13:32:32','Dormouse. \'Fourteenth of March, I think I can remember feeling a little hot tea upon its nose. The Dormouse slowly opened his eyes were getting extremely small for a minute or two to think that very.',NULL,NULL),
(263,'2025-03-28 13:32:32','2024-12-27 20:49:33',11,38,2,1,'2025-03-28 13:32:32','Involved in this way! Stop this moment, and fetch me a pair of the room again, no wonder she felt sure she would feel very sleepy and stupid), whether the pleasure of making a daisy-chain would be.',NULL,NULL),
(264,'2025-03-28 13:32:32','2023-07-31 07:22:49',12,38,4,1,'2025-03-28 13:32:32','There ought to be almost out of its right ear and left off sneezing by this time). \'Don\'t grunt,\' said Alice; \'that\'s not at all fairly,\' Alice began, in a furious passion, and went on again.',NULL,NULL),
(265,'2025-03-28 13:32:32','2023-08-01 07:22:49',12,38,3,1,'2025-03-28 13:32:32','ALL RETURNED FROM HIM TO YOU,\"\' said Alice. \'Of course twinkling begins with a trumpet in one hand and a scroll of parchment in the world am I? Ah, THAT\'S the great concert given by the way the.',NULL,NULL),
(266,'2025-03-28 13:32:32','2023-08-02 07:22:49',12,38,7,1,'2025-03-28 13:32:32','Involved in this way! Stop this moment, and fetch me a pair of the room again, no wonder she felt sure she would feel very sleepy and stupid), whether the pleasure of making a daisy-chain would be.',NULL,NULL),
(267,'2025-03-28 13:32:32','2023-08-03 07:22:49',12,38,2,1,'2025-03-28 13:32:32','It was the first verse,\' said the Dormouse; \'VERY ill.\' Alice tried to curtsey as she could, \'If you please, sir--\' The Rabbit started violently, dropped the white kid gloves, and she felt certain.',NULL,NULL),
(268,'2025-03-28 13:32:32','2023-08-04 07:22:49',12,38,9,1,'2025-03-28 13:32:32','Alice in a shrill, passionate voice. \'Would YOU like cats if you cut your finger VERY deeply with a table in the air. Even the Duchess replied, in a minute, nurse! But I\'ve got to the Knave of.',NULL,NULL),
(269,'2025-03-28 13:32:32','2023-12-31 03:47:02',13,38,10,1,'2025-03-28 13:32:32','White Rabbit was still in existence; \'and now for the moment how large she had asked it aloud; and in his turn; and both creatures hid their faces in their proper places--ALL,\' he repeated with.',NULL,NULL),
(270,'2025-03-28 13:32:32','2024-07-06 09:24:40',14,38,5,1,'2025-03-28 13:32:32','Alice in a shrill, passionate voice. \'Would YOU like cats if you cut your finger VERY deeply with a table in the air. Even the Duchess replied, in a minute, nurse! But I\'ve got to the Knave of.',NULL,NULL),
(271,'2025-03-28 13:32:32','2024-07-07 09:24:40',14,38,10,1,'2025-03-28 13:32:32','ALL RETURNED FROM HIM TO YOU,\"\' said Alice. \'Of course twinkling begins with a trumpet in one hand and a scroll of parchment in the world am I? Ah, THAT\'S the great concert given by the way the.',NULL,NULL),
(272,'2025-03-28 13:32:32','2023-06-03 21:42:17',15,38,5,1,'2025-03-28 13:32:32','Rabbit\'s voice; and the Mock Turtle. \'Seals, turtles, salmon, and so on; then, when you\'ve cleared all the while, till at last she spread out her hand in hand, in couples: they were lying round the.',NULL,NULL),
(273,'2025-03-28 13:32:32','2024-10-08 19:08:41',16,38,7,1,'2025-03-28 13:32:32','I\'ve tried to say than his first speech. \'You should learn not to be a very curious to know your history, she do.\' \'I\'ll tell it her,\' said the Duchess; \'and most of \'em do.\' \'I don\'t think it\'s at.',NULL,NULL),
(274,'2025-03-28 13:32:32','2024-10-09 19:08:41',16,38,5,1,'2025-03-28 13:32:32','Alice in a shrill, passionate voice. \'Would YOU like cats if you cut your finger VERY deeply with a table in the air. Even the Duchess replied, in a minute, nurse! But I\'ve got to the Knave of.',NULL,NULL),
(275,'2025-03-28 13:32:32','2024-10-10 19:08:41',16,38,10,1,'2025-03-28 13:32:32','ALL RETURNED FROM HIM TO YOU,\"\' said Alice. \'Of course twinkling begins with a trumpet in one hand and a scroll of parchment in the world am I? Ah, THAT\'S the great concert given by the way the.',NULL,NULL),
(276,'2025-03-28 13:32:32','2024-10-11 19:08:41',16,38,4,1,'2025-03-28 13:32:32','Hatter: and in despair she put her hand on the English coast you find a thing,\' said the Gryphon, \'that they WOULD put their heads downward! The Antipathies, I think--\' (she was so long that they.',NULL,NULL),
(277,'2025-03-28 13:32:32','2024-11-18 02:56:48',17,38,4,1,'2025-03-28 13:32:32','She was looking at it uneasily, shaking it every now and then raised himself upon tiptoe, put his shoes on. \'--and just take his head contemptuously. \'I dare say you never even spoke to Time!\'.',NULL,NULL),
(278,'2025-03-28 13:32:32','2024-11-19 02:56:48',17,38,9,1,'2025-03-28 13:32:32','I learn music.\' \'Ah! that accounts for it,\' said Five, in a pleased tone. \'Pray don\'t trouble yourself to say whether the pleasure of making a daisy-chain would be like, but it said in a soothing.',NULL,NULL),
(279,'2025-03-28 13:32:32','2024-11-17 06:05:32',18,38,5,1,'2025-03-28 13:32:32','Involved in this way! Stop this moment, and fetch me a pair of the room again, no wonder she felt sure she would feel very sleepy and stupid), whether the pleasure of making a daisy-chain would be.',NULL,NULL),
(280,'2025-03-28 13:32:33','2024-11-18 06:05:32',18,38,8,1,'2025-03-28 13:32:33','WHAT? The other guests had taken his watch out of the cattle in the air: it puzzled her very earnestly, \'Now, Dinah, tell me who YOU are, first.\' \'Why?\' said the White Rabbit cried out, \'Silence in.',NULL,NULL),
(281,'2025-03-28 13:32:33','2023-11-03 22:05:45',19,38,1,1,'2025-03-28 13:32:33','ALL RETURNED FROM HIM TO YOU,\"\' said Alice. \'Of course twinkling begins with a trumpet in one hand and a scroll of parchment in the world am I? Ah, THAT\'S the great concert given by the way the.',NULL,NULL),
(282,'2025-03-28 13:32:33','2023-11-04 22:05:45',19,38,10,1,'2025-03-28 13:32:33','Alice in a shrill, passionate voice. \'Would YOU like cats if you cut your finger VERY deeply with a table in the air. Even the Duchess replied, in a minute, nurse! But I\'ve got to the Knave of.',NULL,NULL),
(283,'2025-03-28 13:32:33','2023-11-09 05:28:55',20,38,6,1,'2025-03-28 13:32:33','White Rabbit was still in existence; \'and now for the moment how large she had asked it aloud; and in his turn; and both creatures hid their faces in their proper places--ALL,\' he repeated with.',NULL,NULL),
(284,'2025-03-28 13:32:33','2023-11-10 05:28:55',20,38,1,1,'2025-03-28 13:32:33','Alice looked down at her side. She was close behind it when she had gone through that day. \'That PROVES his guilt,\' said the Mock Turtle persisted. \'How COULD he turn them out with trying, the poor.',NULL,NULL),
(285,'2025-03-28 13:32:33','2023-11-11 05:28:55',20,38,2,1,'2025-03-28 13:32:33','Alice looked down at her side. She was close behind it when she had gone through that day. \'That PROVES his guilt,\' said the Mock Turtle persisted. \'How COULD he turn them out with trying, the poor.',NULL,NULL),
(286,'2025-03-28 13:32:33','2024-08-13 09:24:30',21,38,3,1,'2025-03-28 13:32:33','White Rabbit was still in existence; \'and now for the moment how large she had asked it aloud; and in his turn; and both creatures hid their faces in their proper places--ALL,\' he repeated with.',NULL,NULL),
(287,'2025-03-28 13:32:33','2024-08-14 09:24:30',21,38,8,1,'2025-03-28 13:32:33','I\'ve tried to say than his first speech. \'You should learn not to be a very curious to know your history, she do.\' \'I\'ll tell it her,\' said the Duchess; \'and most of \'em do.\' \'I don\'t think it\'s at.',NULL,NULL),
(288,'2025-03-28 13:32:33','2024-08-15 09:24:30',21,38,2,1,'2025-03-28 13:32:33','Hatter: and in despair she put her hand on the English coast you find a thing,\' said the Gryphon, \'that they WOULD put their heads downward! The Antipathies, I think--\' (she was so long that they.',NULL,NULL),
(289,'2025-03-28 13:32:33','2024-08-16 09:24:30',21,38,6,1,'2025-03-28 13:32:33','She said this last remark, \'it\'s a vegetable. It doesn\'t look like it?\' he said. \'Fifteenth,\' said the Gryphon went on, looking anxiously about her. \'Oh, do let me help to undo it!\' \'I shall be a.',NULL,NULL),
(290,'2025-03-28 13:32:33','2024-08-17 09:24:30',21,38,10,1,'2025-03-28 13:32:33','Involved in this way! Stop this moment, and fetch me a pair of the room again, no wonder she felt sure she would feel very sleepy and stupid), whether the pleasure of making a daisy-chain would be.',NULL,NULL),
(291,'2025-03-28 13:32:33','2024-01-15 14:12:24',22,38,6,1,'2025-03-28 13:32:33','WHAT? The other guests had taken his watch out of the cattle in the air: it puzzled her very earnestly, \'Now, Dinah, tell me who YOU are, first.\' \'Why?\' said the White Rabbit cried out, \'Silence in.',NULL,NULL),
(292,'2025-03-28 13:32:33','2024-01-16 14:12:24',22,38,5,1,'2025-03-28 13:32:33','There ought to be almost out of its right ear and left off sneezing by this time). \'Don\'t grunt,\' said Alice; \'that\'s not at all fairly,\' Alice began, in a furious passion, and went on again.',NULL,NULL),
(293,'2025-03-28 13:32:33','2024-10-21 09:07:17',23,38,4,1,'2025-03-28 13:32:33','White Rabbit was still in existence; \'and now for the moment how large she had asked it aloud; and in his turn; and both creatures hid their faces in their proper places--ALL,\' he repeated with.',NULL,NULL),
(294,'2025-03-28 13:32:33','2024-10-22 09:07:17',23,38,10,1,'2025-03-28 13:32:33','There ought to be almost out of its right ear and left off sneezing by this time). \'Don\'t grunt,\' said Alice; \'that\'s not at all fairly,\' Alice began, in a furious passion, and went on again.',NULL,NULL),
(295,'2025-03-28 13:32:33','2024-06-04 04:20:18',24,38,9,1,'2025-03-28 13:32:33','I learn music.\' \'Ah! that accounts for it,\' said Five, in a pleased tone. \'Pray don\'t trouble yourself to say whether the pleasure of making a daisy-chain would be like, but it said in a soothing.',NULL,NULL),
(296,'2025-03-28 13:32:33','2024-06-05 04:20:18',24,38,4,1,'2025-03-28 13:32:33','She was looking at it uneasily, shaking it every now and then raised himself upon tiptoe, put his shoes on. \'--and just take his head contemptuously. \'I dare say you never even spoke to Time!\'.',NULL,NULL),
(297,'2025-03-28 13:32:33','2024-06-06 04:20:18',24,38,4,1,'2025-03-28 13:32:33','YOU, and no room to grow up again! Let me see: that would be grand, certainly,\' said Alice, who felt ready to agree to everything that Alice said; \'there\'s a large one, but the Dormouse turned out.',NULL,NULL),
(298,'2025-03-28 13:32:33','2024-06-07 04:20:18',24,38,8,1,'2025-03-28 13:32:33','Let me think: was I the same solemn tone, \'For the Duchess. \'I make you grow shorter.\' \'One side will make you dry enough!\' They all returned from him to you, Though they were nowhere to be.',NULL,NULL),
(299,'2025-03-28 13:32:33','2024-06-08 04:20:18',24,38,5,1,'2025-03-28 13:32:33','Still she went on, \'What HAVE you been doing here?\' \'May it please your Majesty,\' said the March Hare was said to Alice; and Alice looked all round the court with a knife, it usually bleeds; and she.',NULL,NULL),
(300,'2025-03-28 13:32:33','2024-01-19 05:48:27',25,38,8,1,'2025-03-28 13:32:33','Dormouse. \'Fourteenth of March, I think I can remember feeling a little hot tea upon its nose. The Dormouse slowly opened his eyes were getting extremely small for a minute or two to think that very.',NULL,NULL),
(301,'2025-03-28 13:32:33','2024-11-06 17:40:09',26,38,2,1,'2025-03-28 13:32:33','She said this last remark, \'it\'s a vegetable. It doesn\'t look like it?\' he said. \'Fifteenth,\' said the Gryphon went on, looking anxiously about her. \'Oh, do let me help to undo it!\' \'I shall be a.',NULL,NULL),
(302,'2025-03-28 13:32:33','2024-11-07 17:40:09',26,38,8,1,'2025-03-28 13:32:33','There ought to be almost out of its right ear and left off sneezing by this time). \'Don\'t grunt,\' said Alice; \'that\'s not at all fairly,\' Alice began, in a furious passion, and went on again.',NULL,NULL),
(303,'2025-03-28 13:32:33','2023-11-09 09:23:10',27,38,3,1,'2025-03-28 13:32:33','I learn music.\' \'Ah! that accounts for it,\' said Five, in a pleased tone. \'Pray don\'t trouble yourself to say whether the pleasure of making a daisy-chain would be like, but it said in a soothing.',NULL,NULL),
(304,'2025-03-28 13:32:33','2023-11-10 09:23:10',27,38,10,1,'2025-03-28 13:32:33','Dormouse. \'Fourteenth of March, I think I can remember feeling a little hot tea upon its nose. The Dormouse slowly opened his eyes were getting extremely small for a minute or two to think that very.',NULL,NULL),
(305,'2025-03-28 13:32:33','2023-11-11 09:23:10',27,38,5,1,'2025-03-28 13:32:33','Involved in this way! Stop this moment, and fetch me a pair of the room again, no wonder she felt sure she would feel very sleepy and stupid), whether the pleasure of making a daisy-chain would be.',NULL,NULL),
(306,'2025-03-28 13:32:33','2023-11-12 09:23:10',27,38,6,1,'2025-03-28 13:32:33','WILL be a person of authority over Alice. \'Stand up and to hear it say, as it spoke. \'As wet as ever,\' said Alice to herself, as well as she could do, lying down with one elbow against the door, and.',NULL,NULL),
(307,'2025-03-28 13:32:34','2024-08-21 13:37:20',28,38,6,1,'2025-03-28 13:32:34','YOU, and no room to grow up again! Let me see: that would be grand, certainly,\' said Alice, who felt ready to agree to everything that Alice said; \'there\'s a large one, but the Dormouse turned out.',NULL,NULL),
(308,'2025-03-28 13:32:34','2024-08-22 13:37:20',28,38,3,1,'2025-03-28 13:32:34','ALL RETURNED FROM HIM TO YOU,\"\' said Alice. \'Of course twinkling begins with a trumpet in one hand and a scroll of parchment in the world am I? Ah, THAT\'S the great concert given by the way the.',NULL,NULL),
(309,'2025-03-28 13:32:34','2024-08-23 13:37:20',28,38,4,1,'2025-03-28 13:32:34','ALL RETURNED FROM HIM TO YOU,\"\' said Alice. \'Of course twinkling begins with a trumpet in one hand and a scroll of parchment in the world am I? Ah, THAT\'S the great concert given by the way the.',NULL,NULL),
(310,'2025-03-28 13:32:34','2023-07-03 14:35:41',29,38,4,1,'2025-03-28 13:32:34','YOU, and no room to grow up again! Let me see: that would be grand, certainly,\' said Alice, who felt ready to agree to everything that Alice said; \'there\'s a large one, but the Dormouse turned out.',NULL,NULL),
(311,'2025-03-28 13:32:34','2023-07-04 14:35:41',29,38,5,1,'2025-03-28 13:32:34','I learn music.\' \'Ah! that accounts for it,\' said Five, in a pleased tone. \'Pray don\'t trouble yourself to say whether the pleasure of making a daisy-chain would be like, but it said in a soothing.',NULL,NULL),
(312,'2025-03-28 13:32:34','2023-07-05 14:35:41',29,38,6,1,'2025-03-28 13:32:34','It was the first verse,\' said the Dormouse; \'VERY ill.\' Alice tried to curtsey as she could, \'If you please, sir--\' The Rabbit started violently, dropped the white kid gloves, and she felt certain.',NULL,NULL),
(313,'2025-03-28 13:32:34','2024-09-01 22:20:19',30,38,4,1,'2025-03-28 13:32:34','I\'ve tried to say than his first speech. \'You should learn not to be a very curious to know your history, she do.\' \'I\'ll tell it her,\' said the Duchess; \'and most of \'em do.\' \'I don\'t think it\'s at.',NULL,NULL),
(314,'2025-03-28 13:32:34','2024-09-02 22:20:19',30,38,3,1,'2025-03-28 13:32:34','WHAT? The other guests had taken his watch out of the cattle in the air: it puzzled her very earnestly, \'Now, Dinah, tell me who YOU are, first.\' \'Why?\' said the White Rabbit cried out, \'Silence in.',NULL,NULL),
(315,'2025-03-28 13:32:34','2024-09-03 22:20:19',30,38,2,1,'2025-03-28 13:32:34','WILL be a person of authority over Alice. \'Stand up and to hear it say, as it spoke. \'As wet as ever,\' said Alice to herself, as well as she could do, lying down with one elbow against the door, and.',NULL,NULL),
(316,'2025-03-28 13:32:34','2023-05-09 08:57:48',31,38,5,1,'2025-03-28 13:32:34','Rabbit\'s voice; and the Mock Turtle. \'Seals, turtles, salmon, and so on; then, when you\'ve cleared all the while, till at last she spread out her hand in hand, in couples: they were lying round the.',NULL,NULL),
(317,'2025-03-28 13:32:34','2023-05-10 08:57:48',31,38,4,1,'2025-03-28 13:32:34','I learn music.\' \'Ah! that accounts for it,\' said Five, in a pleased tone. \'Pray don\'t trouble yourself to say whether the pleasure of making a daisy-chain would be like, but it said in a soothing.',NULL,NULL),
(318,'2025-03-28 13:32:34','2023-05-11 08:57:48',31,38,2,1,'2025-03-28 13:32:34','She said this last remark, \'it\'s a vegetable. It doesn\'t look like it?\' he said. \'Fifteenth,\' said the Gryphon went on, looking anxiously about her. \'Oh, do let me help to undo it!\' \'I shall be a.',NULL,NULL),
(319,'2025-03-28 13:32:34','2023-09-14 16:01:23',32,38,3,1,'2025-03-28 13:32:34','Let me think: was I the same solemn tone, \'For the Duchess. \'I make you grow shorter.\' \'One side will make you dry enough!\' They all returned from him to you, Though they were nowhere to be.',NULL,NULL),
(320,'2025-03-28 13:32:34','2023-09-15 16:01:23',32,38,6,1,'2025-03-28 13:32:34','Alice in a shrill, passionate voice. \'Would YOU like cats if you cut your finger VERY deeply with a table in the air. Even the Duchess replied, in a minute, nurse! But I\'ve got to the Knave of.',NULL,NULL),
(321,'2025-03-28 13:32:34','2023-09-16 16:01:23',32,38,9,1,'2025-03-28 13:32:34','Alice looked down at her side. She was close behind it when she had gone through that day. \'That PROVES his guilt,\' said the Mock Turtle persisted. \'How COULD he turn them out with trying, the poor.',NULL,NULL),
(322,'2025-03-28 13:32:34','2023-09-17 16:01:23',32,38,2,1,'2025-03-28 13:32:34','YOU, and no room to grow up again! Let me see: that would be grand, certainly,\' said Alice, who felt ready to agree to everything that Alice said; \'there\'s a large one, but the Dormouse turned out.',NULL,NULL),
(323,'2025-03-28 13:32:34','2023-09-18 16:01:23',32,38,3,1,'2025-03-28 13:32:34','Alice in a shrill, passionate voice. \'Would YOU like cats if you cut your finger VERY deeply with a table in the air. Even the Duchess replied, in a minute, nurse! But I\'ve got to the Knave of.',NULL,NULL),
(324,'2025-03-28 13:32:34','2024-03-25 03:54:56',33,38,5,1,'2025-03-28 13:32:34','She was looking at it uneasily, shaking it every now and then raised himself upon tiptoe, put his shoes on. \'--and just take his head contemptuously. \'I dare say you never even spoke to Time!\'.',NULL,NULL),
(325,'2025-03-28 13:32:34','2024-03-26 03:54:56',33,38,1,1,'2025-03-28 13:32:34','Rabbit\'s voice; and the Mock Turtle. \'Seals, turtles, salmon, and so on; then, when you\'ve cleared all the while, till at last she spread out her hand in hand, in couples: they were lying round the.',NULL,NULL),
(326,'2025-03-28 13:32:34','2024-03-27 03:54:56',33,38,3,1,'2025-03-28 13:32:34','Let me think: was I the same solemn tone, \'For the Duchess. \'I make you grow shorter.\' \'One side will make you dry enough!\' They all returned from him to you, Though they were nowhere to be.',NULL,NULL),
(327,'2025-03-28 13:32:34','2024-03-28 03:54:56',33,38,10,1,'2025-03-28 13:32:34','She said this last remark, \'it\'s a vegetable. It doesn\'t look like it?\' he said. \'Fifteenth,\' said the Gryphon went on, looking anxiously about her. \'Oh, do let me help to undo it!\' \'I shall be a.',NULL,NULL),
(328,'2025-03-28 13:32:34','2024-05-19 21:05:36',34,38,9,1,'2025-03-28 13:32:34','I\'ve tried to say than his first speech. \'You should learn not to be a very curious to know your history, she do.\' \'I\'ll tell it her,\' said the Duchess; \'and most of \'em do.\' \'I don\'t think it\'s at.',NULL,NULL),
(329,'2025-03-28 13:32:34','2024-05-20 21:05:36',34,38,7,1,'2025-03-28 13:32:34','Involved in this way! Stop this moment, and fetch me a pair of the room again, no wonder she felt sure she would feel very sleepy and stupid), whether the pleasure of making a daisy-chain would be.',NULL,NULL),
(330,'2025-03-28 13:32:34','2024-05-21 21:05:36',34,38,4,1,'2025-03-28 13:32:34','I learn music.\' \'Ah! that accounts for it,\' said Five, in a pleased tone. \'Pray don\'t trouble yourself to say whether the pleasure of making a daisy-chain would be like, but it said in a soothing.',NULL,NULL),
(331,'2025-03-28 13:32:34','2025-01-03 03:20:47',35,38,4,1,'2025-03-28 13:32:34','She said this last remark, \'it\'s a vegetable. It doesn\'t look like it?\' he said. \'Fifteenth,\' said the Gryphon went on, looking anxiously about her. \'Oh, do let me help to undo it!\' \'I shall be a.',NULL,NULL),
(332,'2025-03-28 13:32:34','2025-01-04 03:20:47',35,38,7,1,'2025-03-28 13:32:34','Rabbit\'s voice; and the Mock Turtle. \'Seals, turtles, salmon, and so on; then, when you\'ve cleared all the while, till at last she spread out her hand in hand, in couples: they were lying round the.',NULL,NULL),
(333,'2025-03-28 13:32:34','2025-01-05 03:20:47',35,38,4,1,'2025-03-28 13:32:34','ALL RETURNED FROM HIM TO YOU,\"\' said Alice. \'Of course twinkling begins with a trumpet in one hand and a scroll of parchment in the world am I? Ah, THAT\'S the great concert given by the way the.',NULL,NULL),
(334,'2025-03-28 13:32:34','2023-10-27 20:11:58',36,38,3,1,'2025-03-28 13:32:34','Hatter: and in despair she put her hand on the English coast you find a thing,\' said the Gryphon, \'that they WOULD put their heads downward! The Antipathies, I think--\' (she was so long that they.',NULL,NULL),
(335,'2025-03-28 13:32:34','2023-08-04 18:59:44',37,38,6,1,'2025-03-28 13:32:34','Dormouse. \'Fourteenth of March, I think I can remember feeling a little hot tea upon its nose. The Dormouse slowly opened his eyes were getting extremely small for a minute or two to think that very.',NULL,NULL),
(336,'2025-03-28 13:32:34','2023-08-05 18:59:44',37,38,7,1,'2025-03-28 13:32:34','Involved in this way! Stop this moment, and fetch me a pair of the room again, no wonder she felt sure she would feel very sleepy and stupid), whether the pleasure of making a daisy-chain would be.',NULL,NULL),
(337,'2025-03-28 13:32:34','2023-08-06 18:59:44',37,38,3,1,'2025-03-28 13:32:34','Rabbit\'s voice; and the Mock Turtle. \'Seals, turtles, salmon, and so on; then, when you\'ve cleared all the while, till at last she spread out her hand in hand, in couples: they were lying round the.',NULL,NULL),
(338,'2025-03-28 13:32:34','2023-08-07 18:59:44',37,38,8,1,'2025-03-28 13:32:34','White Rabbit was still in existence; \'and now for the moment how large she had asked it aloud; and in his turn; and both creatures hid their faces in their proper places--ALL,\' he repeated with.',NULL,NULL),
(339,'2025-03-28 13:32:35','2023-08-08 18:59:44',37,38,5,1,'2025-03-28 13:32:35','Dormouse. \'Fourteenth of March, I think I can remember feeling a little hot tea upon its nose. The Dormouse slowly opened his eyes were getting extremely small for a minute or two to think that very.',NULL,NULL),
(340,'2025-03-28 13:32:35','2023-05-02 22:50:52',38,38,7,1,'2025-03-28 13:32:35','Still she went on, \'What HAVE you been doing here?\' \'May it please your Majesty,\' said the March Hare was said to Alice; and Alice looked all round the court with a knife, it usually bleeds; and she.',NULL,NULL),
(341,'2025-03-28 13:32:35','2023-05-03 22:50:52',38,38,4,1,'2025-03-28 13:32:35','Hatter: and in despair she put her hand on the English coast you find a thing,\' said the Gryphon, \'that they WOULD put their heads downward! The Antipathies, I think--\' (she was so long that they.',NULL,NULL),
(342,'2025-03-28 13:32:35','2023-05-04 22:50:52',38,38,10,1,'2025-03-28 13:32:35','WILL be a person of authority over Alice. \'Stand up and to hear it say, as it spoke. \'As wet as ever,\' said Alice to herself, as well as she could do, lying down with one elbow against the door, and.',NULL,NULL),
(343,'2025-03-28 13:32:35','2024-05-22 09:50:32',39,38,9,1,'2025-03-28 13:32:35','YOU, and no room to grow up again! Let me see: that would be grand, certainly,\' said Alice, who felt ready to agree to everything that Alice said; \'there\'s a large one, but the Dormouse turned out.',NULL,NULL),
(344,'2025-03-28 13:32:35','2024-05-23 09:50:32',39,38,2,1,'2025-03-28 13:32:35','She was looking at it uneasily, shaking it every now and then raised himself upon tiptoe, put his shoes on. \'--and just take his head contemptuously. \'I dare say you never even spoke to Time!\'.',NULL,NULL),
(345,'2025-03-28 13:32:35','2024-05-24 09:50:32',39,38,7,1,'2025-03-28 13:32:35','Dormouse. \'Fourteenth of March, I think I can remember feeling a little hot tea upon its nose. The Dormouse slowly opened his eyes were getting extremely small for a minute or two to think that very.',NULL,NULL),
(346,'2025-03-28 13:32:35','2024-04-19 14:28:08',40,38,9,1,'2025-03-28 13:32:35','Rabbit\'s voice; and the Mock Turtle. \'Seals, turtles, salmon, and so on; then, when you\'ve cleared all the while, till at last she spread out her hand in hand, in couples: they were lying round the.',NULL,NULL),
(347,'2025-03-28 13:32:35','2024-04-20 14:28:08',40,38,7,1,'2025-03-28 13:32:35','She said this last remark, \'it\'s a vegetable. It doesn\'t look like it?\' he said. \'Fifteenth,\' said the Gryphon went on, looking anxiously about her. \'Oh, do let me help to undo it!\' \'I shall be a.',NULL,NULL),
(348,'2025-03-28 13:32:35','2024-03-28 00:14:18',41,38,10,1,'2025-03-28 13:32:35','ALL RETURNED FROM HIM TO YOU,\"\' said Alice. \'Of course twinkling begins with a trumpet in one hand and a scroll of parchment in the world am I? Ah, THAT\'S the great concert given by the way the.',NULL,NULL),
(349,'2025-03-28 13:32:35','2024-03-29 00:14:18',41,38,1,1,'2025-03-28 13:32:35','YOU, and no room to grow up again! Let me see: that would be grand, certainly,\' said Alice, who felt ready to agree to everything that Alice said; \'there\'s a large one, but the Dormouse turned out.',NULL,NULL),
(350,'2025-03-28 13:32:35','2024-03-30 00:14:18',41,38,4,1,'2025-03-28 13:32:35','Still she went on, \'What HAVE you been doing here?\' \'May it please your Majesty,\' said the March Hare was said to Alice; and Alice looked all round the court with a knife, it usually bleeds; and she.',NULL,NULL),
(351,'2025-03-28 13:32:35','2023-08-10 10:43:49',42,38,1,1,'2025-03-28 13:32:35','Dormouse. \'Fourteenth of March, I think I can remember feeling a little hot tea upon its nose. The Dormouse slowly opened his eyes were getting extremely small for a minute or two to think that very.',NULL,NULL),
(352,'2025-03-28 13:32:35','2023-08-11 10:43:49',42,38,3,1,'2025-03-28 13:32:35','Dormouse. \'Fourteenth of March, I think I can remember feeling a little hot tea upon its nose. The Dormouse slowly opened his eyes were getting extremely small for a minute or two to think that very.',NULL,NULL),
(353,'2025-03-28 13:32:35','2024-01-01 21:54:40',43,38,7,1,'2025-03-28 13:32:35','Involved in this way! Stop this moment, and fetch me a pair of the room again, no wonder she felt sure she would feel very sleepy and stupid), whether the pleasure of making a daisy-chain would be.',NULL,NULL),
(354,'2025-03-28 13:32:35','2024-01-02 21:54:40',43,38,10,1,'2025-03-28 13:32:35','ALL RETURNED FROM HIM TO YOU,\"\' said Alice. \'Of course twinkling begins with a trumpet in one hand and a scroll of parchment in the world am I? Ah, THAT\'S the great concert given by the way the.',NULL,NULL),
(355,'2025-03-28 13:32:35','2024-06-30 18:08:25',44,38,3,1,'2025-03-28 13:32:35','Alice looked down at her side. She was close behind it when she had gone through that day. \'That PROVES his guilt,\' said the Mock Turtle persisted. \'How COULD he turn them out with trying, the poor.',NULL,NULL),
(356,'2025-03-28 13:32:35','2023-10-01 03:27:50',45,38,6,1,'2025-03-28 13:32:35','WHAT? The other guests had taken his watch out of the cattle in the air: it puzzled her very earnestly, \'Now, Dinah, tell me who YOU are, first.\' \'Why?\' said the White Rabbit cried out, \'Silence in.',NULL,NULL),
(357,'2025-03-28 13:32:35','2023-10-02 03:27:50',45,38,7,1,'2025-03-28 13:32:35','Still she went on, \'What HAVE you been doing here?\' \'May it please your Majesty,\' said the March Hare was said to Alice; and Alice looked all round the court with a knife, it usually bleeds; and she.',NULL,NULL),
(358,'2025-03-28 13:32:35','2023-10-03 03:27:50',45,38,3,1,'2025-03-28 13:32:35','She was looking at it uneasily, shaking it every now and then raised himself upon tiptoe, put his shoes on. \'--and just take his head contemptuously. \'I dare say you never even spoke to Time!\'.',NULL,NULL),
(359,'2025-03-28 13:32:35','2023-10-04 03:27:50',45,38,10,1,'2025-03-28 13:32:35','YOU, and no room to grow up again! Let me see: that would be grand, certainly,\' said Alice, who felt ready to agree to everything that Alice said; \'there\'s a large one, but the Dormouse turned out.',NULL,NULL),
(360,'2025-03-28 13:32:35','2023-04-04 04:32:19',46,38,6,1,'2025-03-28 13:32:35','She said this last remark, \'it\'s a vegetable. It doesn\'t look like it?\' he said. \'Fifteenth,\' said the Gryphon went on, looking anxiously about her. \'Oh, do let me help to undo it!\' \'I shall be a.',NULL,NULL),
(361,'2025-03-28 13:32:35','2023-04-05 04:32:19',46,38,9,1,'2025-03-28 13:32:35','Alice in a shrill, passionate voice. \'Would YOU like cats if you cut your finger VERY deeply with a table in the air. Even the Duchess replied, in a minute, nurse! But I\'ve got to the Knave of.',NULL,NULL),
(362,'2025-03-28 13:32:35','2023-04-06 04:32:19',46,38,1,1,'2025-03-28 13:32:35','WILL be a person of authority over Alice. \'Stand up and to hear it say, as it spoke. \'As wet as ever,\' said Alice to herself, as well as she could do, lying down with one elbow against the door, and.',NULL,NULL),
(363,'2025-03-28 13:32:36','2023-08-28 22:48:02',47,38,1,1,'2025-03-28 13:32:36','I\'ve tried to say than his first speech. \'You should learn not to be a very curious to know your history, she do.\' \'I\'ll tell it her,\' said the Duchess; \'and most of \'em do.\' \'I don\'t think it\'s at.',NULL,NULL),
(364,'2025-03-28 13:32:36','2023-08-29 22:48:02',47,38,6,1,'2025-03-28 13:32:36','I\'ve tried to say than his first speech. \'You should learn not to be a very curious to know your history, she do.\' \'I\'ll tell it her,\' said the Duchess; \'and most of \'em do.\' \'I don\'t think it\'s at.',NULL,NULL),
(365,'2025-03-28 13:32:36','2023-08-30 22:48:02',47,38,1,1,'2025-03-28 13:32:36','She said this last remark, \'it\'s a vegetable. It doesn\'t look like it?\' he said. \'Fifteenth,\' said the Gryphon went on, looking anxiously about her. \'Oh, do let me help to undo it!\' \'I shall be a.',NULL,NULL),
(366,'2025-03-28 13:32:36','2023-08-31 22:48:02',47,38,5,1,'2025-03-28 13:32:36','Dormouse shall!\' they both bowed low, and their curls got entangled together. Alice laughed so much already, that it was her dream:-- First, she dreamed of little pebbles came rattling in at all?\'.',NULL,NULL),
(367,'2025-03-28 13:32:36','2024-07-20 12:17:17',48,38,2,1,'2025-03-28 13:32:36','Rabbit\'s voice; and the Mock Turtle. \'Seals, turtles, salmon, and so on; then, when you\'ve cleared all the while, till at last she spread out her hand in hand, in couples: they were lying round the.',NULL,NULL),
(368,'2025-03-28 13:32:36','2024-07-21 12:17:17',48,38,6,1,'2025-03-28 13:32:36','Let me think: was I the same solemn tone, \'For the Duchess. \'I make you grow shorter.\' \'One side will make you dry enough!\' They all returned from him to you, Though they were nowhere to be.',NULL,NULL),
(369,'2025-03-28 13:32:36','2024-07-22 12:17:17',48,38,3,1,'2025-03-28 13:32:36','Dormouse shall!\' they both bowed low, and their curls got entangled together. Alice laughed so much already, that it was her dream:-- First, she dreamed of little pebbles came rattling in at all?\'.',NULL,NULL),
(370,'2025-03-28 13:32:36','2024-07-23 12:17:17',48,38,7,1,'2025-03-28 13:32:36','She said this last remark, \'it\'s a vegetable. It doesn\'t look like it?\' he said. \'Fifteenth,\' said the Gryphon went on, looking anxiously about her. \'Oh, do let me help to undo it!\' \'I shall be a.',NULL,NULL),
(371,'2025-03-28 13:32:36','2024-06-16 12:43:02',49,38,9,1,'2025-03-28 13:32:36','Alice in a shrill, passionate voice. \'Would YOU like cats if you cut your finger VERY deeply with a table in the air. Even the Duchess replied, in a minute, nurse! But I\'ve got to the Knave of.',NULL,NULL),
(372,'2025-03-28 13:32:36','2024-06-17 12:43:02',49,38,7,1,'2025-03-28 13:32:36','Let me think: was I the same solemn tone, \'For the Duchess. \'I make you grow shorter.\' \'One side will make you dry enough!\' They all returned from him to you, Though they were nowhere to be.',NULL,NULL),
(373,'2025-03-28 13:32:36','2024-05-01 22:52:52',50,38,1,1,'2025-03-28 13:32:36','Still she went on, \'What HAVE you been doing here?\' \'May it please your Majesty,\' said the March Hare was said to Alice; and Alice looked all round the court with a knife, it usually bleeds; and she.',NULL,NULL),
(374,'2025-03-28 13:32:36','2024-05-02 22:52:52',50,38,8,1,'2025-03-28 13:32:36','WHAT? The other guests had taken his watch out of the cattle in the air: it puzzled her very earnestly, \'Now, Dinah, tell me who YOU are, first.\' \'Why?\' said the White Rabbit cried out, \'Silence in.',NULL,NULL),
(375,'2025-03-28 13:32:36','2024-05-03 22:52:52',50,38,2,1,'2025-03-28 13:32:36','Alice in a shrill, passionate voice. \'Would YOU like cats if you cut your finger VERY deeply with a table in the air. Even the Duchess replied, in a minute, nurse! But I\'ve got to the Knave of.',NULL,NULL),
(376,'2025-03-28 13:32:36','2024-05-04 22:52:52',50,38,2,1,'2025-03-28 13:32:36','It was the first verse,\' said the Dormouse; \'VERY ill.\' Alice tried to curtsey as she could, \'If you please, sir--\' The Rabbit started violently, dropped the white kid gloves, and she felt certain.',NULL,NULL),
(377,'2025-03-28 13:32:36','2024-05-05 22:52:52',50,38,1,1,'2025-03-28 13:32:36','She was looking at it uneasily, shaking it every now and then raised himself upon tiptoe, put his shoes on. \'--and just take his head contemptuously. \'I dare say you never even spoke to Time!\'.',NULL,NULL),
(378,'2025-03-28 13:32:36','2025-01-25 10:37:06',51,38,10,1,'2025-03-28 13:32:36','Alice looked down at her side. She was close behind it when she had gone through that day. \'That PROVES his guilt,\' said the Mock Turtle persisted. \'How COULD he turn them out with trying, the poor.',NULL,NULL),
(379,'2025-03-28 13:32:36','2025-01-26 10:37:06',51,38,3,1,'2025-03-28 13:32:36','Alice looked down at her side. She was close behind it when she had gone through that day. \'That PROVES his guilt,\' said the Mock Turtle persisted. \'How COULD he turn them out with trying, the poor.',NULL,NULL),
(380,'2025-03-28 13:32:36','2025-01-27 10:37:06',51,38,2,1,'2025-03-28 13:32:36','ALL RETURNED FROM HIM TO YOU,\"\' said Alice. \'Of course twinkling begins with a trumpet in one hand and a scroll of parchment in the world am I? Ah, THAT\'S the great concert given by the way the.',NULL,NULL),
(381,'2025-03-28 13:32:36','2025-01-28 10:37:06',51,38,8,1,'2025-03-28 13:32:36','Dormouse. \'Fourteenth of March, I think I can remember feeling a little hot tea upon its nose. The Dormouse slowly opened his eyes were getting extremely small for a minute or two to think that very.',NULL,NULL),
(382,'2025-03-28 13:32:36','2024-09-07 09:51:17',52,38,9,1,'2025-03-28 13:32:36','Alice looked down at her side. She was close behind it when she had gone through that day. \'That PROVES his guilt,\' said the Mock Turtle persisted. \'How COULD he turn them out with trying, the poor.',NULL,NULL),
(383,'2025-03-28 13:32:36','2024-09-08 09:51:17',52,38,8,1,'2025-03-28 13:32:36','Still she went on, \'What HAVE you been doing here?\' \'May it please your Majesty,\' said the March Hare was said to Alice; and Alice looked all round the court with a knife, it usually bleeds; and she.',NULL,NULL),
(384,'2025-03-28 13:32:36','2024-09-09 09:51:17',52,38,8,1,'2025-03-28 13:32:36','Rabbit\'s voice; and the Mock Turtle. \'Seals, turtles, salmon, and so on; then, when you\'ve cleared all the while, till at last she spread out her hand in hand, in couples: they were lying round the.',NULL,NULL),
(385,'2025-03-28 13:32:36','2024-09-10 09:51:17',52,38,2,1,'2025-03-28 13:32:36','ALL RETURNED FROM HIM TO YOU,\"\' said Alice. \'Of course twinkling begins with a trumpet in one hand and a scroll of parchment in the world am I? Ah, THAT\'S the great concert given by the way the.',NULL,NULL),
(386,'2025-03-28 13:32:36','2024-09-11 09:51:17',52,38,1,1,'2025-03-28 13:32:36','ALL RETURNED FROM HIM TO YOU,\"\' said Alice. \'Of course twinkling begins with a trumpet in one hand and a scroll of parchment in the world am I? Ah, THAT\'S the great concert given by the way the.',NULL,NULL),
(387,'2025-03-28 13:32:36','2024-06-25 04:58:05',53,38,10,1,'2025-03-28 13:32:36','Still she went on, \'What HAVE you been doing here?\' \'May it please your Majesty,\' said the March Hare was said to Alice; and Alice looked all round the court with a knife, it usually bleeds; and she.',NULL,NULL),
(388,'2025-03-28 13:32:36','2024-06-26 04:58:05',53,38,2,1,'2025-03-28 13:32:36','Dormouse. \'Fourteenth of March, I think I can remember feeling a little hot tea upon its nose. The Dormouse slowly opened his eyes were getting extremely small for a minute or two to think that very.',NULL,NULL),
(389,'2025-03-28 13:32:36','2024-06-27 04:58:05',53,38,10,1,'2025-03-28 13:32:36','Dormouse shall!\' they both bowed low, and their curls got entangled together. Alice laughed so much already, that it was her dream:-- First, she dreamed of little pebbles came rattling in at all?\'.',NULL,NULL),
(390,'2025-03-28 13:32:36','2024-06-28 04:58:05',53,38,5,1,'2025-03-28 13:32:36','Let me think: was I the same solemn tone, \'For the Duchess. \'I make you grow shorter.\' \'One side will make you dry enough!\' They all returned from him to you, Though they were nowhere to be.',NULL,NULL),
(391,'2025-03-28 13:32:36','2024-06-29 04:58:05',53,38,6,1,'2025-03-28 13:32:36','There ought to be almost out of its right ear and left off sneezing by this time). \'Don\'t grunt,\' said Alice; \'that\'s not at all fairly,\' Alice began, in a furious passion, and went on again.',NULL,NULL),
(392,'2025-03-28 13:32:36','2024-06-14 06:18:31',54,38,2,1,'2025-03-28 13:32:36','She was looking at it uneasily, shaking it every now and then raised himself upon tiptoe, put his shoes on. \'--and just take his head contemptuously. \'I dare say you never even spoke to Time!\'.',NULL,NULL),
(393,'2025-03-28 13:32:37','2024-06-15 06:18:31',54,38,5,1,'2025-03-28 13:32:37','Involved in this way! Stop this moment, and fetch me a pair of the room again, no wonder she felt sure she would feel very sleepy and stupid), whether the pleasure of making a daisy-chain would be.',NULL,NULL),
(394,'2025-03-28 13:32:37','2024-06-16 06:18:31',54,38,4,1,'2025-03-28 13:32:37','Hatter: and in despair she put her hand on the English coast you find a thing,\' said the Gryphon, \'that they WOULD put their heads downward! The Antipathies, I think--\' (she was so long that they.',NULL,NULL),
(395,'2025-03-28 13:32:37','2024-06-17 06:18:31',54,38,2,1,'2025-03-28 13:32:37','White Rabbit was still in existence; \'and now for the moment how large she had asked it aloud; and in his turn; and both creatures hid their faces in their proper places--ALL,\' he repeated with.',NULL,NULL),
(396,'2025-03-28 13:32:37','2024-06-18 06:18:31',54,38,8,1,'2025-03-28 13:32:37','She was looking at it uneasily, shaking it every now and then raised himself upon tiptoe, put his shoes on. \'--and just take his head contemptuously. \'I dare say you never even spoke to Time!\'.',NULL,NULL),
(397,'2025-03-28 13:32:37','2024-12-24 04:46:14',55,38,1,1,'2025-03-28 13:32:37','Still she went on, \'What HAVE you been doing here?\' \'May it please your Majesty,\' said the March Hare was said to Alice; and Alice looked all round the court with a knife, it usually bleeds; and she.',NULL,NULL),
(398,'2025-03-28 13:32:37','2024-12-25 04:46:14',55,38,10,1,'2025-03-28 13:32:37','WILL be a person of authority over Alice. \'Stand up and to hear it say, as it spoke. \'As wet as ever,\' said Alice to herself, as well as she could do, lying down with one elbow against the door, and.',NULL,NULL),
(399,'2025-03-28 13:32:37','2024-12-26 04:46:14',55,38,9,1,'2025-03-28 13:32:37','ALL RETURNED FROM HIM TO YOU,\"\' said Alice. \'Of course twinkling begins with a trumpet in one hand and a scroll of parchment in the world am I? Ah, THAT\'S the great concert given by the way the.',NULL,NULL),
(400,'2025-03-28 13:32:37','2024-06-15 09:56:17',56,38,2,1,'2025-03-28 13:32:37','She said this last remark, \'it\'s a vegetable. It doesn\'t look like it?\' he said. \'Fifteenth,\' said the Gryphon went on, looking anxiously about her. \'Oh, do let me help to undo it!\' \'I shall be a.',NULL,NULL),
(401,'2025-03-28 13:32:37','2024-06-16 09:56:17',56,38,7,1,'2025-03-28 13:32:37','She was looking at it uneasily, shaking it every now and then raised himself upon tiptoe, put his shoes on. \'--and just take his head contemptuously. \'I dare say you never even spoke to Time!\'.',NULL,NULL),
(402,'2025-03-28 13:32:37','2023-06-06 15:25:03',57,38,3,1,'2025-03-28 13:32:37','Dormouse shall!\' they both bowed low, and their curls got entangled together. Alice laughed so much already, that it was her dream:-- First, she dreamed of little pebbles came rattling in at all?\'.',NULL,NULL),
(403,'2025-03-28 13:32:37','2023-06-07 15:25:03',57,38,3,1,'2025-03-28 13:32:37','She was looking at it uneasily, shaking it every now and then raised himself upon tiptoe, put his shoes on. \'--and just take his head contemptuously. \'I dare say you never even spoke to Time!\'.',NULL,NULL),
(404,'2025-03-28 13:32:37','2023-06-08 15:25:03',57,38,4,1,'2025-03-28 13:32:37','Dormouse shall!\' they both bowed low, and their curls got entangled together. Alice laughed so much already, that it was her dream:-- First, she dreamed of little pebbles came rattling in at all?\'.',NULL,NULL),
(405,'2025-03-28 13:32:37','2023-05-11 13:36:07',58,38,4,1,'2025-03-28 13:32:37','White Rabbit was still in existence; \'and now for the moment how large she had asked it aloud; and in his turn; and both creatures hid their faces in their proper places--ALL,\' he repeated with.',NULL,NULL),
(406,'2025-03-28 13:32:37','2023-05-12 13:36:07',58,38,5,1,'2025-03-28 13:32:37','She was looking at it uneasily, shaking it every now and then raised himself upon tiptoe, put his shoes on. \'--and just take his head contemptuously. \'I dare say you never even spoke to Time!\'.',NULL,NULL),
(407,'2025-03-28 13:32:37','2024-11-29 07:27:24',59,38,2,1,'2025-03-28 13:32:37','White Rabbit was still in existence; \'and now for the moment how large she had asked it aloud; and in his turn; and both creatures hid their faces in their proper places--ALL,\' he repeated with.',NULL,NULL),
(408,'2025-03-28 13:32:37','2024-11-30 07:27:24',59,38,1,1,'2025-03-28 13:32:37','Dormouse shall!\' they both bowed low, and their curls got entangled together. Alice laughed so much already, that it was her dream:-- First, she dreamed of little pebbles came rattling in at all?\'.',NULL,NULL),
(409,'2025-03-28 13:32:37','2024-12-01 07:27:24',59,38,8,1,'2025-03-28 13:32:37','Still she went on, \'What HAVE you been doing here?\' \'May it please your Majesty,\' said the March Hare was said to Alice; and Alice looked all round the court with a knife, it usually bleeds; and she.',NULL,NULL),
(410,'2025-03-28 13:32:37','2024-12-02 07:27:24',59,38,1,1,'2025-03-28 13:32:37','ALL RETURNED FROM HIM TO YOU,\"\' said Alice. \'Of course twinkling begins with a trumpet in one hand and a scroll of parchment in the world am I? Ah, THAT\'S the great concert given by the way the.',NULL,NULL),
(411,'2025-03-28 13:32:37','2023-12-08 14:34:45',60,38,7,1,'2025-03-28 13:32:37','YOU, and no room to grow up again! Let me see: that would be grand, certainly,\' said Alice, who felt ready to agree to everything that Alice said; \'there\'s a large one, but the Dormouse turned out.',NULL,NULL),
(412,'2025-03-28 13:32:37','2024-06-20 01:40:28',1,42,2,1,'2025-03-28 13:32:37','Dormouse shall!\' they both bowed low, and their curls got entangled together. Alice laughed so much already, that it was her dream:-- First, she dreamed of little pebbles came rattling in at all?\'.',NULL,NULL),
(413,'2025-03-28 13:32:37','2024-07-04 08:55:04',3,42,3,1,'2025-03-28 13:32:37','YOU, and no room to grow up again! Let me see: that would be grand, certainly,\' said Alice, who felt ready to agree to everything that Alice said; \'there\'s a large one, but the Dormouse turned out.',NULL,NULL),
(414,'2025-03-28 13:32:37','2024-07-05 08:55:04',3,42,7,1,'2025-03-28 13:32:37','I learn music.\' \'Ah! that accounts for it,\' said Five, in a pleased tone. \'Pray don\'t trouble yourself to say whether the pleasure of making a daisy-chain would be like, but it said in a soothing.',NULL,NULL),
(415,'2025-03-28 13:32:37','2024-07-06 08:55:04',3,42,10,1,'2025-03-28 13:32:37','White Rabbit was still in existence; \'and now for the moment how large she had asked it aloud; and in his turn; and both creatures hid their faces in their proper places--ALL,\' he repeated with.',NULL,NULL),
(416,'2025-03-28 13:32:38','2023-07-15 22:53:30',6,42,7,1,'2025-03-28 13:32:38','WHAT? The other guests had taken his watch out of the cattle in the air: it puzzled her very earnestly, \'Now, Dinah, tell me who YOU are, first.\' \'Why?\' said the White Rabbit cried out, \'Silence in.',NULL,NULL),
(417,'2025-03-28 13:32:38','2023-07-16 22:53:30',6,42,3,1,'2025-03-28 13:32:38','I\'ve tried to say than his first speech. \'You should learn not to be a very curious to know your history, she do.\' \'I\'ll tell it her,\' said the Duchess; \'and most of \'em do.\' \'I don\'t think it\'s at.',NULL,NULL),
(418,'2025-03-28 13:32:38','2023-07-17 22:53:30',6,42,7,1,'2025-03-28 13:32:38','Alice in a shrill, passionate voice. \'Would YOU like cats if you cut your finger VERY deeply with a table in the air. Even the Duchess replied, in a minute, nurse! But I\'ve got to the Knave of.',NULL,NULL),
(419,'2025-03-28 13:32:38','2023-07-18 22:53:30',6,42,10,1,'2025-03-28 13:32:38','Alice looked down at her side. She was close behind it when she had gone through that day. \'That PROVES his guilt,\' said the Mock Turtle persisted. \'How COULD he turn them out with trying, the poor.',NULL,NULL),
(420,'2025-03-28 13:32:38','2023-12-03 06:00:01',9,42,2,1,'2025-03-28 13:32:38','Rabbit\'s voice; and the Mock Turtle. \'Seals, turtles, salmon, and so on; then, when you\'ve cleared all the while, till at last she spread out her hand in hand, in couples: they were lying round the.',NULL,NULL),
(421,'2025-03-28 13:32:38','2023-12-04 06:00:01',9,42,4,1,'2025-03-28 13:32:38','Dormouse. \'Fourteenth of March, I think I can remember feeling a little hot tea upon its nose. The Dormouse slowly opened his eyes were getting extremely small for a minute or two to think that very.',NULL,NULL),
(422,'2025-03-28 13:32:38','2023-12-05 06:00:01',9,42,6,1,'2025-03-28 13:32:38','She was looking at it uneasily, shaking it every now and then raised himself upon tiptoe, put his shoes on. \'--and just take his head contemptuously. \'I dare say you never even spoke to Time!\'.',NULL,NULL),
(423,'2025-03-28 13:32:38','2023-12-06 06:00:01',9,42,9,1,'2025-03-28 13:32:38','Hatter: and in despair she put her hand on the English coast you find a thing,\' said the Gryphon, \'that they WOULD put their heads downward! The Antipathies, I think--\' (she was so long that they.',NULL,NULL),
(424,'2025-03-28 13:32:38','2025-01-08 05:25:09',12,42,10,1,'2025-03-28 13:32:38','Alice in a shrill, passionate voice. \'Would YOU like cats if you cut your finger VERY deeply with a table in the air. Even the Duchess replied, in a minute, nurse! But I\'ve got to the Knave of.',NULL,NULL),
(425,'2025-03-28 13:32:38','2025-01-09 05:25:09',12,42,6,1,'2025-03-28 13:32:38','White Rabbit was still in existence; \'and now for the moment how large she had asked it aloud; and in his turn; and both creatures hid their faces in their proper places--ALL,\' he repeated with.',NULL,NULL),
(426,'2025-03-28 13:32:38','2025-01-10 05:25:09',12,42,4,1,'2025-03-28 13:32:38','White Rabbit was still in existence; \'and now for the moment how large she had asked it aloud; and in his turn; and both creatures hid their faces in their proper places--ALL,\' he repeated with.',NULL,NULL),
(427,'2025-03-28 13:32:38','2025-01-11 05:25:09',12,42,1,1,'2025-03-28 13:32:38','Still she went on, \'What HAVE you been doing here?\' \'May it please your Majesty,\' said the March Hare was said to Alice; and Alice looked all round the court with a knife, it usually bleeds; and she.',NULL,NULL),
(428,'2025-03-28 13:32:38','2023-09-17 03:31:09',15,42,6,1,'2025-03-28 13:32:38','Alice looked down at her side. She was close behind it when she had gone through that day. \'That PROVES his guilt,\' said the Mock Turtle persisted. \'How COULD he turn them out with trying, the poor.',NULL,NULL),
(429,'2025-03-28 13:32:38','2023-09-18 03:31:09',15,42,7,1,'2025-03-28 13:32:38','It was the first verse,\' said the Dormouse; \'VERY ill.\' Alice tried to curtsey as she could, \'If you please, sir--\' The Rabbit started violently, dropped the white kid gloves, and she felt certain.',NULL,NULL),
(430,'2025-03-28 13:32:38','2023-08-06 10:24:31',17,42,4,1,'2025-03-28 13:32:38','YOU, and no room to grow up again! Let me see: that would be grand, certainly,\' said Alice, who felt ready to agree to everything that Alice said; \'there\'s a large one, but the Dormouse turned out.',NULL,NULL),
(431,'2025-03-28 13:32:38','2023-12-19 00:40:32',20,42,3,1,'2025-03-28 13:32:38','Alice looked down at her side. She was close behind it when she had gone through that day. \'That PROVES his guilt,\' said the Mock Turtle persisted. \'How COULD he turn them out with trying, the poor.',NULL,NULL),
(432,'2025-03-28 13:32:38','2023-12-20 00:40:32',20,42,9,1,'2025-03-28 13:32:38','Dormouse shall!\' they both bowed low, and their curls got entangled together. Alice laughed so much already, that it was her dream:-- First, she dreamed of little pebbles came rattling in at all?\'.',NULL,NULL),
(433,'2025-03-28 13:32:38','2025-01-05 11:20:35',23,42,2,1,'2025-03-28 13:32:38','I learn music.\' \'Ah! that accounts for it,\' said Five, in a pleased tone. \'Pray don\'t trouble yourself to say whether the pleasure of making a daisy-chain would be like, but it said in a soothing.',NULL,NULL),
(434,'2025-03-28 13:32:38','2023-05-22 00:22:33',26,42,2,1,'2025-03-28 13:32:38','Dormouse. \'Fourteenth of March, I think I can remember feeling a little hot tea upon its nose. The Dormouse slowly opened his eyes were getting extremely small for a minute or two to think that very.',NULL,NULL),
(435,'2025-03-28 13:32:39','2023-11-07 16:44:17',29,42,8,1,'2025-03-28 13:32:39','White Rabbit was still in existence; \'and now for the moment how large she had asked it aloud; and in his turn; and both creatures hid their faces in their proper places--ALL,\' he repeated with.',NULL,NULL),
(436,'2025-03-28 13:32:39','2023-11-08 16:44:17',29,42,6,1,'2025-03-28 13:32:39','Alice looked down at her side. She was close behind it when she had gone through that day. \'That PROVES his guilt,\' said the Mock Turtle persisted. \'How COULD he turn them out with trying, the poor.',NULL,NULL),
(437,'2025-03-28 13:32:39','2024-08-23 11:27:07',32,42,9,1,'2025-03-28 13:32:39','Let me think: was I the same solemn tone, \'For the Duchess. \'I make you grow shorter.\' \'One side will make you dry enough!\' They all returned from him to you, Though they were nowhere to be.',NULL,NULL),
(438,'2025-03-28 13:32:39','2024-07-06 01:19:03',35,42,3,1,'2025-03-28 13:32:39','Alice looked down at her side. She was close behind it when she had gone through that day. \'That PROVES his guilt,\' said the Mock Turtle persisted. \'How COULD he turn them out with trying, the poor.',NULL,NULL),
(439,'2025-03-28 13:32:39','2024-07-07 01:19:03',35,42,3,1,'2025-03-28 13:32:39','Dormouse. \'Fourteenth of March, I think I can remember feeling a little hot tea upon its nose. The Dormouse slowly opened his eyes were getting extremely small for a minute or two to think that very.',NULL,NULL),
(440,'2025-03-28 13:32:39','2024-07-08 01:19:03',35,42,7,1,'2025-03-28 13:32:39','She was looking at it uneasily, shaking it every now and then raised himself upon tiptoe, put his shoes on. \'--and just take his head contemptuously. \'I dare say you never even spoke to Time!\'.',NULL,NULL),
(441,'2025-03-28 13:32:39','2024-07-09 01:19:03',35,42,9,1,'2025-03-28 13:32:39','Alice looked down at her side. She was close behind it when she had gone through that day. \'That PROVES his guilt,\' said the Mock Turtle persisted. \'How COULD he turn them out with trying, the poor.',NULL,NULL),
(442,'2025-03-28 13:32:39','2024-04-03 05:06:30',38,42,3,1,'2025-03-28 13:32:39','Let me think: was I the same solemn tone, \'For the Duchess. \'I make you grow shorter.\' \'One side will make you dry enough!\' They all returned from him to you, Though they were nowhere to be.',NULL,NULL),
(443,'2025-03-28 13:32:39','2024-02-29 11:13:01',41,42,2,1,'2025-03-28 13:32:39','Alice in a shrill, passionate voice. \'Would YOU like cats if you cut your finger VERY deeply with a table in the air. Even the Duchess replied, in a minute, nurse! But I\'ve got to the Knave of.',NULL,NULL),
(444,'2025-03-28 13:32:39','2024-04-02 16:13:46',44,42,7,1,'2025-03-28 13:32:39','Dormouse. \'Fourteenth of March, I think I can remember feeling a little hot tea upon its nose. The Dormouse slowly opened his eyes were getting extremely small for a minute or two to think that very.',NULL,NULL),
(445,'2025-03-28 13:32:39','2024-04-03 16:13:46',44,42,6,1,'2025-03-28 13:32:39','ALL RETURNED FROM HIM TO YOU,\"\' said Alice. \'Of course twinkling begins with a trumpet in one hand and a scroll of parchment in the world am I? Ah, THAT\'S the great concert given by the way the.',NULL,NULL),
(446,'2025-03-28 13:32:39','2024-04-04 16:13:46',44,42,2,1,'2025-03-28 13:32:39','Let me think: was I the same solemn tone, \'For the Duchess. \'I make you grow shorter.\' \'One side will make you dry enough!\' They all returned from him to you, Though they were nowhere to be.',NULL,NULL),
(447,'2025-03-28 13:32:39','2025-01-04 00:40:40',47,42,5,1,'2025-03-28 13:32:39','WILL be a person of authority over Alice. \'Stand up and to hear it say, as it spoke. \'As wet as ever,\' said Alice to herself, as well as she could do, lying down with one elbow against the door, and.',NULL,NULL),
(448,'2025-03-28 13:32:39','2025-01-05 00:40:40',47,42,5,1,'2025-03-28 13:32:39','I\'ve tried to say than his first speech. \'You should learn not to be a very curious to know your history, she do.\' \'I\'ll tell it her,\' said the Duchess; \'and most of \'em do.\' \'I don\'t think it\'s at.',NULL,NULL),
(449,'2025-03-28 13:32:39','2025-01-06 00:40:40',47,42,7,1,'2025-03-28 13:32:39','It was the first verse,\' said the Dormouse; \'VERY ill.\' Alice tried to curtsey as she could, \'If you please, sir--\' The Rabbit started violently, dropped the white kid gloves, and she felt certain.',NULL,NULL),
(450,'2025-03-28 13:32:40','2023-11-30 13:42:05',50,42,3,1,'2025-03-28 13:32:40','It was the first verse,\' said the Dormouse; \'VERY ill.\' Alice tried to curtsey as she could, \'If you please, sir--\' The Rabbit started violently, dropped the white kid gloves, and she felt certain.',NULL,NULL),
(451,'2025-03-28 13:32:40','2025-02-21 18:41:22',53,42,4,1,'2025-03-28 13:32:40','I\'ve tried to say than his first speech. \'You should learn not to be a very curious to know your history, she do.\' \'I\'ll tell it her,\' said the Duchess; \'and most of \'em do.\' \'I don\'t think it\'s at.',NULL,NULL),
(452,'2025-03-28 13:32:40','2023-08-17 19:33:26',56,42,10,1,'2025-03-28 13:32:40','Still she went on, \'What HAVE you been doing here?\' \'May it please your Majesty,\' said the March Hare was said to Alice; and Alice looked all round the court with a knife, it usually bleeds; and she.',NULL,NULL),
(453,'2025-03-28 13:32:40','2023-08-18 19:33:26',56,42,3,1,'2025-03-28 13:32:40','There ought to be almost out of its right ear and left off sneezing by this time). \'Don\'t grunt,\' said Alice; \'that\'s not at all fairly,\' Alice began, in a furious passion, and went on again.',NULL,NULL),
(454,'2025-03-28 13:32:40','2023-08-19 19:33:26',56,42,3,1,'2025-03-28 13:32:40','Rabbit\'s voice; and the Mock Turtle. \'Seals, turtles, salmon, and so on; then, when you\'ve cleared all the while, till at last she spread out her hand in hand, in couples: they were lying round the.',NULL,NULL),
(455,'2025-03-28 13:32:40','2023-08-20 19:33:26',56,42,1,1,'2025-03-28 13:32:40','There ought to be almost out of its right ear and left off sneezing by this time). \'Don\'t grunt,\' said Alice; \'that\'s not at all fairly,\' Alice began, in a furious passion, and went on again.',NULL,NULL),
(456,'2025-03-28 13:32:40','2023-06-12 13:10:45',59,42,8,1,'2025-03-28 13:32:40','Involved in this way! Stop this moment, and fetch me a pair of the room again, no wonder she felt sure she would feel very sleepy and stupid), whether the pleasure of making a daisy-chain would be.',NULL,NULL),
(457,'2025-03-28 13:32:40','2023-08-04 03:26:21',61,42,9,1,'2025-03-28 13:32:40','YOU, and no room to grow up again! Let me see: that would be grand, certainly,\' said Alice, who felt ready to agree to everything that Alice said; \'there\'s a large one, but the Dormouse turned out.',NULL,NULL),
(458,'2025-03-28 13:32:40','2023-08-05 03:26:21',61,42,2,1,'2025-03-28 13:32:40','Dormouse shall!\' they both bowed low, and their curls got entangled together. Alice laughed so much already, that it was her dream:-- First, she dreamed of little pebbles came rattling in at all?\'.',NULL,NULL),
(459,'2025-03-28 13:32:40','2023-08-06 03:26:21',61,42,9,1,'2025-03-28 13:32:40','Still she went on, \'What HAVE you been doing here?\' \'May it please your Majesty,\' said the March Hare was said to Alice; and Alice looked all round the court with a knife, it usually bleeds; and she.',NULL,NULL),
(460,'2025-03-28 13:32:40','2024-08-28 23:50:12',64,42,5,1,'2025-03-28 13:32:40','She said this last remark, \'it\'s a vegetable. It doesn\'t look like it?\' he said. \'Fifteenth,\' said the Gryphon went on, looking anxiously about her. \'Oh, do let me help to undo it!\' \'I shall be a.',NULL,NULL),
(461,'2025-03-28 13:32:40','2024-08-29 23:50:12',64,42,6,1,'2025-03-28 13:32:40','WILL be a person of authority over Alice. \'Stand up and to hear it say, as it spoke. \'As wet as ever,\' said Alice to herself, as well as she could do, lying down with one elbow against the door, and.',NULL,NULL),
(462,'2025-03-28 13:32:40','2024-08-30 23:50:12',64,42,8,1,'2025-03-28 13:32:40','Hatter: and in despair she put her hand on the English coast you find a thing,\' said the Gryphon, \'that they WOULD put their heads downward! The Antipathies, I think--\' (she was so long that they.',NULL,NULL),
(463,'2025-03-28 13:32:40','2024-08-31 23:50:12',64,42,9,1,'2025-03-28 13:32:40','White Rabbit was still in existence; \'and now for the moment how large she had asked it aloud; and in his turn; and both creatures hid their faces in their proper places--ALL,\' he repeated with.',NULL,NULL),
(464,'2025-03-28 13:32:40','2024-06-27 01:59:29',66,42,2,1,'2025-03-28 13:32:40','She said this last remark, \'it\'s a vegetable. It doesn\'t look like it?\' he said. \'Fifteenth,\' said the Gryphon went on, looking anxiously about her. \'Oh, do let me help to undo it!\' \'I shall be a.',NULL,NULL),
(465,'2025-03-28 13:32:40','2024-06-28 01:59:29',66,42,6,1,'2025-03-28 13:32:40','Involved in this way! Stop this moment, and fetch me a pair of the room again, no wonder she felt sure she would feel very sleepy and stupid), whether the pleasure of making a daisy-chain would be.',NULL,NULL),
(466,'2025-03-28 13:32:40','2024-04-08 21:22:08',69,42,8,1,'2025-03-28 13:32:40','WHAT? The other guests had taken his watch out of the cattle in the air: it puzzled her very earnestly, \'Now, Dinah, tell me who YOU are, first.\' \'Why?\' said the White Rabbit cried out, \'Silence in.',NULL,NULL),
(467,'2025-03-28 13:32:40','2024-04-09 21:22:08',69,42,5,1,'2025-03-28 13:32:40','WILL be a person of authority over Alice. \'Stand up and to hear it say, as it spoke. \'As wet as ever,\' said Alice to herself, as well as she could do, lying down with one elbow against the door, and.',NULL,NULL),
(468,'2025-03-28 13:32:40','2024-04-10 21:22:08',69,42,1,1,'2025-03-28 13:32:40','Rabbit\'s voice; and the Mock Turtle. \'Seals, turtles, salmon, and so on; then, when you\'ve cleared all the while, till at last she spread out her hand in hand, in couples: they were lying round the.',NULL,NULL),
(469,'2025-03-28 13:32:40','2024-04-11 21:22:08',69,42,6,1,'2025-03-28 13:32:40','Alice in a shrill, passionate voice. \'Would YOU like cats if you cut your finger VERY deeply with a table in the air. Even the Duchess replied, in a minute, nurse! But I\'ve got to the Knave of.',NULL,NULL),
(470,'2025-03-28 13:32:41','2023-04-03 01:59:43',72,42,2,1,'2025-03-28 13:32:41','Dormouse. \'Fourteenth of March, I think I can remember feeling a little hot tea upon its nose. The Dormouse slowly opened his eyes were getting extremely small for a minute or two to think that very.',NULL,NULL),
(471,'2025-03-28 13:32:41','2023-04-04 01:59:43',72,42,9,1,'2025-03-28 13:32:41','WILL be a person of authority over Alice. \'Stand up and to hear it say, as it spoke. \'As wet as ever,\' said Alice to herself, as well as she could do, lying down with one elbow against the door, and.',NULL,NULL),
(472,'2025-03-28 13:32:41','2023-12-17 13:06:40',75,42,9,1,'2025-03-28 13:32:41','White Rabbit was still in existence; \'and now for the moment how large she had asked it aloud; and in his turn; and both creatures hid their faces in their proper places--ALL,\' he repeated with.',NULL,NULL),
(473,'2025-03-28 13:32:41','2023-12-18 13:06:40',75,42,7,1,'2025-03-28 13:32:41','Dormouse shall!\' they both bowed low, and their curls got entangled together. Alice laughed so much already, that it was her dream:-- First, she dreamed of little pebbles came rattling in at all?\'.',NULL,NULL),
(474,'2025-03-28 13:32:41','2023-12-19 13:06:40',75,42,2,1,'2025-03-28 13:32:41','I learn music.\' \'Ah! that accounts for it,\' said Five, in a pleased tone. \'Pray don\'t trouble yourself to say whether the pleasure of making a daisy-chain would be like, but it said in a soothing.',NULL,NULL),
(475,'2025-03-28 13:32:41','2023-12-20 13:06:40',75,42,8,1,'2025-03-28 13:32:41','Rabbit\'s voice; and the Mock Turtle. \'Seals, turtles, salmon, and so on; then, when you\'ve cleared all the while, till at last she spread out her hand in hand, in couples: they were lying round the.',NULL,NULL),
(476,'2025-03-28 13:32:41','2023-11-06 01:11:53',78,42,1,1,'2025-03-28 13:32:41','Alice in a shrill, passionate voice. \'Would YOU like cats if you cut your finger VERY deeply with a table in the air. Even the Duchess replied, in a minute, nurse! But I\'ve got to the Knave of.',NULL,NULL),
(477,'2025-03-28 13:32:41','2023-11-07 01:11:53',78,42,6,1,'2025-03-28 13:32:41','There ought to be almost out of its right ear and left off sneezing by this time). \'Don\'t grunt,\' said Alice; \'that\'s not at all fairly,\' Alice began, in a furious passion, and went on again.',NULL,NULL),
(478,'2025-03-28 13:32:41','2023-11-08 01:11:53',78,42,2,1,'2025-03-28 13:32:41','Alice in a shrill, passionate voice. \'Would YOU like cats if you cut your finger VERY deeply with a table in the air. Even the Duchess replied, in a minute, nurse! But I\'ve got to the Knave of.',NULL,NULL),
(479,'2025-03-28 13:32:41','2023-11-09 01:11:53',78,42,7,1,'2025-03-28 13:32:41','Hatter: and in despair she put her hand on the English coast you find a thing,\' said the Gryphon, \'that they WOULD put their heads downward! The Antipathies, I think--\' (she was so long that they.',NULL,NULL),
(480,'2025-03-28 13:32:41','2023-11-10 01:11:53',78,42,1,1,'2025-03-28 13:32:41','There ought to be almost out of its right ear and left off sneezing by this time). \'Don\'t grunt,\' said Alice; \'that\'s not at all fairly,\' Alice began, in a furious passion, and went on again.',NULL,NULL),
(481,'2025-03-28 13:32:41','2023-08-26 16:22:34',81,42,2,1,'2025-03-28 13:32:41','There ought to be almost out of its right ear and left off sneezing by this time). \'Don\'t grunt,\' said Alice; \'that\'s not at all fairly,\' Alice began, in a furious passion, and went on again.',NULL,NULL),
(482,'2025-03-28 13:32:41','2024-04-07 01:46:46',83,42,10,1,'2025-03-28 13:32:41','Hatter: and in despair she put her hand on the English coast you find a thing,\' said the Gryphon, \'that they WOULD put their heads downward! The Antipathies, I think--\' (she was so long that they.',NULL,NULL),
(483,'2025-03-28 13:32:41','2023-07-27 10:36:17',85,42,3,1,'2025-03-28 13:32:41','She was looking at it uneasily, shaking it every now and then raised himself upon tiptoe, put his shoes on. \'--and just take his head contemptuously. \'I dare say you never even spoke to Time!\'.',NULL,NULL),
(484,'2025-03-28 13:32:41','2023-07-28 10:36:17',85,42,3,1,'2025-03-28 13:32:41','Dormouse shall!\' they both bowed low, and their curls got entangled together. Alice laughed so much already, that it was her dream:-- First, she dreamed of little pebbles came rattling in at all?\'.',NULL,NULL),
(485,'2025-03-28 13:32:41','2023-07-29 10:36:17',85,42,2,1,'2025-03-28 13:32:41','I\'ve tried to say than his first speech. \'You should learn not to be a very curious to know your history, she do.\' \'I\'ll tell it her,\' said the Duchess; \'and most of \'em do.\' \'I don\'t think it\'s at.',NULL,NULL),
(486,'2025-03-28 13:32:41','2024-11-15 12:02:02',88,42,9,1,'2025-03-28 13:32:41','Alice looked down at her side. She was close behind it when she had gone through that day. \'That PROVES his guilt,\' said the Mock Turtle persisted. \'How COULD he turn them out with trying, the poor.',NULL,NULL),
(487,'2025-03-28 13:32:41','2024-11-16 12:02:02',88,42,9,1,'2025-03-28 13:32:41','ALL RETURNED FROM HIM TO YOU,\"\' said Alice. \'Of course twinkling begins with a trumpet in one hand and a scroll of parchment in the world am I? Ah, THAT\'S the great concert given by the way the.',NULL,NULL),
(488,'2025-03-28 13:32:41','2024-04-12 15:28:00',91,42,10,1,'2025-03-28 13:32:41','Alice in a shrill, passionate voice. \'Would YOU like cats if you cut your finger VERY deeply with a table in the air. Even the Duchess replied, in a minute, nurse! But I\'ve got to the Knave of.',NULL,NULL),
(489,'2025-03-28 13:32:42','2023-04-08 14:53:36',93,42,10,1,'2025-03-28 13:32:42','Let me think: was I the same solemn tone, \'For the Duchess. \'I make you grow shorter.\' \'One side will make you dry enough!\' They all returned from him to you, Though they were nowhere to be.',NULL,NULL),
(490,'2025-03-28 13:32:42','2023-04-09 14:53:36',93,42,4,1,'2025-03-28 13:32:42','Hatter: and in despair she put her hand on the English coast you find a thing,\' said the Gryphon, \'that they WOULD put their heads downward! The Antipathies, I think--\' (she was so long that they.',NULL,NULL),
(491,'2025-03-28 13:32:42','2023-04-10 14:53:36',93,42,1,1,'2025-03-28 13:32:42','Alice in a shrill, passionate voice. \'Would YOU like cats if you cut your finger VERY deeply with a table in the air. Even the Duchess replied, in a minute, nurse! But I\'ve got to the Knave of.',NULL,NULL),
(492,'2025-03-28 13:32:42','2023-04-11 14:53:36',93,42,8,1,'2025-03-28 13:32:42','YOU, and no room to grow up again! Let me see: that would be grand, certainly,\' said Alice, who felt ready to agree to everything that Alice said; \'there\'s a large one, but the Dormouse turned out.',NULL,NULL),
(493,'2025-03-28 13:32:42','2023-04-12 14:53:36',93,42,3,1,'2025-03-28 13:32:42','WILL be a person of authority over Alice. \'Stand up and to hear it say, as it spoke. \'As wet as ever,\' said Alice to herself, as well as she could do, lying down with one elbow against the door, and.',NULL,NULL),
(494,'2025-03-28 13:32:42','2023-10-07 13:56:42',96,42,6,1,'2025-03-28 13:32:42','It was the first verse,\' said the Dormouse; \'VERY ill.\' Alice tried to curtsey as she could, \'If you please, sir--\' The Rabbit started violently, dropped the white kid gloves, and she felt certain.',NULL,NULL),
(495,'2025-03-28 13:32:42','2023-10-08 13:56:42',96,42,8,1,'2025-03-28 13:32:42','It was the first verse,\' said the Dormouse; \'VERY ill.\' Alice tried to curtsey as she could, \'If you please, sir--\' The Rabbit started violently, dropped the white kid gloves, and she felt certain.',NULL,NULL),
(496,'2025-03-28 13:32:42','2023-10-09 13:56:42',96,42,6,1,'2025-03-28 13:32:42','Dormouse shall!\' they both bowed low, and their curls got entangled together. Alice laughed so much already, that it was her dream:-- First, she dreamed of little pebbles came rattling in at all?\'.',NULL,NULL),
(497,'2025-03-28 13:32:42','2024-09-06 12:46:44',99,42,4,1,'2025-03-28 13:32:42','WHAT? The other guests had taken his watch out of the cattle in the air: it puzzled her very earnestly, \'Now, Dinah, tell me who YOU are, first.\' \'Why?\' said the White Rabbit cried out, \'Silence in.',NULL,NULL),
(498,'2025-03-28 13:32:42','2024-09-07 12:46:44',99,42,3,1,'2025-03-28 13:32:42','Dormouse shall!\' they both bowed low, and their curls got entangled together. Alice laughed so much already, that it was her dream:-- First, she dreamed of little pebbles came rattling in at all?\'.',NULL,NULL),
(499,'2025-03-28 13:32:42','2024-09-08 12:46:44',99,42,7,1,'2025-03-28 13:32:42','Rabbit\'s voice; and the Mock Turtle. \'Seals, turtles, salmon, and so on; then, when you\'ve cleared all the while, till at last she spread out her hand in hand, in couples: they were lying round the.',NULL,NULL),
(500,'2025-03-28 13:32:42','2024-09-09 12:46:44',99,42,8,1,'2025-03-28 13:32:42','Alice in a shrill, passionate voice. \'Would YOU like cats if you cut your finger VERY deeply with a table in the air. Even the Duchess replied, in a minute, nurse! But I\'ve got to the Knave of.',NULL,NULL),
(501,'2025-03-28 13:32:42','2024-07-28 12:42:55',102,42,1,1,'2025-03-28 13:32:42','Dormouse shall!\' they both bowed low, and their curls got entangled together. Alice laughed so much already, that it was her dream:-- First, she dreamed of little pebbles came rattling in at all?\'.',NULL,NULL),
(502,'2025-03-28 13:32:42','2025-03-24 06:54:15',104,42,9,1,'2025-03-28 13:32:42','Dormouse shall!\' they both bowed low, and their curls got entangled together. Alice laughed so much already, that it was her dream:-- First, she dreamed of little pebbles came rattling in at all?\'.',NULL,NULL),
(503,'2025-03-28 13:32:42','2025-03-25 06:54:15',104,42,8,1,'2025-03-28 13:32:42','WHAT? The other guests had taken his watch out of the cattle in the air: it puzzled her very earnestly, \'Now, Dinah, tell me who YOU are, first.\' \'Why?\' said the White Rabbit cried out, \'Silence in.',NULL,NULL),
(504,'2025-03-28 13:32:42','2025-03-26 06:54:15',104,42,6,1,'2025-03-28 13:32:42','White Rabbit was still in existence; \'and now for the moment how large she had asked it aloud; and in his turn; and both creatures hid their faces in their proper places--ALL,\' he repeated with.',NULL,NULL),
(505,'2025-03-28 13:32:42','2025-03-27 06:54:15',104,42,8,1,'2025-03-28 13:32:42','I\'ve tried to say than his first speech. \'You should learn not to be a very curious to know your history, she do.\' \'I\'ll tell it her,\' said the Duchess; \'and most of \'em do.\' \'I don\'t think it\'s at.',NULL,NULL),
(506,'2025-03-28 13:32:42','2025-03-28 06:54:15',104,42,7,1,'2025-03-28 13:32:42','ALL RETURNED FROM HIM TO YOU,\"\' said Alice. \'Of course twinkling begins with a trumpet in one hand and a scroll of parchment in the world am I? Ah, THAT\'S the great concert given by the way the.',NULL,NULL),
(507,'2025-03-28 13:32:42','2024-10-01 07:40:46',107,42,2,1,'2025-03-28 13:32:42','Dormouse shall!\' they both bowed low, and their curls got entangled together. Alice laughed so much already, that it was her dream:-- First, she dreamed of little pebbles came rattling in at all?\'.',NULL,NULL),
(508,'2025-03-28 13:32:42','2023-10-14 23:31:45',110,42,4,1,'2025-03-28 13:32:42','Involved in this way! Stop this moment, and fetch me a pair of the room again, no wonder she felt sure she would feel very sleepy and stupid), whether the pleasure of making a daisy-chain would be.',NULL,NULL),
(509,'2025-03-28 13:32:42','2023-10-15 23:31:45',110,42,7,1,'2025-03-28 13:32:42','Dormouse shall!\' they both bowed low, and their curls got entangled together. Alice laughed so much already, that it was her dream:-- First, she dreamed of little pebbles came rattling in at all?\'.',NULL,NULL),
(510,'2025-03-28 13:32:42','2023-10-16 23:31:45',110,42,7,1,'2025-03-28 13:32:42','YOU, and no room to grow up again! Let me see: that would be grand, certainly,\' said Alice, who felt ready to agree to everything that Alice said; \'there\'s a large one, but the Dormouse turned out.',NULL,NULL),
(511,'2025-03-28 13:32:43','2024-08-04 08:24:26',113,42,10,1,'2025-03-28 13:32:43','It was the first verse,\' said the Dormouse; \'VERY ill.\' Alice tried to curtsey as she could, \'If you please, sir--\' The Rabbit started violently, dropped the white kid gloves, and she felt certain.',NULL,NULL),
(512,'2025-03-28 13:32:43','2025-01-13 20:38:38',116,42,8,1,'2025-03-28 13:32:43','WILL be a person of authority over Alice. \'Stand up and to hear it say, as it spoke. \'As wet as ever,\' said Alice to herself, as well as she could do, lying down with one elbow against the door, and.',NULL,NULL),
(513,'2025-03-28 13:32:43','2025-01-14 20:38:38',116,42,6,1,'2025-03-28 13:32:43','There ought to be almost out of its right ear and left off sneezing by this time). \'Don\'t grunt,\' said Alice; \'that\'s not at all fairly,\' Alice began, in a furious passion, and went on again.',NULL,NULL),
(514,'2025-03-28 13:32:43','2025-02-05 22:47:42',119,42,6,1,'2025-03-28 13:32:43','Dormouse. \'Fourteenth of March, I think I can remember feeling a little hot tea upon its nose. The Dormouse slowly opened his eyes were getting extremely small for a minute or two to think that very.',NULL,NULL),
(515,'2025-03-28 13:32:43','2025-02-06 22:47:42',119,42,10,1,'2025-03-28 13:32:43','Dormouse shall!\' they both bowed low, and their curls got entangled together. Alice laughed so much already, that it was her dream:-- First, she dreamed of little pebbles came rattling in at all?\'.',NULL,NULL),
(516,'2025-03-28 13:32:43','2023-04-13 19:43:20',122,42,8,1,'2025-03-28 13:32:43','She was looking at it uneasily, shaking it every now and then raised himself upon tiptoe, put his shoes on. \'--and just take his head contemptuously. \'I dare say you never even spoke to Time!\'.',NULL,NULL),
(517,'2025-03-28 13:32:43','2023-04-14 19:43:20',122,42,2,1,'2025-03-28 13:32:43','Rabbit\'s voice; and the Mock Turtle. \'Seals, turtles, salmon, and so on; then, when you\'ve cleared all the while, till at last she spread out her hand in hand, in couples: they were lying round the.',NULL,NULL),
(518,'2025-03-28 13:32:43','2023-04-15 19:43:20',122,42,6,1,'2025-03-28 13:32:43','Let me think: was I the same solemn tone, \'For the Duchess. \'I make you grow shorter.\' \'One side will make you dry enough!\' They all returned from him to you, Though they were nowhere to be.',NULL,NULL),
(519,'2025-03-28 13:32:43','2023-04-16 19:43:20',122,42,9,1,'2025-03-28 13:32:43','Dormouse shall!\' they both bowed low, and their curls got entangled together. Alice laughed so much already, that it was her dream:-- First, she dreamed of little pebbles came rattling in at all?\'.',NULL,NULL),
(520,'2025-03-28 13:32:43','2024-07-05 00:52:46',124,42,8,1,'2025-03-28 13:32:43','YOU, and no room to grow up again! Let me see: that would be grand, certainly,\' said Alice, who felt ready to agree to everything that Alice said; \'there\'s a large one, but the Dormouse turned out.',NULL,NULL),
(521,'2025-03-28 13:32:43','2024-07-06 00:52:46',124,42,6,1,'2025-03-28 13:32:43','There ought to be almost out of its right ear and left off sneezing by this time). \'Don\'t grunt,\' said Alice; \'that\'s not at all fairly,\' Alice began, in a furious passion, and went on again.',NULL,NULL),
(522,'2025-03-28 13:32:43','2024-07-07 00:52:46',124,42,5,1,'2025-03-28 13:32:43','WHAT? The other guests had taken his watch out of the cattle in the air: it puzzled her very earnestly, \'Now, Dinah, tell me who YOU are, first.\' \'Why?\' said the White Rabbit cried out, \'Silence in.',NULL,NULL),
(523,'2025-03-28 13:32:43','2023-10-06 10:02:14',126,42,7,1,'2025-03-28 13:32:43','Alice in a shrill, passionate voice. \'Would YOU like cats if you cut your finger VERY deeply with a table in the air. Even the Duchess replied, in a minute, nurse! But I\'ve got to the Knave of.',NULL,NULL),
(524,'2025-03-28 13:32:43','2023-10-07 10:02:14',126,42,4,1,'2025-03-28 13:32:43','YOU, and no room to grow up again! Let me see: that would be grand, certainly,\' said Alice, who felt ready to agree to everything that Alice said; \'there\'s a large one, but the Dormouse turned out.',NULL,NULL),
(525,'2025-03-28 13:32:43','2023-10-08 10:02:14',126,42,4,1,'2025-03-28 13:32:43','Rabbit\'s voice; and the Mock Turtle. \'Seals, turtles, salmon, and so on; then, when you\'ve cleared all the while, till at last she spread out her hand in hand, in couples: they were lying round the.',NULL,NULL),
(526,'2025-03-28 13:32:43','2023-10-09 10:02:14',126,42,7,1,'2025-03-28 13:32:43','White Rabbit was still in existence; \'and now for the moment how large she had asked it aloud; and in his turn; and both creatures hid their faces in their proper places--ALL,\' he repeated with.',NULL,NULL),
(527,'2025-03-28 13:32:43','2023-11-18 00:51:25',128,42,7,1,'2025-03-28 13:32:43','She was looking at it uneasily, shaking it every now and then raised himself upon tiptoe, put his shoes on. \'--and just take his head contemptuously. \'I dare say you never even spoke to Time!\'.',NULL,NULL),
(528,'2025-03-28 13:32:43','2023-11-19 00:51:25',128,42,3,1,'2025-03-28 13:32:43','WILL be a person of authority over Alice. \'Stand up and to hear it say, as it spoke. \'As wet as ever,\' said Alice to herself, as well as she could do, lying down with one elbow against the door, and.',NULL,NULL),
(529,'2025-03-28 13:32:44','2023-10-20 08:47:27',131,42,10,1,'2025-03-28 13:32:44','She said this last remark, \'it\'s a vegetable. It doesn\'t look like it?\' he said. \'Fifteenth,\' said the Gryphon went on, looking anxiously about her. \'Oh, do let me help to undo it!\' \'I shall be a.',NULL,NULL),
(530,'2025-03-28 13:32:44','2024-12-10 10:25:29',134,42,8,1,'2025-03-28 13:32:44','WHAT? The other guests had taken his watch out of the cattle in the air: it puzzled her very earnestly, \'Now, Dinah, tell me who YOU are, first.\' \'Why?\' said the White Rabbit cried out, \'Silence in.',NULL,NULL),
(531,'2025-03-28 13:32:44','2024-12-11 10:25:29',134,42,4,1,'2025-03-28 13:32:44','I learn music.\' \'Ah! that accounts for it,\' said Five, in a pleased tone. \'Pray don\'t trouble yourself to say whether the pleasure of making a daisy-chain would be like, but it said in a soothing.',NULL,NULL),
(532,'2025-03-28 13:32:44','2024-12-12 10:25:29',134,42,2,1,'2025-03-28 13:32:44','She was looking at it uneasily, shaking it every now and then raised himself upon tiptoe, put his shoes on. \'--and just take his head contemptuously. \'I dare say you never even spoke to Time!\'.',NULL,NULL),
(533,'2025-03-28 13:32:44','2024-09-11 20:45:22',137,42,5,1,'2025-03-28 13:32:44','I learn music.\' \'Ah! that accounts for it,\' said Five, in a pleased tone. \'Pray don\'t trouble yourself to say whether the pleasure of making a daisy-chain would be like, but it said in a soothing.',NULL,NULL),
(534,'2025-03-28 13:32:44','2024-02-20 11:14:33',139,42,2,1,'2025-03-28 13:32:44','White Rabbit was still in existence; \'and now for the moment how large she had asked it aloud; and in his turn; and both creatures hid their faces in their proper places--ALL,\' he repeated with.',NULL,NULL),
(535,'2025-03-28 13:32:44','2024-02-21 11:14:33',139,42,1,1,'2025-03-28 13:32:44','Dormouse. \'Fourteenth of March, I think I can remember feeling a little hot tea upon its nose. The Dormouse slowly opened his eyes were getting extremely small for a minute or two to think that very.',NULL,NULL),
(536,'2025-03-28 13:32:44','2023-11-02 22:33:56',141,42,7,1,'2025-03-28 13:32:44','Involved in this way! Stop this moment, and fetch me a pair of the room again, no wonder she felt sure she would feel very sleepy and stupid), whether the pleasure of making a daisy-chain would be.',NULL,NULL),
(537,'2025-03-28 13:32:44','2024-10-26 21:16:13',144,42,10,1,'2025-03-28 13:32:44','Alice in a shrill, passionate voice. \'Would YOU like cats if you cut your finger VERY deeply with a table in the air. Even the Duchess replied, in a minute, nurse! But I\'ve got to the Knave of.',NULL,NULL),
(538,'2025-03-28 13:32:44','2024-10-27 21:16:13',144,42,4,1,'2025-03-28 13:32:44','WILL be a person of authority over Alice. \'Stand up and to hear it say, as it spoke. \'As wet as ever,\' said Alice to herself, as well as she could do, lying down with one elbow against the door, and.',NULL,NULL),
(539,'2025-03-28 13:32:44','2024-10-28 21:16:13',144,42,5,1,'2025-03-28 13:32:44','WHAT? The other guests had taken his watch out of the cattle in the air: it puzzled her very earnestly, \'Now, Dinah, tell me who YOU are, first.\' \'Why?\' said the White Rabbit cried out, \'Silence in.',NULL,NULL),
(540,'2025-03-28 13:32:44','2024-10-29 21:16:13',144,42,9,1,'2025-03-28 13:32:44','Involved in this way! Stop this moment, and fetch me a pair of the room again, no wonder she felt sure she would feel very sleepy and stupid), whether the pleasure of making a daisy-chain would be.',NULL,NULL),
(541,'2025-03-28 13:32:44','2024-10-30 21:16:13',144,42,10,1,'2025-03-28 13:32:44','There ought to be almost out of its right ear and left off sneezing by this time). \'Don\'t grunt,\' said Alice; \'that\'s not at all fairly,\' Alice began, in a furious passion, and went on again.',NULL,NULL),
(542,'2025-03-28 13:32:44','2023-12-20 14:13:04',147,42,2,1,'2025-03-28 13:32:44','Involved in this way! Stop this moment, and fetch me a pair of the room again, no wonder she felt sure she would feel very sleepy and stupid), whether the pleasure of making a daisy-chain would be.',NULL,NULL),
(543,'2025-03-28 13:32:44','2025-03-10 04:15:07',150,42,10,1,'2025-03-28 13:32:44','Dormouse. \'Fourteenth of March, I think I can remember feeling a little hot tea upon its nose. The Dormouse slowly opened his eyes were getting extremely small for a minute or two to think that very.',NULL,NULL),
(544,'2025-03-28 13:32:45','2025-02-02 12:38:46',152,42,9,1,'2025-03-28 13:32:45','Still she went on, \'What HAVE you been doing here?\' \'May it please your Majesty,\' said the March Hare was said to Alice; and Alice looked all round the court with a knife, it usually bleeds; and she.',NULL,NULL),
(545,'2025-03-28 13:32:45','2025-02-16 04:34:50',155,42,6,1,'2025-03-28 13:32:45','WILL be a person of authority over Alice. \'Stand up and to hear it say, as it spoke. \'As wet as ever,\' said Alice to herself, as well as she could do, lying down with one elbow against the door, and.',NULL,NULL),
(546,'2025-03-28 13:32:45','2024-06-26 12:19:21',157,42,7,1,'2025-03-28 13:32:45','YOU, and no room to grow up again! Let me see: that would be grand, certainly,\' said Alice, who felt ready to agree to everything that Alice said; \'there\'s a large one, but the Dormouse turned out.',NULL,NULL),
(547,'2025-03-28 13:32:45','2024-06-27 12:19:21',157,42,1,1,'2025-03-28 13:32:45','She said this last remark, \'it\'s a vegetable. It doesn\'t look like it?\' he said. \'Fifteenth,\' said the Gryphon went on, looking anxiously about her. \'Oh, do let me help to undo it!\' \'I shall be a.',NULL,NULL),
(548,'2025-03-28 13:32:45','2024-06-28 12:19:21',157,42,6,1,'2025-03-28 13:32:45','It was the first verse,\' said the Dormouse; \'VERY ill.\' Alice tried to curtsey as she could, \'If you please, sir--\' The Rabbit started violently, dropped the white kid gloves, and she felt certain.',NULL,NULL),
(549,'2025-03-28 13:32:45','2024-06-29 12:19:21',157,42,4,1,'2025-03-28 13:32:45','WHAT? The other guests had taken his watch out of the cattle in the air: it puzzled her very earnestly, \'Now, Dinah, tell me who YOU are, first.\' \'Why?\' said the White Rabbit cried out, \'Silence in.',NULL,NULL),
(550,'2025-03-28 13:32:45','2024-06-30 12:19:21',157,42,9,1,'2025-03-28 13:32:45','WILL be a person of authority over Alice. \'Stand up and to hear it say, as it spoke. \'As wet as ever,\' said Alice to herself, as well as she could do, lying down with one elbow against the door, and.',NULL,NULL),
(551,'2025-03-28 13:32:45','2023-08-02 22:44:14',160,42,3,1,'2025-03-28 13:32:45','WILL be a person of authority over Alice. \'Stand up and to hear it say, as it spoke. \'As wet as ever,\' said Alice to herself, as well as she could do, lying down with one elbow against the door, and.',NULL,NULL),
(552,'2025-03-28 13:32:45','2023-08-03 22:44:14',160,42,7,1,'2025-03-28 13:32:45','ALL RETURNED FROM HIM TO YOU,\"\' said Alice. \'Of course twinkling begins with a trumpet in one hand and a scroll of parchment in the world am I? Ah, THAT\'S the great concert given by the way the.',NULL,NULL),
(553,'2025-03-28 13:32:45','2023-08-04 22:44:14',160,42,10,1,'2025-03-28 13:32:45','Alice looked down at her side. She was close behind it when she had gone through that day. \'That PROVES his guilt,\' said the Mock Turtle persisted. \'How COULD he turn them out with trying, the poor.',NULL,NULL),
(554,'2025-03-28 13:32:45','2023-08-05 22:44:14',160,42,4,1,'2025-03-28 13:32:45','Alice looked down at her side. She was close behind it when she had gone through that day. \'That PROVES his guilt,\' said the Mock Turtle persisted. \'How COULD he turn them out with trying, the poor.',NULL,NULL),
(555,'2025-03-28 13:32:45','2023-08-06 22:44:14',160,42,2,1,'2025-03-28 13:32:45','Rabbit\'s voice; and the Mock Turtle. \'Seals, turtles, salmon, and so on; then, when you\'ve cleared all the while, till at last she spread out her hand in hand, in couples: they were lying round the.',NULL,NULL),
(556,'2025-03-28 13:32:45','2024-07-11 01:23:08',163,42,7,1,'2025-03-28 13:32:45','Alice looked down at her side. She was close behind it when she had gone through that day. \'That PROVES his guilt,\' said the Mock Turtle persisted. \'How COULD he turn them out with trying, the poor.',NULL,NULL),
(557,'2025-03-28 13:32:45','2024-07-12 01:23:08',163,42,9,1,'2025-03-28 13:32:45','Involved in this way! Stop this moment, and fetch me a pair of the room again, no wonder she felt sure she would feel very sleepy and stupid), whether the pleasure of making a daisy-chain would be.',NULL,NULL);
/*!40000 ALTER TABLE `comments_comment` ENABLE KEYS */;
UNLOCK TABLES;

--
-- Table structure for table `comments_comment_attachment`
--

DROP TABLE IF EXISTS `comments_comment_attachment`;
/*!40101 SET @saved_cs_client     = @@character_set_client */;
/*!40101 SET character_set_client = utf8 */;
CREATE TABLE `comments_comment_attachment` (
  `id` int(10) unsigned NOT NULL AUTO_INCREMENT,
  `commentId` int(11) NOT NULL,
  `blobId` binary(40) DEFAULT NULL,
  `name` varchar(190) NOT NULL,
  PRIMARY KEY (`id`),
  KEY `comments_comment_attachment_comments_comment_id_fk` (`commentId`),
  KEY `comments_comment_attachment_core_blob_id_fk` (`blobId`),
  CONSTRAINT `comments_comment_attachment_comments_comment_id_fk` FOREIGN KEY (`commentId`) REFERENCES `comments_comment` (`id`) ON DELETE CASCADE,
  CONSTRAINT `comments_comment_attachment_core_blob_id_fk` FOREIGN KEY (`blobId`) REFERENCES `core_blob` (`id`) ON DELETE CASCADE
) ENGINE=InnoDB DEFAULT CHARSET=utf8mb4 COLLATE=utf8mb4_unicode_ci;
/*!40101 SET character_set_client = @saved_cs_client */;

--
-- Dumping data for table `comments_comment_attachment`
--

LOCK TABLES `comments_comment_attachment` WRITE;
/*!40000 ALTER TABLE `comments_comment_attachment` DISABLE KEYS */;
/*!40000 ALTER TABLE `comments_comment_attachment` ENABLE KEYS */;
UNLOCK TABLES;

--
-- Table structure for table `comments_comment_image`
--

DROP TABLE IF EXISTS `comments_comment_image`;
/*!40101 SET @saved_cs_client     = @@character_set_client */;
/*!40101 SET character_set_client = utf8 */;
CREATE TABLE `comments_comment_image` (
  `commentId` int(11) NOT NULL,
  `blobId` binary(40) NOT NULL,
  PRIMARY KEY (`commentId`,`blobId`),
  KEY `blobId` (`blobId`),
  CONSTRAINT `comments_comment_image_ibfk_1` FOREIGN KEY (`blobId`) REFERENCES `core_blob` (`id`),
  CONSTRAINT `comments_comment_image_ibfk_2` FOREIGN KEY (`commentId`) REFERENCES `comments_comment` (`id`) ON DELETE CASCADE
) ENGINE=InnoDB DEFAULT CHARSET=utf8mb4 COLLATE=utf8mb4_unicode_ci;
/*!40101 SET character_set_client = @saved_cs_client */;

--
-- Dumping data for table `comments_comment_image`
--

LOCK TABLES `comments_comment_image` WRITE;
/*!40000 ALTER TABLE `comments_comment_image` DISABLE KEYS */;
/*!40000 ALTER TABLE `comments_comment_image` ENABLE KEYS */;
UNLOCK TABLES;

--
-- Table structure for table `comments_comment_label`
--

DROP TABLE IF EXISTS `comments_comment_label`;
/*!40101 SET @saved_cs_client     = @@character_set_client */;
/*!40101 SET character_set_client = utf8 */;
CREATE TABLE `comments_comment_label` (
  `labelId` int(11) NOT NULL,
  `commentId` int(11) NOT NULL,
  PRIMARY KEY (`labelId`,`commentId`),
  KEY `fk_comments_label_has_comments_comment_comments_comment1_idx` (`commentId`),
  KEY `fk_comments_label_has_comments_comment_comments_label1_idx` (`labelId`),
  CONSTRAINT `fk_comments_label_has_comments_comment_comments_comment1` FOREIGN KEY (`commentId`) REFERENCES `comments_comment` (`id`) ON DELETE CASCADE,
  CONSTRAINT `fk_comments_label_has_comments_comment_comments_label1` FOREIGN KEY (`labelId`) REFERENCES `comments_label` (`id`) ON DELETE CASCADE
) ENGINE=InnoDB DEFAULT CHARSET=utf8mb4 COLLATE=utf8mb4_unicode_ci;
/*!40101 SET character_set_client = @saved_cs_client */;

--
-- Dumping data for table `comments_comment_label`
--

LOCK TABLES `comments_comment_label` WRITE;
/*!40000 ALTER TABLE `comments_comment_label` DISABLE KEYS */;
/*!40000 ALTER TABLE `comments_comment_label` ENABLE KEYS */;
UNLOCK TABLES;

--
-- Table structure for table `comments_label`
--

DROP TABLE IF EXISTS `comments_label`;
/*!40101 SET @saved_cs_client     = @@character_set_client */;
/*!40101 SET character_set_client = utf8 */;
CREATE TABLE `comments_label` (
  `id` int(11) NOT NULL AUTO_INCREMENT,
  `name` varchar(127) NOT NULL DEFAULT '',
  `color` char(6) NOT NULL DEFAULT '243a80',
  PRIMARY KEY (`id`)
) ENGINE=InnoDB DEFAULT CHARSET=utf8mb4 COLLATE=utf8mb4_unicode_ci;
/*!40101 SET character_set_client = @saved_cs_client */;

--
-- Dumping data for table `comments_label`
--

LOCK TABLES `comments_label` WRITE;
/*!40000 ALTER TABLE `comments_label` DISABLE KEYS */;
/*!40000 ALTER TABLE `comments_label` ENABLE KEYS */;
UNLOCK TABLES;

--
-- Table structure for table `core_acl`
--

DROP TABLE IF EXISTS `core_acl`;
/*!40101 SET @saved_cs_client     = @@character_set_client */;
/*!40101 SET character_set_client = utf8 */;
CREATE TABLE `core_acl` (
  `id` int(11) NOT NULL AUTO_INCREMENT,
  `ownedBy` int(11) DEFAULT NULL,
  `usedIn` varchar(190) DEFAULT NULL,
  `modifiedAt` datetime DEFAULT NULL,
  `entityTypeId` int(11) DEFAULT NULL,
  `entityId` int(11) DEFAULT NULL,
  PRIMARY KEY (`id`),
  KEY `core_acl_ibfk_1` (`entityTypeId`),
  KEY `ownedBy` (`ownedBy`),
  CONSTRAINT `core_acl_ibfk_1` FOREIGN KEY (`entityTypeId`) REFERENCES `core_entity` (`id`) ON DELETE SET NULL,
  CONSTRAINT `core_acl_ibfk_2` FOREIGN KEY (`ownedBy`) REFERENCES `core_user` (`id`) ON DELETE SET NULL
) ENGINE=InnoDB AUTO_INCREMENT=128 DEFAULT CHARSET=utf8mb4 COLLATE=utf8mb4_unicode_ci;
/*!40101 SET character_set_client = @saved_cs_client */;

--
-- Dumping data for table `core_acl`
--

LOCK TABLES `core_acl` WRITE;
/*!40000 ALTER TABLE `core_acl` DISABLE KEYS */;
INSERT INTO `core_acl` VALUES
(1,1,'core_group.aclId','2025-03-28 13:31:50',11,1),
(2,1,'core_group.aclId','2025-03-28 13:31:50',11,2),
(3,1,'core_group.aclId','2025-03-28 13:31:50',11,3),
(4,1,'core_group.aclId','2025-03-28 13:31:50',11,4),
(5,1,'core_entity.defaultAclId','2025-03-28 13:31:51',8,NULL),
(6,1,'core_entity.defaultAclId','2025-03-28 13:31:51',10,NULL),
(7,1,'core_entity.defaultAclId','2025-03-28 13:31:51',11,NULL),
(8,1,'go_templates.acl_id','2025-03-28 13:31:51',26,1),
(9,1,'core_entity.defaultAclId','2025-03-28 13:31:51',26,NULL),
(10,1,'addressbook_addressbook.aclId','2025-03-28 13:31:53',27,1),
(11,1,'bookmarks_category.aclId','2025-03-28 13:31:53',31,1),
(12,1,'notes_note_book.aclId','2025-03-28 13:31:54',36,65),
(13,1,'core_entity.defaultAclId','2025-03-28 13:31:56',41,NULL),
(14,1,'fs_templates.acl_id','2025-03-28 13:31:57',45,1),
(15,1,'core_entity.defaultAclId','2025-03-28 13:31:57',45,NULL),
(16,1,'fs_templates.acl_id','2025-03-28 13:31:57',45,2),
(17,1,'core_module.shadowAclId','2025-03-28 13:31:57',14,16),
(18,1,'fs_folders.acl_id','2025-03-28 13:31:57',44,2),
(19,1,'fs_folders.acl_id','2025-03-28 13:31:57',44,3),
(20,1,'core_entity.defaultAclId','2025-03-28 13:32:12',27,NULL),
(21,1,'addressbook_addressbook.aclId','2025-03-28 13:32:12',27,2),
(22,1,'core_entity.defaultAclId','2025-03-28 13:32:12',39,NULL),
(23,1,'tasks_tasklist.aclId','2025-03-28 13:32:12',39,1),
(24,1,'core_entity.defaultAclId','2025-03-28 13:32:12',21,NULL),
(25,1,'core_module.shadowAclId','2025-03-28 13:32:12',14,1),
(26,1,'core_module.shadowAclId','2025-03-28 13:32:12',14,2),
(27,1,'core_entity.defaultAclId','2025-03-28 13:32:12',31,NULL),
(28,1,'core_module.shadowAclId','2025-03-28 13:32:12',14,3),
(29,1,'core_module.shadowAclId','2025-03-28 13:32:12',14,4),
(30,1,'core_module.shadowAclId','2025-03-28 13:32:12',14,5),
(31,1,'core_entity.defaultAclId','2025-03-28 13:32:12',34,NULL),
(32,1,'core_module.shadowAclId','2025-03-28 13:32:12',14,6),
(33,1,'core_entity.defaultAclId','2025-03-28 13:32:12',36,NULL),
(34,1,'core_module.shadowAclId','2025-03-28 13:32:12',14,7),
(35,1,'core_module.shadowAclId','2025-03-28 13:32:12',14,8),
(36,1,'core_module.shadowAclId','2025-03-28 13:32:12',14,9),
(37,1,'core_module.shadowAclId','2025-03-28 13:32:12',14,10),
(38,1,'core_module.shadowAclId','2025-03-28 13:32:12',14,11),
(39,1,'core_module.shadowAclId','2025-03-28 13:32:12',14,12),
(40,1,'core_module.shadowAclId','2025-03-28 13:32:12',14,13),
(41,1,'core_module.shadowAclId','2025-03-28 13:32:12',14,14),
(42,1,'core_module.shadowAclId','2025-03-28 13:32:12',14,15),
(43,1,'core_module.shadowAclId','2025-03-28 13:32:12',14,17),
(44,1,'core_module.shadowAclId','2025-03-28 13:32:12',14,18),
(45,1,'core_module.shadowAclId','2025-03-28 13:32:12',14,19),
(46,1,'core_module.shadowAclId','2025-03-28 13:32:12',14,20),
(47,1,'cal_calendars.acl_id','2025-03-28 13:32:37',41,1),
(48,1,'core_group.aclId','2025-03-28 13:32:20',11,5),
(49,1,'core_entity.defaultAclId','2025-03-28 13:32:20',39,NULL),
(50,2,'tasks_tasklist.aclId','2025-03-28 13:32:20',39,2),
(51,2,'cal_calendars.acl_id','2025-03-28 13:32:38',41,2),
(52,1,'core_entity.defaultAclId','2025-03-28 13:32:20',27,NULL),
(53,2,'addressbook_addressbook.aclId','2025-03-28 13:32:20',27,3),
(54,1,'core_entity.defaultAclId','2025-03-28 13:32:20',36,NULL),
(55,2,'notes_note_book.aclId','2025-03-28 13:32:20',36,66),
(56,1,'core_group.aclId','2025-03-28 13:32:20',11,6),
(57,3,'tasks_tasklist.aclId','2025-03-28 13:32:20',39,3),
(58,3,'cal_calendars.acl_id','2025-03-28 13:32:39',41,3),
(59,3,'addressbook_addressbook.aclId','2025-03-28 13:32:20',27,4),
(60,3,'notes_note_book.aclId','2025-03-28 13:32:20',36,67),
(61,1,'core_group.aclId','2025-03-28 13:32:20',11,7),
(62,4,'tasks_tasklist.aclId','2025-03-28 13:32:20',39,4),
(63,4,'cal_calendars.acl_id','2025-03-28 13:32:39',41,4),
(64,4,'addressbook_addressbook.aclId','2025-03-28 13:32:20',27,5),
(65,4,'notes_note_book.aclId','2025-03-28 13:32:20',36,68),
(66,1,'core_group.aclId','2025-03-28 13:32:20',11,8),
(67,5,'tasks_tasklist.aclId','2025-03-28 13:32:20',39,5),
(68,5,'cal_calendars.acl_id','2025-03-28 13:32:40',41,5),
(69,5,'addressbook_addressbook.aclId','2025-03-28 13:32:20',27,6),
(70,5,'notes_note_book.aclId','2025-03-28 13:32:20',36,69),
(71,1,'core_group.aclId','2025-03-28 13:32:21',11,9),
(72,6,'tasks_tasklist.aclId','2025-03-28 13:32:21',39,6),
(73,6,'cal_calendars.acl_id','2025-03-28 13:32:40',41,6),
(74,6,'addressbook_addressbook.aclId','2025-03-28 13:32:21',27,7),
(75,6,'notes_note_book.aclId','2025-03-28 13:32:21',36,70),
(76,1,'core_group.aclId','2025-03-28 13:32:21',11,10),
(77,7,'tasks_tasklist.aclId','2025-03-28 13:32:21',39,7),
(78,7,'cal_calendars.acl_id','2025-03-28 13:32:41',41,7),
(79,7,'addressbook_addressbook.aclId','2025-03-28 13:32:21',27,8),
(80,7,'notes_note_book.aclId','2025-03-28 13:32:21',36,71),
(81,1,'core_group.aclId','2025-03-28 13:32:21',11,11),
(82,8,'tasks_tasklist.aclId','2025-03-28 13:32:21',39,8),
(83,8,'cal_calendars.acl_id','2025-03-28 13:32:42',41,8),
(84,8,'addressbook_addressbook.aclId','2025-03-28 13:32:21',27,9),
(85,8,'notes_note_book.aclId','2025-03-28 13:32:21',36,72),
(86,1,'core_group.aclId','2025-03-28 13:32:21',11,12),
(87,9,'tasks_tasklist.aclId','2025-03-28 13:32:21',39,9),
(88,9,'cal_calendars.acl_id','2025-03-28 13:32:42',41,9),
(89,9,'addressbook_addressbook.aclId','2025-03-28 13:32:21',27,10),
(90,9,'notes_note_book.aclId','2025-03-28 13:32:21',36,73),
(91,1,'core_group.aclId','2025-03-28 13:32:22',11,13),
(92,10,'tasks_tasklist.aclId','2025-03-28 13:32:22',39,10),
(93,10,'cal_calendars.acl_id','2025-03-28 13:32:43',41,10),
(94,10,'addressbook_addressbook.aclId','2025-03-28 13:32:22',27,11),
(95,10,'notes_note_book.aclId','2025-03-28 13:32:22',36,74),
(96,1,'core_group.aclId','2025-03-28 13:32:22',11,14),
(97,11,'tasks_tasklist.aclId','2025-03-28 13:32:22',39,11),
(98,11,'cal_calendars.acl_id','2025-03-28 13:32:44',41,11),
(99,11,'addressbook_addressbook.aclId','2025-03-28 13:32:22',27,12),
(100,11,'notes_note_book.aclId','2025-03-28 13:32:22',36,75),
(101,1,'core_group.aclId','2025-03-28 13:32:22',11,15),
(102,12,'tasks_tasklist.aclId','2025-03-28 13:32:22',39,12),
(103,12,'cal_calendars.acl_id','2025-03-28 13:32:44',41,12),
(104,12,'addressbook_addressbook.aclId','2025-03-28 13:32:22',27,13),
(105,12,'notes_note_book.aclId','2025-03-28 13:32:22',36,76),
(106,1,'cal_views.acl_id','2025-03-28 13:32:45',46,1),
(107,1,'core_entity.defaultAclId','2025-03-28 13:32:45',46,NULL),
(108,1,'cal_views.acl_id','2025-03-28 13:32:45',46,2),
(109,1,'cal_calendars.acl_id','2025-03-28 13:32:45',41,13),
(110,1,'cal_calendars.acl_id','2025-03-28 13:32:45',41,14),
(111,2,'fs_folders.acl_id','2025-03-28 13:32:46',44,19),
(112,1,'core_module.shadowAclId','2025-03-28 13:34:51',14,21),
(113,1,'core_module.shadowAclId','2025-03-28 13:35:04',14,22),
(114,1,'core_entity.defaultAclId','2025-03-28 13:35:16',47,NULL),
(115,1,'core_module.shadowAclId','2025-03-28 13:35:16',14,23),
(118,1,'core_entity.defaultAclId','2025-03-28 13:40:02',47,NULL),
(119,1,'wopi_service.aclId','2025-03-28 13:40:02',47,1),
(120,1,'em_accounts.acl_id','2025-03-31 10:13:44',49,0),
(121,1,'core_entity.defaultAclId','2025-03-31 10:13:44',49,NULL),
(122,1,'em_accounts.acl_id','2025-03-31 10:14:55',49,1),
(123,1,'core_entity.defaultAclId','2025-03-31 10:14:55',49,NULL),
(124,1,'fs_folders.acl_id','2025-03-31 10:17:32',44,22),
(125,1,'pa_domains.acl_id','2025-03-31 14:21:41',51,1),
(126,1,'core_entity.defaultAclId','2025-03-31 14:21:41',51,NULL),
(127,1,'core_module.shadowAclId','2025-03-31 14:21:41',14,24);
/*!40000 ALTER TABLE `core_acl` ENABLE KEYS */;
UNLOCK TABLES;

--
-- Table structure for table `core_acl_group`
--

DROP TABLE IF EXISTS `core_acl_group`;
/*!40101 SET @saved_cs_client     = @@character_set_client */;
/*!40101 SET character_set_client = utf8 */;
CREATE TABLE `core_acl_group` (
  `aclId` int(11) NOT NULL,
  `groupId` int(11) NOT NULL DEFAULT 0,
  `level` tinyint(4) NOT NULL DEFAULT 10,
  PRIMARY KEY (`aclId`,`groupId`),
  KEY `level` (`level`),
  KEY `groupId` (`groupId`),
  CONSTRAINT `core_acl_group_ibfk_1` FOREIGN KEY (`groupId`) REFERENCES `core_group` (`id`) ON DELETE CASCADE,
  CONSTRAINT `core_acl_group_ibfk_2` FOREIGN KEY (`aclId`) REFERENCES `core_acl` (`id`) ON DELETE CASCADE ON UPDATE CASCADE
) ENGINE=InnoDB DEFAULT CHARSET=utf8mb4 COLLATE=utf8mb4_unicode_ci;
/*!40101 SET character_set_client = @saved_cs_client */;

--
-- Dumping data for table `core_acl_group`
--

LOCK TABLES `core_acl_group` WRITE;
/*!40000 ALTER TABLE `core_acl_group` DISABLE KEYS */;
INSERT INTO `core_acl_group` VALUES
(2,2,10),
(3,3,10),
(4,4,10),
(5,2,10),
(7,2,10),
(8,3,10),
(11,3,10),
(14,3,10),
(16,3,10),
(17,3,10),
(21,3,10),
(25,2,10),
(26,3,10),
(28,3,10),
(29,3,10),
(30,3,10),
(34,3,10),
(35,3,10),
(37,3,10),
(38,3,10),
(39,3,10),
(40,3,10),
(41,3,10),
(42,3,10),
(43,3,10),
(44,3,10),
(45,3,10),
(47,3,10),
(48,2,10),
(48,5,10),
(51,3,10),
(56,2,10),
(56,6,10),
(58,3,10),
(61,2,10),
(61,7,10),
(63,3,10),
(66,2,10),
(66,8,10),
(68,3,10),
(71,2,10),
(71,9,10),
(73,3,10),
(76,2,10),
(76,10,10),
(78,3,10),
(81,2,10),
(81,11,10),
(83,3,10),
(86,2,10),
(86,12,10),
(88,3,10),
(91,2,10),
(91,13,10),
(93,3,10),
(96,2,10),
(96,14,10),
(98,3,10),
(101,2,10),
(101,15,10),
(103,3,10),
(106,3,10),
(108,3,10),
(109,3,10),
(110,3,10),
(112,3,10),
(113,3,10),
(115,3,10),
(127,3,10),
(6,2,30),
(13,3,30),
(10,3,40),
(12,3,40),
(19,3,40),
(50,5,50),
(51,5,50),
(53,5,50),
(55,5,50),
(57,6,50),
(58,6,50),
(59,6,50),
(60,6,50),
(62,7,50),
(63,7,50),
(64,7,50),
(65,7,50),
(67,8,50),
(68,8,50),
(69,8,50),
(70,8,50),
(72,9,50),
(73,9,50),
(74,9,50),
(75,9,50),
(77,10,50),
(78,10,50),
(79,10,50),
(80,10,50),
(82,11,50),
(83,11,50),
(84,11,50),
(85,11,50),
(87,12,50),
(88,12,50),
(89,12,50),
(90,12,50),
(92,13,50),
(93,13,50),
(94,13,50),
(95,13,50),
(97,14,50),
(98,14,50),
(99,14,50),
(100,14,50),
(102,15,50),
(103,15,50),
(104,15,50),
(105,15,50),
(111,5,50),
(122,4,50);
/*!40000 ALTER TABLE `core_acl_group` ENABLE KEYS */;
UNLOCK TABLES;

--
-- Table structure for table `core_acl_group_changes`
--

DROP TABLE IF EXISTS `core_acl_group_changes`;
/*!40101 SET @saved_cs_client     = @@character_set_client */;
/*!40101 SET character_set_client = utf8 */;
CREATE TABLE `core_acl_group_changes` (
  `id` int(11) NOT NULL AUTO_INCREMENT,
  `aclId` int(11) NOT NULL,
  `groupId` int(11) NOT NULL,
  `modSeq` int(11) NOT NULL,
  `granted` tinyint(1) NOT NULL,
  PRIMARY KEY (`id`),
  KEY `aclId` (`aclId`,`groupId`,`modSeq`),
  KEY `group` (`groupId`),
  CONSTRAINT `all` FOREIGN KEY (`aclId`) REFERENCES `core_acl` (`id`) ON DELETE CASCADE ON UPDATE CASCADE,
  CONSTRAINT `group` FOREIGN KEY (`groupId`) REFERENCES `core_group` (`id`) ON DELETE CASCADE ON UPDATE CASCADE
) ENGINE=InnoDB AUTO_INCREMENT=29 DEFAULT CHARSET=utf8mb4 COLLATE=utf8mb4_unicode_ci;
/*!40101 SET character_set_client = @saved_cs_client */;

--
-- Dumping data for table `core_acl_group_changes`
--

LOCK TABLES `core_acl_group_changes` WRITE;
/*!40000 ALTER TABLE `core_acl_group_changes` DISABLE KEYS */;
INSERT INTO `core_acl_group_changes` VALUES
(28,127,3,1,1);
/*!40000 ALTER TABLE `core_acl_group_changes` ENABLE KEYS */;
UNLOCK TABLES;

--
-- Table structure for table `core_alert`
--

DROP TABLE IF EXISTS `core_alert`;
/*!40101 SET @saved_cs_client     = @@character_set_client */;
/*!40101 SET character_set_client = utf8 */;
CREATE TABLE `core_alert` (
  `id` int(11) NOT NULL AUTO_INCREMENT,
  `entityTypeId` int(11) NOT NULL,
  `entityId` int(11) NOT NULL,
  `userId` int(11) NOT NULL,
  `triggerAt` datetime NOT NULL,
  `tag` varchar(50) DEFAULT NULL,
  `recurrenceId` varchar(32) DEFAULT NULL,
  `data` text DEFAULT NULL,
  `sendMail` tinyint(1) NOT NULL DEFAULT 0,
  PRIMARY KEY (`id`),
  UNIQUE KEY `core_alert_entityTypeId_entityId_tag_userId_uindex` (`entityTypeId`,`entityId`,`tag`,`userId`),
  KEY `dk_alert_entityType_idx` (`entityTypeId`),
  KEY `fk_alert_user_idx` (`userId`),
  CONSTRAINT `fk_alert_entityType` FOREIGN KEY (`entityTypeId`) REFERENCES `core_entity` (`id`) ON DELETE CASCADE ON UPDATE NO ACTION,
  CONSTRAINT `fk_alert_user` FOREIGN KEY (`userId`) REFERENCES `core_user` (`id`) ON DELETE CASCADE ON UPDATE NO ACTION
) ENGINE=InnoDB DEFAULT CHARSET=utf8mb4 COLLATE=utf8mb4_unicode_ci;
/*!40101 SET character_set_client = @saved_cs_client */;

--
-- Dumping data for table `core_alert`
--

LOCK TABLES `core_alert` WRITE;
/*!40000 ALTER TABLE `core_alert` DISABLE KEYS */;
/*!40000 ALTER TABLE `core_alert` ENABLE KEYS */;
UNLOCK TABLES;

--
-- Table structure for table `core_auth_allow_group`
--

DROP TABLE IF EXISTS `core_auth_allow_group`;
/*!40101 SET @saved_cs_client     = @@character_set_client */;
/*!40101 SET character_set_client = utf8 */;
CREATE TABLE `core_auth_allow_group` (
  `id` int(11) NOT NULL AUTO_INCREMENT,
  `groupId` int(11) NOT NULL,
  `ipPattern` varchar(50) NOT NULL COMMENT 'IP Address. Wildcards can be used where * matches anything and ? matches exactly one character',
  PRIMARY KEY (`id`),
  KEY `groupId` (`groupId`),
  CONSTRAINT `core_auth_allow_group_ibfk_1` FOREIGN KEY (`groupId`) REFERENCES `core_group` (`id`) ON DELETE CASCADE
) ENGINE=InnoDB DEFAULT CHARSET=utf8mb4 COLLATE=utf8mb4_unicode_ci;
/*!40101 SET character_set_client = @saved_cs_client */;

--
-- Dumping data for table `core_auth_allow_group`
--

LOCK TABLES `core_auth_allow_group` WRITE;
/*!40000 ALTER TABLE `core_auth_allow_group` DISABLE KEYS */;
/*!40000 ALTER TABLE `core_auth_allow_group` ENABLE KEYS */;
UNLOCK TABLES;

--
-- Table structure for table `core_auth_method`
--

DROP TABLE IF EXISTS `core_auth_method`;
/*!40101 SET @saved_cs_client     = @@character_set_client */;
/*!40101 SET character_set_client = utf8 */;
CREATE TABLE `core_auth_method` (
  `id` varchar(100) NOT NULL,
  `moduleId` int(11) NOT NULL,
  `sortOrder` int(11) NOT NULL,
  PRIMARY KEY (`id`),
  KEY `moduleId` (`moduleId`),
  KEY `moduleId_sortOrder` (`moduleId`,`sortOrder`),
  CONSTRAINT `core_auth_method_ibfk_1` FOREIGN KEY (`moduleId`) REFERENCES `core_module` (`id`) ON DELETE CASCADE
) ENGINE=InnoDB DEFAULT CHARSET=utf8mb4 COLLATE=utf8mb4_unicode_ci;
/*!40101 SET character_set_client = @saved_cs_client */;

--
-- Dumping data for table `core_auth_method`
--

LOCK TABLES `core_auth_method` WRITE;
/*!40000 ALTER TABLE `core_auth_method` DISABLE KEYS */;
INSERT INTO `core_auth_method` VALUES
('password',1,1),
('forcepasswordchange',1,2),
('otpauthenticator',8,3);
/*!40000 ALTER TABLE `core_auth_method` ENABLE KEYS */;
UNLOCK TABLES;

--
-- Table structure for table `core_auth_password`
--

DROP TABLE IF EXISTS `core_auth_password`;
/*!40101 SET @saved_cs_client     = @@character_set_client */;
/*!40101 SET character_set_client = utf8 */;
CREATE TABLE `core_auth_password` (
  `userId` int(11) NOT NULL,
  `password` varchar(190) DEFAULT NULL,
  PRIMARY KEY (`userId`),
  CONSTRAINT `core_auth_password_ibfk_1` FOREIGN KEY (`userId`) REFERENCES `core_user` (`id`) ON DELETE CASCADE
) ENGINE=InnoDB DEFAULT CHARSET=utf8mb4 COLLATE=utf8mb4_unicode_ci;
/*!40101 SET character_set_client = @saved_cs_client */;

--
-- Dumping data for table `core_auth_password`
--

LOCK TABLES `core_auth_password` WRITE;
/*!40000 ALTER TABLE `core_auth_password` DISABLE KEYS */;
INSERT INTO `core_auth_password` VALUES
(1,'$2y$10$jf1OydlbYcFGTwJGRRpSZuNyYfp8D2D4IdHB9SG.ClghFUggA4eya'),
(2,'$2y$10$wKhES2NmHnnuiR0KzJaYjOerk/iLkgWdoDzz1qnxp4et1kDWvvPtO'),
(3,'$2y$10$aDxdXAsEo37.JDDcRMab6.aqQiwxV1QPqV5Fcw1p2Urx7xn4FCCF.'),
(4,'$2y$10$Ge93CjpuFeCApLUpNxe2ReDDv/xNzm8DpYR/wYDvGoavrUPww90XC'),
(5,'$2y$10$2mBhs9G8nEsZQ1gOWUd.kOP5g3UOJ6bQlps5dkyHkkWbiaPHTDBLi'),
(6,'$2y$10$oFpzA.t8Jc2g7coX/iD3Ce7HbN1TROwyXQeVzE7r/Vm1CiL9mVzD6'),
(7,'$2y$10$XQa9OylJN4MQ9XwEQeU0gux6FPMlh7Obxnh2DqFSd1JsgX79vNKQG'),
(8,'$2y$10$OJGZPzEbfOJao3Nx3dpLyOsdyPtKgq4mqos9zoAiAGIiGttUYUMDK'),
(9,'$2y$10$1UEKcQajxLKywYludlEYdOUwhgUuKeJOVirBze5QuIE7syMUqGj5K'),
(10,'$2y$10$IAK7ebjWRJ.PF6BsG6Ie.OR0hJoy/JFGufHtBbh72jQKla0K/wLBW'),
(11,'$2y$10$FND4jpsVPvEZBHS1w44el.AUp/JTttRmqhPsW5aLCbtCwrNhsm12q'),
(12,'$2y$10$ZeQLiN.vC3juNv7meprdf.UDpiq73YxTcY6M43E3vL6QTjyygxeN.');
/*!40000 ALTER TABLE `core_auth_password` ENABLE KEYS */;
UNLOCK TABLES;

--
-- Table structure for table `core_auth_remember_me`
--

DROP TABLE IF EXISTS `core_auth_remember_me`;
/*!40101 SET @saved_cs_client     = @@character_set_client */;
/*!40101 SET character_set_client = utf8 */;
CREATE TABLE `core_auth_remember_me` (
  `id` int(11) NOT NULL AUTO_INCREMENT,
  `token` varchar(190) CHARACTER SET ascii COLLATE ascii_bin DEFAULT NULL,
  `series` varchar(190) CHARACTER SET ascii COLLATE ascii_bin DEFAULT NULL,
  `expiresAt` datetime DEFAULT NULL,
  `userId` int(11) NOT NULL,
  `clientId` int(10) unsigned NOT NULL,
  PRIMARY KEY (`id`),
  KEY `core_auth_remember_me_series_index` (`series`),
  KEY `core_auth_remember_me_core_user_id_fk` (`userId`),
  KEY `fk_core_auth_remember_me_core_client1_idx` (`clientId`),
  CONSTRAINT `core_auth_remember_me_core_user_id_fk` FOREIGN KEY (`userId`) REFERENCES `core_user` (`id`) ON DELETE CASCADE,
  CONSTRAINT `fk_core_auth_remember_me_core_client1` FOREIGN KEY (`clientId`) REFERENCES `core_client` (`id`) ON DELETE CASCADE
) ENGINE=InnoDB DEFAULT CHARSET=utf8mb4 COLLATE=utf8mb4_unicode_ci;
/*!40101 SET character_set_client = @saved_cs_client */;

--
-- Dumping data for table `core_auth_remember_me`
--

LOCK TABLES `core_auth_remember_me` WRITE;
/*!40000 ALTER TABLE `core_auth_remember_me` DISABLE KEYS */;
/*!40000 ALTER TABLE `core_auth_remember_me` ENABLE KEYS */;
UNLOCK TABLES;

--
-- Table structure for table `core_auth_token`
--

DROP TABLE IF EXISTS `core_auth_token`;
/*!40101 SET @saved_cs_client     = @@character_set_client */;
/*!40101 SET character_set_client = utf8 */;
CREATE TABLE `core_auth_token` (
  `loginToken` varchar(100) CHARACTER SET ascii COLLATE ascii_bin NOT NULL,
  `accessToken` varchar(100) CHARACTER SET ascii COLLATE ascii_bin DEFAULT NULL,
  `CSRFToken` varchar(100) CHARACTER SET ascii COLLATE ascii_bin DEFAULT NULL,
  `userId` int(11) NOT NULL,
  `createdAt` datetime NOT NULL,
  `expiresAt` datetime DEFAULT NULL,
  `passedAuthenticators` varchar(190) DEFAULT NULL,
  `clientId` int(10) unsigned NOT NULL,
  PRIMARY KEY (`loginToken`),
  UNIQUE KEY `core_auth_token_pk` (`accessToken`),
  KEY `fk_core_auth_token_core_client1_idx` (`clientId`),
  KEY `fk_core_auth_token_core_user1_idx` (`userId`),
  CONSTRAINT `fk_core_auth_token_core_client1` FOREIGN KEY (`clientId`) REFERENCES `core_client` (`id`) ON DELETE CASCADE,
  CONSTRAINT `fk_core_auth_token_core_user1` FOREIGN KEY (`userId`) REFERENCES `core_user` (`id`) ON DELETE CASCADE
) ENGINE=InnoDB DEFAULT CHARSET=utf8mb4 COLLATE=utf8mb4_unicode_ci;
/*!40101 SET character_set_client = @saved_cs_client */;

--
-- Dumping data for table `core_auth_token`
--

LOCK TABLES `core_auth_token` WRITE;
/*!40000 ALTER TABLE `core_auth_token` DISABLE KEYS */;
INSERT INTO `core_auth_token` VALUES
('67ea4e47ae70774672b0aca5816a71c7e35567d06cf1a','67ea4e47ca409f229f8ffff70f3aaafabae286eae0ea0','67ea4e47ca41163331d1a74f0297d70376d37875f9f46',1,'2025-03-31 08:11:51','2025-04-01 14:30:53','password',1);
/*!40000 ALTER TABLE `core_auth_token` ENABLE KEYS */;
UNLOCK TABLES;

--
-- Table structure for table `core_blob`
--

DROP TABLE IF EXISTS `core_blob`;
/*!40101 SET @saved_cs_client     = @@character_set_client */;
/*!40101 SET character_set_client = utf8 */;
CREATE TABLE `core_blob` (
  `id` binary(40) NOT NULL,
  `type` varchar(129) NOT NULL,
  `size` bigint(20) NOT NULL DEFAULT 0,
  `name` varchar(255) NOT NULL,
  `createdAt` datetime NOT NULL,
  `modifiedAt` datetime DEFAULT NULL,
  `staleAt` datetime DEFAULT NULL,
  PRIMARY KEY (`id`),
  KEY `staleAt` (`staleAt`)
) ENGINE=InnoDB DEFAULT CHARSET=utf8mb4 COLLATE=utf8mb4_unicode_ci;
/*!40101 SET character_set_client = @saved_cs_client */;

--
-- Dumping data for table `core_blob`
--

LOCK TABLES `core_blob` WRITE;
/*!40000 ALTER TABLE `core_blob` DISABLE KEYS */;
INSERT INTO `core_blob` VALUES
('8b29e4aef32373af4359acd511656fbaef005d7f','application/vnd.oasis.opendocument.text',19618,'Beindigen overeenkomst Kemkens.odt','2025-03-31 10:16:13','2017-07-24 18:05:42','2025-03-31 11:16:13'),
('da39a3ee5e6b4b0d3255bfef95601890afd80709','application/x-empty',0,'Merijn','2025-03-31 10:15:19','2019-04-02 11:21:01','2025-03-31 11:15:19'),
('f384ee1dd8a66f36a425dce7b08992d7a6a68c36','image/x-icon',696,'www_group-office_com.ico','2025-03-28 13:31:53','2025-03-28 13:31:53','2025-03-28 14:31:53');
/*!40000 ALTER TABLE `core_blob` ENABLE KEYS */;
UNLOCK TABLES;

--
-- Table structure for table `core_change`
--

DROP TABLE IF EXISTS `core_change`;
/*!40101 SET @saved_cs_client     = @@character_set_client */;
/*!40101 SET character_set_client = utf8 */;
CREATE TABLE `core_change` (
  `id` int(11) NOT NULL AUTO_INCREMENT,
  `entityId` varchar(100) CHARACTER SET ascii COLLATE ascii_bin NOT NULL,
  `entityTypeId` int(11) NOT NULL,
  `modSeq` int(11) NOT NULL,
  `aclId` int(11) DEFAULT NULL,
  `createdAt` datetime NOT NULL,
  `destroyed` tinyint(1) NOT NULL DEFAULT 0,
  PRIMARY KEY (`id`),
  KEY `aclId` (`aclId`),
  KEY `entityTypeId` (`entityTypeId`),
  KEY `entityId` (`entityId`),
  KEY `core_change_modSeq_entityTypeId_entityId_destroyed_index` (`modSeq`,`entityTypeId`,`entityId`,`destroyed`),
  CONSTRAINT `core_change_ibfk_1` FOREIGN KEY (`entityTypeId`) REFERENCES `core_entity` (`id`) ON DELETE CASCADE,
  CONSTRAINT `core_change_ibfk_2` FOREIGN KEY (`aclId`) REFERENCES `core_acl` (`id`) ON DELETE SET NULL
) ENGINE=InnoDB AUTO_INCREMENT=342 DEFAULT CHARSET=utf8mb4 COLLATE=utf8mb4_unicode_ci;
/*!40101 SET character_set_client = @saved_cs_client */;

--
-- Dumping data for table `core_change`
--

LOCK TABLES `core_change` WRITE;
/*!40000 ALTER TABLE `core_change` DISABLE KEYS */;
/*!40000 ALTER TABLE `core_change` ENABLE KEYS */;
UNLOCK TABLES;

--
-- Table structure for table `core_change_user`
--

DROP TABLE IF EXISTS `core_change_user`;
/*!40101 SET @saved_cs_client     = @@character_set_client */;
/*!40101 SET character_set_client = utf8 */;
CREATE TABLE `core_change_user` (
  `userId` int(11) NOT NULL,
  `entityId` int(11) NOT NULL,
  `entityTypeId` int(11) NOT NULL,
  `modSeq` int(11) NOT NULL,
  PRIMARY KEY (`userId`,`entityId`,`entityTypeId`),
  KEY `entityTypeId` (`entityTypeId`),
  KEY `core_change_user_modSeq_userId_entityTypeId_entityId_index` (`modSeq`,`userId`,`entityTypeId`),
  CONSTRAINT `core_change_user_ibfk_1` FOREIGN KEY (`entityTypeId`) REFERENCES `core_entity` (`id`) ON DELETE CASCADE,
  CONSTRAINT `core_change_user_ibfk_2` FOREIGN KEY (`userId`) REFERENCES `core_user` (`id`) ON DELETE CASCADE
) ENGINE=InnoDB DEFAULT CHARSET=utf8mb4 COLLATE=utf8mb4_unicode_ci;
/*!40101 SET character_set_client = @saved_cs_client */;

--
-- Dumping data for table `core_change_user`
--

LOCK TABLES `core_change_user` WRITE;
/*!40000 ALTER TABLE `core_change_user` DISABLE KEYS */;
/*!40000 ALTER TABLE `core_change_user` ENABLE KEYS */;
UNLOCK TABLES;

--
-- Table structure for table `core_change_user_modseq`
--

DROP TABLE IF EXISTS `core_change_user_modseq`;
/*!40101 SET @saved_cs_client     = @@character_set_client */;
/*!40101 SET character_set_client = utf8 */;
CREATE TABLE `core_change_user_modseq` (
  `userId` int(11) NOT NULL,
  `entityTypeId` int(11) NOT NULL,
  `highestModSeq` int(11) NOT NULL DEFAULT 0,
  `lowestModSeq` int(11) NOT NULL DEFAULT 0,
  PRIMARY KEY (`userId`,`entityTypeId`),
  KEY `entityTypeId` (`entityTypeId`),
  CONSTRAINT `core_change_user_modseq_ibfk_1` FOREIGN KEY (`entityTypeId`) REFERENCES `core_entity` (`id`) ON DELETE CASCADE,
  CONSTRAINT `core_change_user_modseq_ibfk_2` FOREIGN KEY (`userId`) REFERENCES `core_user` (`id`) ON DELETE CASCADE
) ENGINE=InnoDB DEFAULT CHARSET=utf8mb4 COLLATE=utf8mb4_unicode_ci;
/*!40101 SET character_set_client = @saved_cs_client */;

--
-- Dumping data for table `core_change_user_modseq`
--

LOCK TABLES `core_change_user_modseq` WRITE;
/*!40000 ALTER TABLE `core_change_user_modseq` DISABLE KEYS */;
/*!40000 ALTER TABLE `core_change_user_modseq` ENABLE KEYS */;
UNLOCK TABLES;

--
-- Table structure for table `core_client`
--

DROP TABLE IF EXISTS `core_client`;
/*!40101 SET @saved_cs_client     = @@character_set_client */;
/*!40101 SET character_set_client = utf8 */;
CREATE TABLE `core_client` (
  `id` int(10) unsigned NOT NULL AUTO_INCREMENT,
  `deviceId` varchar(80) NOT NULL,
  `platform` varchar(45) NOT NULL,
  `name` varchar(80) NOT NULL,
  `version` varchar(190) NOT NULL,
  `ip` varchar(45) NOT NULL,
  `lastSeen` datetime NOT NULL,
  `createdAt` datetime NOT NULL,
  `status` enum('new','allowed','denied') NOT NULL DEFAULT 'new',
  `needResync` tinyint(1) DEFAULT 0,
  `userId` int(11) NOT NULL,
  PRIMARY KEY (`id`),
  KEY `core_client_core_user_id_fk` (`userId`),
  CONSTRAINT `core_client_core_user_id_fk` FOREIGN KEY (`userId`) REFERENCES `core_user` (`id`) ON DELETE CASCADE
) ENGINE=InnoDB AUTO_INCREMENT=2 DEFAULT CHARSET=utf8mb4 COLLATE=utf8mb4_unicode_ci;
/*!40101 SET character_set_client = @saved_cs_client */;

--
-- Dumping data for table `core_client`
--

LOCK TABLES `core_client` WRITE;
/*!40000 ALTER TABLE `core_client` DISABLE KEYS */;
INSERT INTO `core_client` VALUES
(1,'-','Linux','Firefox','Mozilla/5.0 (X11; Ubuntu; Linux x86_64; rv:136.0) Gecko/20100101 Firefox/136.0','172.18.0.1','2025-03-31 08:11:51','2025-03-28 13:32:12','allowed',0,1);
/*!40000 ALTER TABLE `core_client` ENABLE KEYS */;
UNLOCK TABLES;

--
-- Table structure for table `core_cron_job`
--

DROP TABLE IF EXISTS `core_cron_job`;
/*!40101 SET @saved_cs_client     = @@character_set_client */;
/*!40101 SET character_set_client = utf8 */;
CREATE TABLE `core_cron_job` (
  `id` int(11) NOT NULL AUTO_INCREMENT,
  `moduleId` int(11) NOT NULL,
  `description` varchar(190) NOT NULL,
  `name` varchar(190) NOT NULL,
  `expression` varchar(190) NOT NULL,
  `enabled` tinyint(1) NOT NULL DEFAULT 1,
  `nextRunAt` datetime DEFAULT NULL,
  `lastRunAt` datetime DEFAULT NULL,
  `runningSince` datetime DEFAULT NULL,
  `lastError` text DEFAULT NULL,
  PRIMARY KEY (`id`),
  UNIQUE KEY `name` (`name`),
  KEY `moduleId` (`moduleId`),
  CONSTRAINT `core_cron_job_ibfk_1` FOREIGN KEY (`moduleId`) REFERENCES `core_module` (`id`) ON DELETE CASCADE
) ENGINE=InnoDB AUTO_INCREMENT=2 DEFAULT CHARSET=utf8mb4 COLLATE=utf8mb4_unicode_ci;
/*!40101 SET character_set_client = @saved_cs_client */;

--
-- Dumping data for table `core_cron_job`
--

LOCK TABLES `core_cron_job` WRITE;
/*!40000 ALTER TABLE `core_cron_job` DISABLE KEYS */;
INSERT INTO `core_cron_job` VALUES
(1,1,'Garbage collection','GarbageCollection','0 0 * * *',1,'2025-03-29 00:00:00',NULL,NULL,NULL);
/*!40000 ALTER TABLE `core_cron_job` ENABLE KEYS */;
UNLOCK TABLES;

--
-- Table structure for table `core_customfields_field`
--

DROP TABLE IF EXISTS `core_customfields_field`;
/*!40101 SET @saved_cs_client     = @@character_set_client */;
/*!40101 SET character_set_client = utf8 */;
CREATE TABLE `core_customfields_field` (
  `id` int(11) NOT NULL AUTO_INCREMENT,
  `fieldSetId` int(11) NOT NULL,
  `modSeq` int(11) DEFAULT NULL,
  `createdAt` datetime DEFAULT NULL,
  `modifiedAt` datetime DEFAULT NULL,
  `deletedAt` datetime DEFAULT NULL,
  `name` varchar(255) NOT NULL,
  `databaseName` varchar(190) DEFAULT NULL,
  `type` varchar(100) NOT NULL DEFAULT 'Text',
  `sortOrder` int(11) NOT NULL DEFAULT 0,
  `required` tinyint(1) NOT NULL DEFAULT 0,
  `relatedFieldCondition` text DEFAULT NULL,
  `conditionallyHidden` tinyint(1) NOT NULL DEFAULT 0,
  `conditionallyRequired` tinyint(1) NOT NULL DEFAULT 0,
  `hint` varchar(190) DEFAULT NULL,
  `exclude_from_grid` tinyint(1) NOT NULL DEFAULT 0,
  `unique_values` tinyint(1) NOT NULL DEFAULT 0,
  `prefix` varchar(32) NOT NULL DEFAULT '',
  `suffix` varchar(32) NOT NULL DEFAULT '',
  `options` text DEFAULT NULL,
  `hiddenInGrid` tinyint(1) NOT NULL DEFAULT 1,
  `filterable` tinyint(1) NOT NULL DEFAULT 0,
  PRIMARY KEY (`id`),
  KEY `type` (`fieldSetId`),
  KEY `modSeq` (`modSeq`),
  CONSTRAINT `core_customfields_field_ibfk_1` FOREIGN KEY (`fieldSetId`) REFERENCES `core_customfields_field_set` (`id`) ON DELETE CASCADE
) ENGINE=InnoDB DEFAULT CHARSET=utf8mb4 COLLATE=utf8mb4_unicode_ci;
/*!40101 SET character_set_client = @saved_cs_client */;

--
-- Dumping data for table `core_customfields_field`
--

LOCK TABLES `core_customfields_field` WRITE;
/*!40000 ALTER TABLE `core_customfields_field` DISABLE KEYS */;
/*!40000 ALTER TABLE `core_customfields_field` ENABLE KEYS */;
UNLOCK TABLES;

--
-- Table structure for table `core_customfields_field_set`
--

DROP TABLE IF EXISTS `core_customfields_field_set`;
/*!40101 SET @saved_cs_client     = @@character_set_client */;
/*!40101 SET character_set_client = utf8 */;
CREATE TABLE `core_customfields_field_set` (
  `id` int(11) NOT NULL AUTO_INCREMENT,
  `modSeq` int(11) DEFAULT NULL,
  `createdAt` datetime DEFAULT NULL,
  `modifiedAt` datetime DEFAULT NULL,
  `deletedAt` datetime DEFAULT NULL,
  `entityId` int(11) NOT NULL,
  `aclId` int(11) NOT NULL,
  `name` varchar(50) DEFAULT NULL,
  `description` text DEFAULT NULL,
  `sortOrder` tinyint(4) NOT NULL DEFAULT 0,
  `filter` text DEFAULT NULL,
  `isTab` tinyint(1) NOT NULL DEFAULT 0,
  `collapseIfEmpty` tinyint(1) NOT NULL DEFAULT 0,
  `columns` tinyint(4) NOT NULL DEFAULT 2,
  `parentFieldSetId` int(11) DEFAULT NULL,
  PRIMARY KEY (`id`),
  KEY `entityId` (`entityId`),
  KEY `aclId` (`aclId`),
  KEY `modSeq` (`modSeq`),
  KEY `core_customfields_field_set_core_customfields_field_set_id_fk` (`parentFieldSetId`),
  CONSTRAINT `core_customfields_field_set_core_customfields_field_set_id_fk` FOREIGN KEY (`parentFieldSetId`) REFERENCES `core_customfields_field_set` (`id`) ON DELETE SET NULL,
  CONSTRAINT `core_customfields_field_set_ibfk_1` FOREIGN KEY (`entityId`) REFERENCES `core_entity` (`id`) ON DELETE CASCADE,
  CONSTRAINT `core_customfields_field_set_ibfk_2` FOREIGN KEY (`aclId`) REFERENCES `core_acl` (`id`)
) ENGINE=InnoDB DEFAULT CHARSET=utf8mb4 COLLATE=utf8mb4_unicode_ci;
/*!40101 SET character_set_client = @saved_cs_client */;

--
-- Dumping data for table `core_customfields_field_set`
--

LOCK TABLES `core_customfields_field_set` WRITE;
/*!40000 ALTER TABLE `core_customfields_field_set` DISABLE KEYS */;
/*!40000 ALTER TABLE `core_customfields_field_set` ENABLE KEYS */;
UNLOCK TABLES;

--
-- Table structure for table `core_customfields_select_option`
--

DROP TABLE IF EXISTS `core_customfields_select_option`;
/*!40101 SET @saved_cs_client     = @@character_set_client */;
/*!40101 SET character_set_client = utf8 */;
CREATE TABLE `core_customfields_select_option` (
  `id` int(11) NOT NULL AUTO_INCREMENT,
  `fieldId` int(11) NOT NULL,
  `parentId` int(11) DEFAULT NULL,
  `text` varchar(255) DEFAULT NULL,
  `foregroundColor` varchar(6) DEFAULT NULL,
  `backgroundColor` varchar(6) DEFAULT NULL,
  `renderMode` varchar(20) DEFAULT NULL,
  `sortOrder` int(11) unsigned DEFAULT 0,
  `enabled` tinyint(1) NOT NULL DEFAULT 1,
  PRIMARY KEY (`id`),
  KEY `field_id` (`fieldId`),
  KEY `parentId` (`parentId`),
  CONSTRAINT `core_customfields_select_option_ibfk_1` FOREIGN KEY (`fieldId`) REFERENCES `core_customfields_field` (`id`) ON DELETE CASCADE,
  CONSTRAINT `core_customfields_select_option_ibfk_2` FOREIGN KEY (`fieldId`) REFERENCES `core_customfields_field` (`id`) ON DELETE CASCADE,
  CONSTRAINT `core_customfields_select_option_ibfk_3` FOREIGN KEY (`parentId`) REFERENCES `core_customfields_select_option` (`id`) ON DELETE CASCADE
) ENGINE=InnoDB DEFAULT CHARSET=utf8mb4 COLLATE=utf8mb4_unicode_ci;
/*!40101 SET character_set_client = @saved_cs_client */;

--
-- Dumping data for table `core_customfields_select_option`
--

LOCK TABLES `core_customfields_select_option` WRITE;
/*!40000 ALTER TABLE `core_customfields_select_option` DISABLE KEYS */;
/*!40000 ALTER TABLE `core_customfields_select_option` ENABLE KEYS */;
UNLOCK TABLES;

--
-- Table structure for table `core_email_template`
--

DROP TABLE IF EXISTS `core_email_template`;
/*!40101 SET @saved_cs_client     = @@character_set_client */;
/*!40101 SET character_set_client = utf8 */;
CREATE TABLE `core_email_template` (
  `id` int(11) NOT NULL AUTO_INCREMENT,
  `moduleId` int(11) NOT NULL,
  `key` varchar(20) CHARACTER SET ascii COLLATE ascii_bin DEFAULT NULL,
  `language` varchar(20) CHARACTER SET ascii COLLATE ascii_bin NOT NULL DEFAULT 'en',
  `name` varchar(190) NOT NULL,
  `subject` varchar(190) DEFAULT NULL,
  `body` mediumtext NOT NULL,
  PRIMARY KEY (`id`),
  KEY `core_email_template_moduleId_key_index` (`moduleId`,`key`),
  KEY `moduleId` (`moduleId`),
  CONSTRAINT `core_email_template_ibfk_2` FOREIGN KEY (`moduleId`) REFERENCES `core_module` (`id`) ON DELETE CASCADE
) ENGINE=InnoDB DEFAULT CHARSET=utf8mb4 COLLATE=utf8mb4_unicode_ci;
/*!40101 SET character_set_client = @saved_cs_client */;

--
-- Dumping data for table `core_email_template`
--

LOCK TABLES `core_email_template` WRITE;
/*!40000 ALTER TABLE `core_email_template` DISABLE KEYS */;
/*!40000 ALTER TABLE `core_email_template` ENABLE KEYS */;
UNLOCK TABLES;

--
-- Table structure for table `core_email_template_attachment`
--

DROP TABLE IF EXISTS `core_email_template_attachment`;
/*!40101 SET @saved_cs_client     = @@character_set_client */;
/*!40101 SET character_set_client = utf8 */;
CREATE TABLE `core_email_template_attachment` (
  `id` int(11) NOT NULL AUTO_INCREMENT,
  `emailTemplateId` int(11) NOT NULL,
  `blobId` binary(40) NOT NULL,
  `name` varchar(190) NOT NULL,
  `inline` tinyint(1) NOT NULL DEFAULT 0,
  `attachment` tinyint(1) NOT NULL DEFAULT 0,
  PRIMARY KEY (`id`),
  KEY `templateId` (`emailTemplateId`),
  KEY `blobId` (`blobId`),
  CONSTRAINT `core_email_template_attachment_ibfk_1` FOREIGN KEY (`blobId`) REFERENCES `core_blob` (`id`),
  CONSTRAINT `core_email_template_attachment_ibfk_2` FOREIGN KEY (`emailTemplateId`) REFERENCES `core_email_template` (`id`) ON DELETE CASCADE
) ENGINE=InnoDB DEFAULT CHARSET=utf8mb4 COLLATE=utf8mb4_unicode_ci ROW_FORMAT=DYNAMIC;
/*!40101 SET character_set_client = @saved_cs_client */;

--
-- Dumping data for table `core_email_template_attachment`
--

LOCK TABLES `core_email_template_attachment` WRITE;
/*!40000 ALTER TABLE `core_email_template_attachment` DISABLE KEYS */;
/*!40000 ALTER TABLE `core_email_template_attachment` ENABLE KEYS */;
UNLOCK TABLES;

--
-- Table structure for table `core_entity`
--

DROP TABLE IF EXISTS `core_entity`;
/*!40101 SET @saved_cs_client     = @@character_set_client */;
/*!40101 SET character_set_client = utf8 */;
CREATE TABLE `core_entity` (
  `id` int(11) NOT NULL AUTO_INCREMENT,
  `moduleId` int(11) DEFAULT NULL,
  `name` varchar(190) NOT NULL,
  `clientName` varchar(190) DEFAULT NULL,
  `highestModSeq` int(11) NOT NULL DEFAULT 0,
  `defaultAclId` int(11) DEFAULT NULL,
  PRIMARY KEY (`id`),
  UNIQUE KEY `clientName` (`clientName`),
  UNIQUE KEY `name` (`name`,`moduleId`) USING BTREE,
  KEY `moduleId` (`moduleId`),
  KEY `core_entity_ibfk_2` (`defaultAclId`),
  CONSTRAINT `core_entity_ibfk_1` FOREIGN KEY (`moduleId`) REFERENCES `core_module` (`id`) ON DELETE CASCADE,
  CONSTRAINT `core_entity_ibfk_2` FOREIGN KEY (`defaultAclId`) REFERENCES `core_acl` (`id`) ON DELETE CASCADE
) ENGINE=InnoDB AUTO_INCREMENT=52 DEFAULT CHARSET=utf8mb4 COLLATE=utf8mb4_unicode_ci;
/*!40101 SET character_set_client = @saved_cs_client */;

--
-- Dumping data for table `core_entity`
--

LOCK TABLES `core_entity` WRITE;
/*!40000 ALTER TABLE `core_entity` DISABLE KEYS */;
INSERT INTO `core_entity` VALUES
(1,1,'Method','Method',0,NULL),
(2,1,'Blob','Blob',0,NULL),
(3,1,'Acl','Acl',1,NULL),
(4,1,'Alert','Alert',0,NULL),
(5,1,'AuthAllowGroup','AuthAllowGroup',0,NULL),
(6,1,'CronJobSchedule','CronJobSchedule',0,NULL),
(7,1,'EmailTemplate','EmailTemplate',0,NULL),
(8,1,'EntityFilter','EntityFilter',0,5),
(9,1,'Field','Field',0,NULL),
(10,1,'FieldSet','FieldSet',0,6),
(11,1,'Group','Group',0,7),
(12,1,'ImportMapping','ImportMapping',0,NULL),
(13,1,'Link','Link',0,NULL),
(14,1,'Module','Module',0,NULL),
(15,1,'OauthAccessToken','OauthAccessToken',0,NULL),
(16,1,'OauthAuthCode','OauthAuthCode',0,NULL),
(17,1,'OauthClient','OauthClient',0,NULL),
(18,1,'PdfTemplate','PdfTemplate',0,NULL),
(19,1,'RememberMe','RememberMe',0,NULL),
(20,1,'Search','Search',0,NULL),
(21,1,'SmtpAccount','SmtpAccount',0,24),
(22,1,'SpreadSheetExport','SpreadSheetExport',0,NULL),
(23,1,'Token','Token',0,NULL),
(24,1,'User','User',0,NULL),
(25,1,'UserDisplay','UserDisplay',0,NULL),
(26,1,'Template','Template',0,9),
(27,2,'AddressBook','AddressBook',0,52),
(28,2,'Contact','Contact',0,NULL),
(29,2,'Group','AddressBookGroup',0,NULL),
(30,3,'Bookmark','Bookmark',0,NULL),
(31,3,'Category','BookmarksCategory',0,27),
(32,5,'Comment','Comment',0,NULL),
(33,5,'Label','CommentLabel',0,NULL),
(34,6,'LogEntry','LogEntry',0,31),
(35,7,'Note','Note',0,NULL),
(36,7,'NoteBook','NoteBook',0,54),
(37,10,'Category','TaskCategory',0,NULL),
(38,10,'Task','Task',0,NULL),
(39,10,'TaskList','TaskList',0,49),
(40,10,'TaskListGrouping','TaskListGrouping',0,NULL),
(41,13,'Calendar','Calendar',0,13),
(42,13,'Event','Event',0,NULL),
(43,16,'File','File',0,NULL),
(44,16,'Folder','Folder',0,NULL),
(45,16,'Template','FilesTemplate',0,15),
(46,13,'View','View',0,107),
(47,23,'Service','WopiService',0,118),
(48,16,'Version','Version',0,NULL),
(49,15,'Account','Account',0,123),
(50,15,'Alias','Alias',0,NULL),
(51,24,'Domain','Domain',0,126);
/*!40000 ALTER TABLE `core_entity` ENABLE KEYS */;
UNLOCK TABLES;

--
-- Table structure for table `core_entity_filter`
--

DROP TABLE IF EXISTS `core_entity_filter`;
/*!40101 SET @saved_cs_client     = @@character_set_client */;
/*!40101 SET character_set_client = utf8 */;
CREATE TABLE `core_entity_filter` (
  `id` int(11) NOT NULL AUTO_INCREMENT,
  `entityTypeId` int(11) NOT NULL,
  `name` varchar(190) NOT NULL,
  `createdBy` int(11) NOT NULL,
  `filter` text DEFAULT NULL,
  `aclId` int(11) NOT NULL,
  `type` enum('fixed','variable') NOT NULL DEFAULT 'fixed',
  PRIMARY KEY (`id`),
  KEY `aclid` (`aclId`),
  KEY `createdBy` (`createdBy`),
  KEY `entityTypeId` (`entityTypeId`),
  CONSTRAINT `core_entity_filter_ibfk_1` FOREIGN KEY (`aclId`) REFERENCES `core_acl` (`id`),
  CONSTRAINT `core_entity_filter_ibfk_2` FOREIGN KEY (`entityTypeId`) REFERENCES `core_entity` (`id`) ON DELETE CASCADE
) ENGINE=InnoDB DEFAULT CHARSET=utf8mb4 COLLATE=utf8mb4_unicode_ci ROW_FORMAT=DYNAMIC;
/*!40101 SET character_set_client = @saved_cs_client */;

--
-- Dumping data for table `core_entity_filter`
--

LOCK TABLES `core_entity_filter` WRITE;
/*!40000 ALTER TABLE `core_entity_filter` DISABLE KEYS */;
/*!40000 ALTER TABLE `core_entity_filter` ENABLE KEYS */;
UNLOCK TABLES;

--
-- Table structure for table `core_group`
--

DROP TABLE IF EXISTS `core_group`;
/*!40101 SET @saved_cs_client     = @@character_set_client */;
/*!40101 SET character_set_client = utf8 */;
CREATE TABLE `core_group` (
  `id` int(11) NOT NULL AUTO_INCREMENT,
  `name` varchar(190) NOT NULL,
  `createdBy` int(11) NOT NULL,
  `aclId` int(11) DEFAULT NULL,
  `isUserGroupFor` int(11) DEFAULT NULL,
  PRIMARY KEY (`id`),
  UNIQUE KEY `name` (`name`),
  KEY `isUserGroupFor` (`isUserGroupFor`),
  KEY `aclId` (`aclId`),
  CONSTRAINT `core_group_ibfk_1` FOREIGN KEY (`aclId`) REFERENCES `core_acl` (`id`),
  CONSTRAINT `core_group_ibfk_2` FOREIGN KEY (`isUserGroupFor`) REFERENCES `core_user` (`id`) ON DELETE CASCADE
) ENGINE=InnoDB AUTO_INCREMENT=16 DEFAULT CHARSET=utf8mb4 COLLATE=utf8mb4_unicode_ci;
/*!40101 SET character_set_client = @saved_cs_client */;

--
-- Dumping data for table `core_group`
--

LOCK TABLES `core_group` WRITE;
/*!40000 ALTER TABLE `core_group` DISABLE KEYS */;
INSERT INTO `core_group` VALUES
(1,'Admins',1,1,NULL),
(2,'Everyone',1,2,NULL),
(3,'Internal',1,3,NULL),
(4,'admin',1,4,1),
(5,'demo',1,48,2),
(6,'lavada77',1,56,3),
(7,'emacejkovic',1,61,4),
(8,'nikolaus.ferne',1,66,5),
(9,'zzieme',1,71,6),
(10,'dickinson.newell',1,76,7),
(11,'gerardo.schulist',1,81,8),
(12,'rodrigo.mcclure',1,86,9),
(13,'nella.reichel',1,91,10),
(14,'lora94',1,96,11),
(15,'maryse.kuphal',1,101,12);
/*!40000 ALTER TABLE `core_group` ENABLE KEYS */;
UNLOCK TABLES;

--
-- Table structure for table `core_group_default_group`
--

DROP TABLE IF EXISTS `core_group_default_group`;
/*!40101 SET @saved_cs_client     = @@character_set_client */;
/*!40101 SET character_set_client = utf8 */;
CREATE TABLE `core_group_default_group` (
  `groupId` int(11) NOT NULL,
  PRIMARY KEY (`groupId`),
  CONSTRAINT `core_group_default_group_ibfk_1` FOREIGN KEY (`groupId`) REFERENCES `core_group` (`id`) ON DELETE CASCADE
) ENGINE=InnoDB DEFAULT CHARSET=utf8mb4 COLLATE=utf8mb4_unicode_ci;
/*!40101 SET character_set_client = @saved_cs_client */;

--
-- Dumping data for table `core_group_default_group`
--

LOCK TABLES `core_group_default_group` WRITE;
/*!40000 ALTER TABLE `core_group_default_group` DISABLE KEYS */;
INSERT INTO `core_group_default_group` VALUES
(3);
/*!40000 ALTER TABLE `core_group_default_group` ENABLE KEYS */;
UNLOCK TABLES;

--
-- Table structure for table `core_import_mapping`
--

DROP TABLE IF EXISTS `core_import_mapping`;
/*!40101 SET @saved_cs_client     = @@character_set_client */;
/*!40101 SET character_set_client = utf8 */;
CREATE TABLE `core_import_mapping` (
  `id` int(10) unsigned NOT NULL AUTO_INCREMENT,
  `entityTypeId` int(11) DEFAULT NULL,
  `checksum` char(32) CHARACTER SET ascii COLLATE ascii_bin DEFAULT NULL,
  `name` varchar(120) NOT NULL DEFAULT '(unnamed)',
  `mapping` text DEFAULT NULL,
  `updateBy` varchar(100) DEFAULT NULL,
  `dateFormat` varchar(20) DEFAULT NULL,
  `timeFormat` varchar(20) DEFAULT NULL,
  `decimalSeparator` char(1) DEFAULT NULL,
  `thousandsSeparator` char(1) DEFAULT NULL,
  PRIMARY KEY (`id`),
  KEY `core_import_mapping_core_entity_null_fk` (`entityTypeId`),
  CONSTRAINT `core_import_mapping_core_entity_null_fk` FOREIGN KEY (`entityTypeId`) REFERENCES `core_entity` (`id`) ON DELETE CASCADE
) ENGINE=InnoDB DEFAULT CHARSET=utf8mb4 COLLATE=utf8mb4_unicode_ci;
/*!40101 SET character_set_client = @saved_cs_client */;

--
-- Dumping data for table `core_import_mapping`
--

LOCK TABLES `core_import_mapping` WRITE;
/*!40000 ALTER TABLE `core_import_mapping` DISABLE KEYS */;
/*!40000 ALTER TABLE `core_import_mapping` ENABLE KEYS */;
UNLOCK TABLES;

--
-- Table structure for table `core_link`
--

DROP TABLE IF EXISTS `core_link`;
/*!40101 SET @saved_cs_client     = @@character_set_client */;
/*!40101 SET character_set_client = utf8 */;
CREATE TABLE `core_link` (
  `id` int(11) NOT NULL AUTO_INCREMENT,
  `fromEntityTypeId` int(11) NOT NULL,
  `fromId` int(11) NOT NULL,
  `toEntityTypeId` int(11) NOT NULL,
  `toId` int(11) NOT NULL,
  `description` varchar(190) DEFAULT NULL,
  `createdAt` datetime NOT NULL,
  `deletedAt` datetime DEFAULT NULL,
  `modSeq` int(11) DEFAULT NULL,
  `folderId` int(11) DEFAULT NULL,
  PRIMARY KEY (`id`),
  UNIQUE KEY `fromEntityId` (`fromEntityTypeId`,`fromId`,`toEntityTypeId`,`toId`) USING BTREE,
  KEY `toEntity` (`toEntityTypeId`),
  KEY `fromEntityTypeId` (`fromEntityTypeId`),
  KEY `fromId` (`fromId`),
  KEY `toEntityTypeId` (`toEntityTypeId`),
  KEY `toId` (`toId`),
  CONSTRAINT `fromEntity` FOREIGN KEY (`fromEntityTypeId`) REFERENCES `core_entity` (`id`) ON DELETE CASCADE,
  CONSTRAINT `toEntity` FOREIGN KEY (`toEntityTypeId`) REFERENCES `core_entity` (`id`) ON DELETE CASCADE
) ENGINE=InnoDB AUTO_INCREMENT=799 DEFAULT CHARSET=utf8mb4 COLLATE=utf8mb4_unicode_ci;
/*!40101 SET character_set_client = @saved_cs_client */;

--
-- Dumping data for table `core_link`
--

LOCK TABLES `core_link` WRITE;
/*!40000 ALTER TABLE `core_link` DISABLE KEYS */;
INSERT INTO `core_link` VALUES
(1,44,14,28,13,NULL,'2025-03-28 13:32:22',NULL,NULL,NULL),
(2,28,13,44,14,NULL,'2025-03-28 13:32:22',NULL,NULL,NULL),
(3,28,11,28,13,NULL,'2025-03-28 13:32:22',NULL,NULL,NULL),
(4,28,13,28,11,NULL,'2025-03-28 13:32:22',NULL,NULL,NULL),
(5,28,1,28,14,NULL,'2025-03-28 13:32:22',NULL,NULL,NULL),
(6,28,14,28,1,NULL,'2025-03-28 13:32:22',NULL,NULL,NULL),
(7,44,5,28,14,NULL,'2025-03-28 13:32:22',NULL,NULL,NULL),
(8,28,14,44,5,NULL,'2025-03-28 13:32:22',NULL,NULL,NULL),
(9,28,14,28,13,NULL,'2025-03-28 13:32:22',NULL,NULL,NULL),
(10,28,13,28,14,NULL,'2025-03-28 13:32:22',NULL,NULL,NULL),
(11,28,13,28,15,NULL,'2025-03-28 13:32:22',NULL,NULL,NULL),
(12,28,15,28,13,NULL,'2025-03-28 13:32:22',NULL,NULL,NULL),
(13,32,1,28,15,NULL,'2025-03-28 13:32:22',NULL,NULL,NULL),
(14,28,15,32,1,NULL,'2025-03-28 13:32:22',NULL,NULL,NULL),
(15,28,2,28,16,NULL,'2025-03-28 13:32:23',NULL,NULL,NULL),
(16,28,16,28,2,NULL,'2025-03-28 13:32:23',NULL,NULL,NULL),
(17,44,6,28,16,NULL,'2025-03-28 13:32:23',NULL,NULL,NULL),
(18,28,16,44,6,NULL,'2025-03-28 13:32:23',NULL,NULL,NULL),
(19,28,16,28,15,NULL,'2025-03-28 13:32:23',NULL,NULL,NULL),
(20,28,15,28,16,NULL,'2025-03-28 13:32:23',NULL,NULL,NULL),
(21,28,12,28,17,NULL,'2025-03-28 13:32:23',NULL,NULL,NULL),
(22,28,17,28,12,NULL,'2025-03-28 13:32:23',NULL,NULL,NULL),
(23,44,16,28,17,NULL,'2025-03-28 13:32:23',NULL,NULL,NULL),
(24,28,17,44,16,NULL,'2025-03-28 13:32:23',NULL,NULL,NULL),
(25,28,7,28,18,NULL,'2025-03-28 13:32:23',NULL,NULL,NULL),
(26,28,18,28,7,NULL,'2025-03-28 13:32:23',NULL,NULL,NULL),
(27,44,11,28,18,NULL,'2025-03-28 13:32:23',NULL,NULL,NULL),
(28,28,18,44,11,NULL,'2025-03-28 13:32:23',NULL,NULL,NULL),
(29,28,18,28,17,NULL,'2025-03-28 13:32:23',NULL,NULL,NULL),
(30,28,17,28,18,NULL,'2025-03-28 13:32:23',NULL,NULL,NULL),
(31,44,14,28,19,NULL,'2025-03-28 13:32:23',NULL,NULL,NULL),
(32,28,19,44,14,NULL,'2025-03-28 13:32:23',NULL,NULL,NULL),
(33,28,11,28,19,NULL,'2025-03-28 13:32:23',NULL,NULL,NULL),
(34,28,19,28,11,NULL,'2025-03-28 13:32:23',NULL,NULL,NULL),
(35,32,8,28,20,NULL,'2025-03-28 13:32:23',NULL,NULL,NULL),
(36,28,20,32,8,NULL,'2025-03-28 13:32:23',NULL,NULL,NULL),
(37,32,9,28,20,NULL,'2025-03-28 13:32:23',NULL,NULL,NULL),
(38,28,20,32,9,NULL,'2025-03-28 13:32:23',NULL,NULL,NULL),
(39,28,20,28,19,NULL,'2025-03-28 13:32:23',NULL,NULL,NULL),
(40,28,19,28,20,NULL,'2025-03-28 13:32:23',NULL,NULL,NULL),
(41,32,15,28,21,NULL,'2025-03-28 13:32:23',NULL,NULL,NULL),
(42,28,21,32,15,NULL,'2025-03-28 13:32:23',NULL,NULL,NULL),
(43,28,20,28,21,NULL,'2025-03-28 13:32:23',NULL,NULL,NULL),
(44,28,21,28,20,NULL,'2025-03-28 13:32:23',NULL,NULL,NULL),
(45,28,20,28,22,NULL,'2025-03-28 13:32:24',NULL,NULL,NULL),
(46,28,22,28,20,NULL,'2025-03-28 13:32:24',NULL,NULL,NULL),
(47,32,16,28,22,NULL,'2025-03-28 13:32:24',NULL,NULL,NULL),
(48,28,22,32,16,NULL,'2025-03-28 13:32:24',NULL,NULL,NULL),
(49,28,22,28,21,NULL,'2025-03-28 13:32:24',NULL,NULL,NULL),
(50,28,21,28,22,NULL,'2025-03-28 13:32:24',NULL,NULL,NULL),
(51,32,22,28,23,NULL,'2025-03-28 13:32:24',NULL,NULL,NULL),
(52,28,23,32,22,NULL,'2025-03-28 13:32:24',NULL,NULL,NULL),
(53,32,23,28,23,NULL,'2025-03-28 13:32:24',NULL,NULL,NULL),
(54,28,23,32,23,NULL,'2025-03-28 13:32:24',NULL,NULL,NULL),
(55,28,16,28,24,NULL,'2025-03-28 13:32:24',NULL,NULL,NULL),
(56,28,24,28,16,NULL,'2025-03-28 13:32:24',NULL,NULL,NULL),
(57,32,7,28,24,NULL,'2025-03-28 13:32:24',NULL,NULL,NULL),
(58,28,24,32,7,NULL,'2025-03-28 13:32:24',NULL,NULL,NULL),
(59,28,24,28,23,NULL,'2025-03-28 13:32:24',NULL,NULL,NULL),
(60,28,23,28,24,NULL,'2025-03-28 13:32:24',NULL,NULL,NULL),
(61,32,25,28,25,NULL,'2025-03-28 13:32:24',NULL,NULL,NULL),
(62,28,25,32,25,NULL,'2025-03-28 13:32:24',NULL,NULL,NULL),
(63,32,26,28,25,NULL,'2025-03-28 13:32:24',NULL,NULL,NULL),
(64,28,25,32,26,NULL,'2025-03-28 13:32:24',NULL,NULL,NULL),
(65,32,1,28,26,NULL,'2025-03-28 13:32:24',NULL,NULL,NULL),
(66,28,26,32,1,NULL,'2025-03-28 13:32:24',NULL,NULL,NULL),
(67,32,2,28,26,NULL,'2025-03-28 13:32:24',NULL,NULL,NULL),
(68,28,26,32,2,NULL,'2025-03-28 13:32:24',NULL,NULL,NULL),
(69,28,26,28,25,NULL,'2025-03-28 13:32:24',NULL,NULL,NULL),
(70,28,25,28,26,NULL,'2025-03-28 13:32:24',NULL,NULL,NULL),
(71,28,5,28,27,NULL,'2025-03-28 13:32:24',NULL,NULL,NULL),
(72,28,27,28,5,NULL,'2025-03-28 13:32:24',NULL,NULL,NULL),
(73,44,9,28,27,NULL,'2025-03-28 13:32:24',NULL,NULL,NULL),
(74,28,27,44,9,NULL,'2025-03-28 13:32:24',NULL,NULL,NULL),
(75,44,7,28,28,NULL,'2025-03-28 13:32:24',NULL,NULL,NULL),
(76,28,28,44,7,NULL,'2025-03-28 13:32:24',NULL,NULL,NULL),
(77,28,4,28,28,NULL,'2025-03-28 13:32:24',NULL,NULL,NULL),
(78,28,28,28,4,NULL,'2025-03-28 13:32:24',NULL,NULL,NULL),
(79,28,28,28,27,NULL,'2025-03-28 13:32:24',NULL,NULL,NULL),
(80,28,27,28,28,NULL,'2025-03-28 13:32:24',NULL,NULL,NULL),
(81,28,21,28,29,NULL,'2025-03-28 13:32:24',NULL,NULL,NULL),
(82,28,29,28,21,NULL,'2025-03-28 13:32:24',NULL,NULL,NULL),
(83,32,19,28,29,NULL,'2025-03-28 13:32:24',NULL,NULL,NULL),
(84,28,29,32,19,NULL,'2025-03-28 13:32:24',NULL,NULL,NULL),
(85,28,8,28,30,NULL,'2025-03-28 13:32:25',NULL,NULL,NULL),
(86,28,30,28,8,NULL,'2025-03-28 13:32:25',NULL,NULL,NULL),
(87,44,12,28,30,NULL,'2025-03-28 13:32:25',NULL,NULL,NULL),
(88,28,30,44,12,NULL,'2025-03-28 13:32:25',NULL,NULL,NULL),
(89,28,30,28,29,NULL,'2025-03-28 13:32:25',NULL,NULL,NULL),
(90,28,29,28,30,NULL,'2025-03-28 13:32:25',NULL,NULL,NULL),
(91,28,13,28,31,NULL,'2025-03-28 13:32:25',NULL,NULL,NULL),
(92,28,31,28,13,NULL,'2025-03-28 13:32:25',NULL,NULL,NULL),
(93,32,1,28,31,NULL,'2025-03-28 13:32:25',NULL,NULL,NULL),
(94,28,31,32,1,NULL,'2025-03-28 13:32:25',NULL,NULL,NULL),
(95,28,15,28,32,NULL,'2025-03-28 13:32:25',NULL,NULL,NULL),
(96,28,32,28,15,NULL,'2025-03-28 13:32:25',NULL,NULL,NULL),
(97,32,4,28,32,NULL,'2025-03-28 13:32:25',NULL,NULL,NULL),
(98,28,32,32,4,NULL,'2025-03-28 13:32:25',NULL,NULL,NULL),
(99,28,32,28,31,NULL,'2025-03-28 13:32:25',NULL,NULL,NULL),
(100,28,31,28,32,NULL,'2025-03-28 13:32:25',NULL,NULL,NULL),
(101,32,14,35,173,NULL,'2025-03-28 13:32:25',NULL,NULL,NULL),
(102,35,173,32,14,NULL,'2025-03-28 13:32:25',NULL,NULL,NULL),
(103,28,19,35,173,NULL,'2025-03-28 13:32:25',NULL,NULL,NULL),
(104,35,173,28,19,NULL,'2025-03-28 13:32:25',NULL,NULL,NULL),
(105,28,23,35,174,NULL,'2025-03-28 13:32:25',NULL,NULL,NULL),
(106,35,174,28,23,NULL,'2025-03-28 13:32:25',NULL,NULL,NULL),
(107,32,27,35,174,NULL,'2025-03-28 13:32:25',NULL,NULL,NULL),
(108,35,174,32,27,NULL,'2025-03-28 13:32:25',NULL,NULL,NULL),
(109,32,49,35,175,NULL,'2025-03-28 13:32:25',NULL,NULL,NULL),
(110,35,175,32,49,NULL,'2025-03-28 13:32:25',NULL,NULL,NULL),
(111,28,32,35,175,NULL,'2025-03-28 13:32:25',NULL,NULL,NULL),
(112,35,175,28,32,NULL,'2025-03-28 13:32:25',NULL,NULL,NULL),
(113,32,30,35,176,NULL,'2025-03-28 13:32:25',NULL,NULL,NULL),
(114,35,176,32,30,NULL,'2025-03-28 13:32:25',NULL,NULL,NULL),
(115,28,25,35,176,NULL,'2025-03-28 13:32:25',NULL,NULL,NULL),
(116,35,176,28,25,NULL,'2025-03-28 13:32:25',NULL,NULL,NULL),
(117,28,27,35,177,NULL,'2025-03-28 13:32:25',NULL,NULL,NULL),
(118,35,177,28,27,NULL,'2025-03-28 13:32:25',NULL,NULL,NULL),
(119,32,39,35,177,NULL,'2025-03-28 13:32:25',NULL,NULL,NULL),
(120,35,177,32,39,NULL,'2025-03-28 13:32:25',NULL,NULL,NULL),
(121,28,8,35,178,NULL,'2025-03-28 13:32:26',NULL,NULL,NULL),
(122,35,178,28,8,NULL,'2025-03-28 13:32:26',NULL,NULL,NULL),
(123,44,12,35,178,NULL,'2025-03-28 13:32:26',NULL,NULL,NULL),
(124,35,178,44,12,NULL,'2025-03-28 13:32:26',NULL,NULL,NULL),
(125,35,178,35,179,NULL,'2025-03-28 13:32:26',NULL,NULL,NULL),
(126,35,179,35,178,NULL,'2025-03-28 13:32:26',NULL,NULL,NULL),
(127,28,26,35,180,NULL,'2025-03-28 13:32:26',NULL,NULL,NULL),
(128,35,180,28,26,NULL,'2025-03-28 13:32:26',NULL,NULL,NULL),
(129,28,27,35,180,NULL,'2025-03-28 13:32:26',NULL,NULL,NULL),
(130,35,180,28,27,NULL,'2025-03-28 13:32:26',NULL,NULL,NULL),
(131,44,10,35,181,NULL,'2025-03-28 13:32:26',NULL,NULL,NULL),
(132,35,181,44,10,NULL,'2025-03-28 13:32:26',NULL,NULL,NULL),
(133,44,11,35,181,NULL,'2025-03-28 13:32:26',NULL,NULL,NULL),
(134,35,181,44,11,NULL,'2025-03-28 13:32:26',NULL,NULL,NULL),
(135,32,10,35,182,NULL,'2025-03-28 13:32:26',NULL,NULL,NULL),
(136,35,182,32,10,NULL,'2025-03-28 13:32:26',NULL,NULL,NULL),
(137,32,11,35,182,NULL,'2025-03-28 13:32:26',NULL,NULL,NULL),
(138,35,182,32,11,NULL,'2025-03-28 13:32:26',NULL,NULL,NULL),
(139,44,13,35,183,NULL,'2025-03-28 13:32:26',NULL,NULL,NULL),
(140,35,183,44,13,NULL,'2025-03-28 13:32:26',NULL,NULL,NULL),
(141,44,14,35,183,NULL,'2025-03-28 13:32:26',NULL,NULL,NULL),
(142,35,183,44,14,NULL,'2025-03-28 13:32:26',NULL,NULL,NULL),
(143,32,38,35,184,NULL,'2025-03-28 13:32:26',NULL,NULL,NULL),
(144,35,184,32,38,NULL,'2025-03-28 13:32:26',NULL,NULL,NULL),
(145,32,39,35,184,NULL,'2025-03-28 13:32:26',NULL,NULL,NULL),
(146,35,184,32,39,NULL,'2025-03-28 13:32:26',NULL,NULL,NULL),
(147,32,5,35,185,NULL,'2025-03-28 13:32:26',NULL,NULL,NULL),
(148,35,185,32,5,NULL,'2025-03-28 13:32:26',NULL,NULL,NULL),
(149,32,6,35,185,NULL,'2025-03-28 13:32:26',NULL,NULL,NULL),
(150,35,185,32,6,NULL,'2025-03-28 13:32:26',NULL,NULL,NULL),
(151,32,68,35,186,NULL,'2025-03-28 13:32:27',NULL,NULL,NULL),
(152,35,186,32,68,NULL,'2025-03-28 13:32:27',NULL,NULL,NULL),
(153,32,69,35,186,NULL,'2025-03-28 13:32:27',NULL,NULL,NULL),
(154,35,186,32,69,NULL,'2025-03-28 13:32:27',NULL,NULL,NULL),
(155,32,17,35,187,NULL,'2025-03-28 13:32:27',NULL,NULL,NULL),
(156,35,187,32,17,NULL,'2025-03-28 13:32:27',NULL,NULL,NULL),
(157,32,18,35,187,NULL,'2025-03-28 13:32:27',NULL,NULL,NULL),
(158,35,187,32,18,NULL,'2025-03-28 13:32:27',NULL,NULL,NULL),
(159,32,6,35,188,NULL,'2025-03-28 13:32:27',NULL,NULL,NULL),
(160,35,188,32,6,NULL,'2025-03-28 13:32:27',NULL,NULL,NULL),
(161,32,7,35,188,NULL,'2025-03-28 13:32:27',NULL,NULL,NULL),
(162,35,188,32,7,NULL,'2025-03-28 13:32:27',NULL,NULL,NULL),
(163,32,19,35,189,NULL,'2025-03-28 13:32:27',NULL,NULL,NULL),
(164,35,189,32,19,NULL,'2025-03-28 13:32:27',NULL,NULL,NULL),
(165,32,20,35,189,NULL,'2025-03-28 13:32:27',NULL,NULL,NULL),
(166,35,189,32,20,NULL,'2025-03-28 13:32:27',NULL,NULL,NULL),
(167,35,181,35,190,NULL,'2025-03-28 13:32:27',NULL,NULL,NULL),
(168,35,190,35,181,NULL,'2025-03-28 13:32:27',NULL,NULL,NULL),
(169,35,182,35,190,NULL,'2025-03-28 13:32:27',NULL,NULL,NULL),
(170,35,190,35,182,NULL,'2025-03-28 13:32:27',NULL,NULL,NULL),
(171,32,39,35,191,NULL,'2025-03-28 13:32:27',NULL,NULL,NULL),
(172,35,191,32,39,NULL,'2025-03-28 13:32:27',NULL,NULL,NULL),
(173,32,40,35,191,NULL,'2025-03-28 13:32:27',NULL,NULL,NULL),
(174,35,191,32,40,NULL,'2025-03-28 13:32:27',NULL,NULL,NULL),
(175,44,6,35,192,NULL,'2025-03-28 13:32:27',NULL,NULL,NULL),
(176,35,192,44,6,NULL,'2025-03-28 13:32:27',NULL,NULL,NULL),
(177,44,7,35,192,NULL,'2025-03-28 13:32:27',NULL,NULL,NULL),
(178,35,192,44,7,NULL,'2025-03-28 13:32:27',NULL,NULL,NULL),
(179,32,59,35,193,NULL,'2025-03-28 13:32:27',NULL,NULL,NULL),
(180,35,193,32,59,NULL,'2025-03-28 13:32:27',NULL,NULL,NULL),
(181,32,60,35,193,NULL,'2025-03-28 13:32:27',NULL,NULL,NULL),
(182,35,193,32,60,NULL,'2025-03-28 13:32:27',NULL,NULL,NULL),
(183,32,50,35,194,NULL,'2025-03-28 13:32:28',NULL,NULL,NULL),
(184,35,194,32,50,NULL,'2025-03-28 13:32:28',NULL,NULL,NULL),
(185,32,51,35,194,NULL,'2025-03-28 13:32:28',NULL,NULL,NULL),
(186,35,194,32,51,NULL,'2025-03-28 13:32:28',NULL,NULL,NULL),
(187,28,29,35,195,NULL,'2025-03-28 13:32:28',NULL,NULL,NULL),
(188,35,195,28,29,NULL,'2025-03-28 13:32:28',NULL,NULL,NULL),
(189,28,30,35,195,NULL,'2025-03-28 13:32:28',NULL,NULL,NULL),
(190,35,195,28,30,NULL,'2025-03-28 13:32:28',NULL,NULL,NULL),
(191,32,58,35,196,NULL,'2025-03-28 13:32:28',NULL,NULL,NULL),
(192,35,196,32,58,NULL,'2025-03-28 13:32:28',NULL,NULL,NULL),
(193,32,59,35,196,NULL,'2025-03-28 13:32:28',NULL,NULL,NULL),
(194,35,196,32,59,NULL,'2025-03-28 13:32:28',NULL,NULL,NULL),
(195,32,111,35,197,NULL,'2025-03-28 13:32:28',NULL,NULL,NULL),
(196,35,197,32,111,NULL,'2025-03-28 13:32:28',NULL,NULL,NULL),
(197,32,112,35,197,NULL,'2025-03-28 13:32:28',NULL,NULL,NULL),
(198,35,197,32,112,NULL,'2025-03-28 13:32:28',NULL,NULL,NULL),
(199,28,29,35,198,NULL,'2025-03-28 13:32:28',NULL,NULL,NULL),
(200,35,198,28,29,NULL,'2025-03-28 13:32:28',NULL,NULL,NULL),
(201,28,30,35,198,NULL,'2025-03-28 13:32:28',NULL,NULL,NULL),
(202,35,198,28,30,NULL,'2025-03-28 13:32:28',NULL,NULL,NULL),
(203,32,79,35,199,NULL,'2025-03-28 13:32:28',NULL,NULL,NULL),
(204,35,199,32,79,NULL,'2025-03-28 13:32:28',NULL,NULL,NULL),
(205,32,80,35,199,NULL,'2025-03-28 13:32:28',NULL,NULL,NULL),
(206,35,199,32,80,NULL,'2025-03-28 13:32:28',NULL,NULL,NULL),
(207,35,190,35,200,NULL,'2025-03-28 13:32:28',NULL,NULL,NULL),
(208,35,200,35,190,NULL,'2025-03-28 13:32:28',NULL,NULL,NULL),
(209,35,191,35,200,NULL,'2025-03-28 13:32:28',NULL,NULL,NULL),
(210,35,200,35,191,NULL,'2025-03-28 13:32:28',NULL,NULL,NULL),
(211,32,103,35,201,NULL,'2025-03-28 13:32:28',NULL,NULL,NULL),
(212,35,201,32,103,NULL,'2025-03-28 13:32:28',NULL,NULL,NULL),
(213,32,104,35,201,NULL,'2025-03-28 13:32:28',NULL,NULL,NULL),
(214,35,201,32,104,NULL,'2025-03-28 13:32:28',NULL,NULL,NULL),
(215,44,11,35,202,NULL,'2025-03-28 13:32:28',NULL,NULL,NULL),
(216,35,202,44,11,NULL,'2025-03-28 13:32:28',NULL,NULL,NULL),
(217,44,12,35,202,NULL,'2025-03-28 13:32:28',NULL,NULL,NULL),
(218,35,202,44,12,NULL,'2025-03-28 13:32:28',NULL,NULL,NULL),
(219,35,179,35,203,NULL,'2025-03-28 13:32:28',NULL,NULL,NULL),
(220,35,203,35,179,NULL,'2025-03-28 13:32:28',NULL,NULL,NULL),
(221,35,180,35,203,NULL,'2025-03-28 13:32:28',NULL,NULL,NULL),
(222,35,203,35,180,NULL,'2025-03-28 13:32:28',NULL,NULL,NULL),
(223,44,11,35,204,NULL,'2025-03-28 13:32:28',NULL,NULL,NULL),
(224,35,204,44,11,NULL,'2025-03-28 13:32:28',NULL,NULL,NULL),
(225,44,12,35,204,NULL,'2025-03-28 13:32:28',NULL,NULL,NULL),
(226,35,204,44,12,NULL,'2025-03-28 13:32:28',NULL,NULL,NULL),
(227,28,11,35,205,NULL,'2025-03-28 13:32:29',NULL,NULL,NULL),
(228,35,205,28,11,NULL,'2025-03-28 13:32:29',NULL,NULL,NULL),
(229,28,12,35,205,NULL,'2025-03-28 13:32:29',NULL,NULL,NULL),
(230,35,205,28,12,NULL,'2025-03-28 13:32:29',NULL,NULL,NULL),
(231,32,118,35,206,NULL,'2025-03-28 13:32:29',NULL,NULL,NULL),
(232,35,206,32,118,NULL,'2025-03-28 13:32:29',NULL,NULL,NULL),
(233,32,119,35,206,NULL,'2025-03-28 13:32:29',NULL,NULL,NULL),
(234,35,206,32,119,NULL,'2025-03-28 13:32:29',NULL,NULL,NULL),
(235,32,34,35,207,NULL,'2025-03-28 13:32:29',NULL,NULL,NULL),
(236,35,207,32,34,NULL,'2025-03-28 13:32:29',NULL,NULL,NULL),
(237,32,35,35,207,NULL,'2025-03-28 13:32:29',NULL,NULL,NULL),
(238,35,207,32,35,NULL,'2025-03-28 13:32:29',NULL,NULL,NULL),
(239,32,79,35,208,NULL,'2025-03-28 13:32:29',NULL,NULL,NULL),
(240,35,208,32,79,NULL,'2025-03-28 13:32:29',NULL,NULL,NULL),
(241,32,80,35,208,NULL,'2025-03-28 13:32:29',NULL,NULL,NULL),
(242,35,208,32,80,NULL,'2025-03-28 13:32:29',NULL,NULL,NULL),
(243,35,174,35,209,NULL,'2025-03-28 13:32:29',NULL,NULL,NULL),
(244,35,209,35,174,NULL,'2025-03-28 13:32:29',NULL,NULL,NULL),
(245,35,175,35,209,NULL,'2025-03-28 13:32:29',NULL,NULL,NULL),
(246,35,209,35,175,NULL,'2025-03-28 13:32:29',NULL,NULL,NULL),
(247,28,11,35,210,NULL,'2025-03-28 13:32:29',NULL,NULL,NULL),
(248,35,210,28,11,NULL,'2025-03-28 13:32:29',NULL,NULL,NULL),
(249,28,12,35,210,NULL,'2025-03-28 13:32:29',NULL,NULL,NULL),
(250,35,210,28,12,NULL,'2025-03-28 13:32:29',NULL,NULL,NULL),
(251,32,176,35,211,NULL,'2025-03-28 13:32:29',NULL,NULL,NULL),
(252,35,211,32,176,NULL,'2025-03-28 13:32:29',NULL,NULL,NULL),
(253,32,177,35,211,NULL,'2025-03-28 13:32:29',NULL,NULL,NULL),
(254,35,211,32,177,NULL,'2025-03-28 13:32:29',NULL,NULL,NULL),
(255,32,2,35,212,NULL,'2025-03-28 13:32:29',NULL,NULL,NULL),
(256,35,212,32,2,NULL,'2025-03-28 13:32:29',NULL,NULL,NULL),
(257,32,3,35,212,NULL,'2025-03-28 13:32:29',NULL,NULL,NULL),
(258,35,212,32,3,NULL,'2025-03-28 13:32:29',NULL,NULL,NULL),
(259,35,188,35,213,NULL,'2025-03-28 13:32:29',NULL,NULL,NULL),
(260,35,213,35,188,NULL,'2025-03-28 13:32:29',NULL,NULL,NULL),
(261,35,189,35,213,NULL,'2025-03-28 13:32:29',NULL,NULL,NULL),
(262,35,213,35,189,NULL,'2025-03-28 13:32:29',NULL,NULL,NULL),
(263,32,14,35,214,NULL,'2025-03-28 13:32:29',NULL,NULL,NULL),
(264,35,214,32,14,NULL,'2025-03-28 13:32:29',NULL,NULL,NULL),
(265,32,15,35,214,NULL,'2025-03-28 13:32:29',NULL,NULL,NULL),
(266,35,214,32,15,NULL,'2025-03-28 13:32:29',NULL,NULL,NULL),
(267,32,1,35,215,NULL,'2025-03-28 13:32:29',NULL,NULL,NULL),
(268,35,215,32,1,NULL,'2025-03-28 13:32:29',NULL,NULL,NULL),
(269,32,2,35,215,NULL,'2025-03-28 13:32:29',NULL,NULL,NULL),
(270,35,215,32,2,NULL,'2025-03-28 13:32:29',NULL,NULL,NULL),
(271,32,46,35,216,NULL,'2025-03-28 13:32:30',NULL,NULL,NULL),
(272,35,216,32,46,NULL,'2025-03-28 13:32:30',NULL,NULL,NULL),
(273,32,47,35,216,NULL,'2025-03-28 13:32:30',NULL,NULL,NULL),
(274,35,216,32,47,NULL,'2025-03-28 13:32:30',NULL,NULL,NULL),
(275,35,190,35,217,NULL,'2025-03-28 13:32:30',NULL,NULL,NULL),
(276,35,217,35,190,NULL,'2025-03-28 13:32:30',NULL,NULL,NULL),
(277,35,191,35,217,NULL,'2025-03-28 13:32:30',NULL,NULL,NULL),
(278,35,217,35,191,NULL,'2025-03-28 13:32:30',NULL,NULL,NULL),
(279,35,208,35,218,NULL,'2025-03-28 13:32:30',NULL,NULL,NULL),
(280,35,218,35,208,NULL,'2025-03-28 13:32:30',NULL,NULL,NULL),
(281,35,209,35,218,NULL,'2025-03-28 13:32:30',NULL,NULL,NULL),
(282,35,218,35,209,NULL,'2025-03-28 13:32:30',NULL,NULL,NULL),
(283,32,112,35,219,NULL,'2025-03-28 13:32:30',NULL,NULL,NULL),
(284,35,219,32,112,NULL,'2025-03-28 13:32:30',NULL,NULL,NULL),
(285,32,113,35,219,NULL,'2025-03-28 13:32:30',NULL,NULL,NULL),
(286,35,219,32,113,NULL,'2025-03-28 13:32:30',NULL,NULL,NULL),
(287,32,184,35,220,NULL,'2025-03-28 13:32:30',NULL,NULL,NULL),
(288,35,220,32,184,NULL,'2025-03-28 13:32:30',NULL,NULL,NULL),
(289,32,185,35,220,NULL,'2025-03-28 13:32:30',NULL,NULL,NULL),
(290,35,220,32,185,NULL,'2025-03-28 13:32:30',NULL,NULL,NULL),
(291,44,2,35,221,NULL,'2025-03-28 13:32:30',NULL,NULL,NULL),
(292,35,221,44,2,NULL,'2025-03-28 13:32:30',NULL,NULL,NULL),
(293,44,3,35,221,NULL,'2025-03-28 13:32:30',NULL,NULL,NULL),
(294,35,221,44,3,NULL,'2025-03-28 13:32:30',NULL,NULL,NULL),
(295,32,115,35,222,NULL,'2025-03-28 13:32:30',NULL,NULL,NULL),
(296,35,222,32,115,NULL,'2025-03-28 13:32:30',NULL,NULL,NULL),
(297,32,116,35,222,NULL,'2025-03-28 13:32:30',NULL,NULL,NULL),
(298,35,222,32,116,NULL,'2025-03-28 13:32:30',NULL,NULL,NULL),
(299,32,172,35,223,NULL,'2025-03-28 13:32:30',NULL,NULL,NULL),
(300,35,223,32,172,NULL,'2025-03-28 13:32:30',NULL,NULL,NULL),
(301,32,173,35,223,NULL,'2025-03-28 13:32:30',NULL,NULL,NULL),
(302,35,223,32,173,NULL,'2025-03-28 13:32:30',NULL,NULL,NULL),
(303,35,204,35,224,NULL,'2025-03-28 13:32:30',NULL,NULL,NULL),
(304,35,224,35,204,NULL,'2025-03-28 13:32:30',NULL,NULL,NULL),
(305,35,205,35,224,NULL,'2025-03-28 13:32:30',NULL,NULL,NULL),
(306,35,224,35,205,NULL,'2025-03-28 13:32:30',NULL,NULL,NULL),
(307,32,219,35,225,NULL,'2025-03-28 13:32:30',NULL,NULL,NULL),
(308,35,225,32,219,NULL,'2025-03-28 13:32:30',NULL,NULL,NULL),
(309,32,220,35,225,NULL,'2025-03-28 13:32:30',NULL,NULL,NULL),
(310,35,225,32,220,NULL,'2025-03-28 13:32:30',NULL,NULL,NULL),
(311,35,202,35,226,NULL,'2025-03-28 13:32:30',NULL,NULL,NULL),
(312,35,226,35,202,NULL,'2025-03-28 13:32:30',NULL,NULL,NULL),
(313,35,203,35,226,NULL,'2025-03-28 13:32:30',NULL,NULL,NULL),
(314,35,226,35,203,NULL,'2025-03-28 13:32:30',NULL,NULL,NULL),
(315,32,15,35,227,NULL,'2025-03-28 13:32:31',NULL,NULL,NULL),
(316,35,227,32,15,NULL,'2025-03-28 13:32:31',NULL,NULL,NULL),
(317,32,16,35,227,NULL,'2025-03-28 13:32:31',NULL,NULL,NULL),
(318,35,227,32,16,NULL,'2025-03-28 13:32:31',NULL,NULL,NULL),
(319,32,174,38,1,NULL,'2025-03-28 13:32:31',NULL,NULL,NULL),
(320,38,1,32,174,NULL,'2025-03-28 13:32:31',NULL,NULL,NULL),
(321,32,175,38,1,NULL,'2025-03-28 13:32:31',NULL,NULL,NULL),
(322,38,1,32,175,NULL,'2025-03-28 13:32:31',NULL,NULL,NULL),
(323,32,225,38,2,NULL,'2025-03-28 13:32:31',NULL,NULL,NULL),
(324,38,2,32,225,NULL,'2025-03-28 13:32:31',NULL,NULL,NULL),
(325,32,226,38,2,NULL,'2025-03-28 13:32:31',NULL,NULL,NULL),
(326,38,2,32,226,NULL,'2025-03-28 13:32:31',NULL,NULL,NULL),
(327,32,58,38,3,NULL,'2025-03-28 13:32:31',NULL,NULL,NULL),
(328,38,3,32,58,NULL,'2025-03-28 13:32:31',NULL,NULL,NULL),
(329,32,59,38,3,NULL,'2025-03-28 13:32:31',NULL,NULL,NULL),
(330,38,3,32,59,NULL,'2025-03-28 13:32:31',NULL,NULL,NULL),
(331,32,237,38,4,NULL,'2025-03-28 13:32:31',NULL,NULL,NULL),
(332,38,4,32,237,NULL,'2025-03-28 13:32:31',NULL,NULL,NULL),
(333,32,238,38,4,NULL,'2025-03-28 13:32:31',NULL,NULL,NULL),
(334,38,4,32,238,NULL,'2025-03-28 13:32:31',NULL,NULL,NULL),
(335,32,110,38,5,NULL,'2025-03-28 13:32:31',NULL,NULL,NULL),
(336,38,5,32,110,NULL,'2025-03-28 13:32:31',NULL,NULL,NULL),
(337,32,111,38,5,NULL,'2025-03-28 13:32:31',NULL,NULL,NULL),
(338,38,5,32,111,NULL,'2025-03-28 13:32:31',NULL,NULL,NULL),
(339,32,54,38,6,NULL,'2025-03-28 13:32:31',NULL,NULL,NULL),
(340,38,6,32,54,NULL,'2025-03-28 13:32:31',NULL,NULL,NULL),
(341,32,55,38,6,NULL,'2025-03-28 13:32:31',NULL,NULL,NULL),
(342,38,6,32,55,NULL,'2025-03-28 13:32:31',NULL,NULL,NULL),
(343,32,228,38,7,NULL,'2025-03-28 13:32:31',NULL,NULL,NULL),
(344,38,7,32,228,NULL,'2025-03-28 13:32:31',NULL,NULL,NULL),
(345,32,229,38,7,NULL,'2025-03-28 13:32:31',NULL,NULL,NULL),
(346,38,7,32,229,NULL,'2025-03-28 13:32:31',NULL,NULL,NULL),
(347,35,223,38,8,NULL,'2025-03-28 13:32:31',NULL,NULL,NULL),
(348,38,8,35,223,NULL,'2025-03-28 13:32:31',NULL,NULL,NULL),
(349,35,224,38,8,NULL,'2025-03-28 13:32:31',NULL,NULL,NULL),
(350,38,8,35,224,NULL,'2025-03-28 13:32:31',NULL,NULL,NULL),
(351,38,3,38,9,NULL,'2025-03-28 13:32:32',NULL,NULL,NULL),
(352,38,9,38,3,NULL,'2025-03-28 13:32:32',NULL,NULL,NULL),
(353,38,4,38,9,NULL,'2025-03-28 13:32:32',NULL,NULL,NULL),
(354,38,9,38,4,NULL,'2025-03-28 13:32:32',NULL,NULL,NULL),
(355,32,60,38,10,NULL,'2025-03-28 13:32:32',NULL,NULL,NULL),
(356,38,10,32,60,NULL,'2025-03-28 13:32:32',NULL,NULL,NULL),
(357,32,61,38,10,NULL,'2025-03-28 13:32:32',NULL,NULL,NULL),
(358,38,10,32,61,NULL,'2025-03-28 13:32:32',NULL,NULL,NULL),
(359,32,223,38,11,NULL,'2025-03-28 13:32:32',NULL,NULL,NULL),
(360,38,11,32,223,NULL,'2025-03-28 13:32:32',NULL,NULL,NULL),
(361,32,224,38,11,NULL,'2025-03-28 13:32:32',NULL,NULL,NULL),
(362,38,11,32,224,NULL,'2025-03-28 13:32:32',NULL,NULL,NULL),
(363,28,21,38,12,NULL,'2025-03-28 13:32:32',NULL,NULL,NULL),
(364,38,12,28,21,NULL,'2025-03-28 13:32:32',NULL,NULL,NULL),
(365,28,22,38,12,NULL,'2025-03-28 13:32:32',NULL,NULL,NULL),
(366,38,12,28,22,NULL,'2025-03-28 13:32:32',NULL,NULL,NULL),
(367,32,173,38,13,NULL,'2025-03-28 13:32:32',NULL,NULL,NULL),
(368,38,13,32,173,NULL,'2025-03-28 13:32:32',NULL,NULL,NULL),
(369,32,174,38,13,NULL,'2025-03-28 13:32:32',NULL,NULL,NULL),
(370,38,13,32,174,NULL,'2025-03-28 13:32:32',NULL,NULL,NULL),
(371,32,158,38,14,NULL,'2025-03-28 13:32:32',NULL,NULL,NULL),
(372,38,14,32,158,NULL,'2025-03-28 13:32:32',NULL,NULL,NULL),
(373,32,159,38,14,NULL,'2025-03-28 13:32:32',NULL,NULL,NULL),
(374,38,14,32,159,NULL,'2025-03-28 13:32:32',NULL,NULL,NULL),
(375,32,216,38,15,NULL,'2025-03-28 13:32:32',NULL,NULL,NULL),
(376,38,15,32,216,NULL,'2025-03-28 13:32:32',NULL,NULL,NULL),
(377,32,217,38,15,NULL,'2025-03-28 13:32:32',NULL,NULL,NULL),
(378,38,15,32,217,NULL,'2025-03-28 13:32:32',NULL,NULL,NULL),
(379,32,274,38,16,NULL,'2025-03-28 13:32:32',NULL,NULL,NULL),
(380,38,16,32,274,NULL,'2025-03-28 13:32:32',NULL,NULL,NULL),
(381,32,275,38,16,NULL,'2025-03-28 13:32:32',NULL,NULL,NULL),
(382,38,16,32,275,NULL,'2025-03-28 13:32:32',NULL,NULL,NULL),
(383,32,84,38,17,NULL,'2025-03-28 13:32:32',NULL,NULL,NULL),
(384,38,17,32,84,NULL,'2025-03-28 13:32:32',NULL,NULL,NULL),
(385,32,85,38,17,NULL,'2025-03-28 13:32:32',NULL,NULL,NULL),
(386,38,17,32,85,NULL,'2025-03-28 13:32:32',NULL,NULL,NULL),
(387,32,11,38,18,NULL,'2025-03-28 13:32:33',NULL,NULL,NULL),
(388,38,18,32,11,NULL,'2025-03-28 13:32:33',NULL,NULL,NULL),
(389,32,12,38,18,NULL,'2025-03-28 13:32:33',NULL,NULL,NULL),
(390,38,18,32,12,NULL,'2025-03-28 13:32:33',NULL,NULL,NULL),
(391,35,204,38,19,NULL,'2025-03-28 13:32:33',NULL,NULL,NULL),
(392,38,19,35,204,NULL,'2025-03-28 13:32:33',NULL,NULL,NULL),
(393,35,205,38,19,NULL,'2025-03-28 13:32:33',NULL,NULL,NULL),
(394,38,19,35,205,NULL,'2025-03-28 13:32:33',NULL,NULL,NULL),
(395,32,42,38,20,NULL,'2025-03-28 13:32:33',NULL,NULL,NULL),
(396,38,20,32,42,NULL,'2025-03-28 13:32:33',NULL,NULL,NULL),
(397,32,43,38,20,NULL,'2025-03-28 13:32:33',NULL,NULL,NULL),
(398,38,20,32,43,NULL,'2025-03-28 13:32:33',NULL,NULL,NULL),
(399,32,26,38,21,NULL,'2025-03-28 13:32:33',NULL,NULL,NULL),
(400,38,21,32,26,NULL,'2025-03-28 13:32:33',NULL,NULL,NULL),
(401,32,27,38,21,NULL,'2025-03-28 13:32:33',NULL,NULL,NULL),
(402,38,21,32,27,NULL,'2025-03-28 13:32:33',NULL,NULL,NULL),
(403,32,143,38,22,NULL,'2025-03-28 13:32:33',NULL,NULL,NULL),
(404,38,22,32,143,NULL,'2025-03-28 13:32:33',NULL,NULL,NULL),
(405,32,144,38,22,NULL,'2025-03-28 13:32:33',NULL,NULL,NULL),
(406,38,22,32,144,NULL,'2025-03-28 13:32:33',NULL,NULL,NULL),
(407,28,8,38,23,NULL,'2025-03-28 13:32:33',NULL,NULL,NULL),
(408,38,23,28,8,NULL,'2025-03-28 13:32:33',NULL,NULL,NULL),
(409,28,9,38,23,NULL,'2025-03-28 13:32:33',NULL,NULL,NULL),
(410,38,23,28,9,NULL,'2025-03-28 13:32:33',NULL,NULL,NULL),
(411,32,114,38,24,NULL,'2025-03-28 13:32:33',NULL,NULL,NULL),
(412,38,24,32,114,NULL,'2025-03-28 13:32:33',NULL,NULL,NULL),
(413,32,115,38,24,NULL,'2025-03-28 13:32:33',NULL,NULL,NULL),
(414,38,24,32,115,NULL,'2025-03-28 13:32:33',NULL,NULL,NULL),
(415,32,28,38,25,NULL,'2025-03-28 13:32:33',NULL,NULL,NULL),
(416,38,25,32,28,NULL,'2025-03-28 13:32:33',NULL,NULL,NULL),
(417,32,29,38,25,NULL,'2025-03-28 13:32:33',NULL,NULL,NULL),
(418,38,25,32,29,NULL,'2025-03-28 13:32:33',NULL,NULL,NULL),
(419,32,12,38,26,NULL,'2025-03-28 13:32:33',NULL,NULL,NULL),
(420,38,26,32,12,NULL,'2025-03-28 13:32:33',NULL,NULL,NULL),
(421,32,13,38,26,NULL,'2025-03-28 13:32:33',NULL,NULL,NULL),
(422,38,26,32,13,NULL,'2025-03-28 13:32:33',NULL,NULL,NULL),
(423,32,121,38,27,NULL,'2025-03-28 13:32:33',NULL,NULL,NULL),
(424,38,27,32,121,NULL,'2025-03-28 13:32:33',NULL,NULL,NULL),
(425,32,122,38,27,NULL,'2025-03-28 13:32:33',NULL,NULL,NULL),
(426,38,27,32,122,NULL,'2025-03-28 13:32:33',NULL,NULL,NULL),
(427,44,3,38,28,NULL,'2025-03-28 13:32:34',NULL,NULL,NULL),
(428,38,28,44,3,NULL,'2025-03-28 13:32:34',NULL,NULL,NULL),
(429,44,5,38,28,NULL,'2025-03-28 13:32:34',NULL,NULL,NULL),
(430,38,28,44,5,NULL,'2025-03-28 13:32:34',NULL,NULL,NULL),
(431,44,7,38,29,NULL,'2025-03-28 13:32:34',NULL,NULL,NULL),
(432,38,29,44,7,NULL,'2025-03-28 13:32:34',NULL,NULL,NULL),
(433,44,8,38,29,NULL,'2025-03-28 13:32:34',NULL,NULL,NULL),
(434,38,29,44,8,NULL,'2025-03-28 13:32:34',NULL,NULL,NULL),
(435,32,89,38,30,NULL,'2025-03-28 13:32:34',NULL,NULL,NULL),
(436,38,30,32,89,NULL,'2025-03-28 13:32:34',NULL,NULL,NULL),
(437,32,90,38,30,NULL,'2025-03-28 13:32:34',NULL,NULL,NULL),
(438,38,30,32,90,NULL,'2025-03-28 13:32:34',NULL,NULL,NULL),
(439,44,16,38,31,NULL,'2025-03-28 13:32:34',NULL,NULL,NULL),
(440,38,31,44,16,NULL,'2025-03-28 13:32:34',NULL,NULL,NULL),
(441,35,173,38,31,NULL,'2025-03-28 13:32:34',NULL,NULL,NULL),
(442,38,31,35,173,NULL,'2025-03-28 13:32:34',NULL,NULL,NULL),
(443,32,310,38,32,NULL,'2025-03-28 13:32:34',NULL,NULL,NULL),
(444,38,32,32,310,NULL,'2025-03-28 13:32:34',NULL,NULL,NULL),
(445,32,311,38,32,NULL,'2025-03-28 13:32:34',NULL,NULL,NULL),
(446,38,32,32,311,NULL,'2025-03-28 13:32:34',NULL,NULL,NULL),
(447,32,10,38,33,NULL,'2025-03-28 13:32:34',NULL,NULL,NULL),
(448,38,33,32,10,NULL,'2025-03-28 13:32:34',NULL,NULL,NULL),
(449,32,11,38,33,NULL,'2025-03-28 13:32:34',NULL,NULL,NULL),
(450,38,33,32,11,NULL,'2025-03-28 13:32:34',NULL,NULL,NULL),
(451,32,145,38,34,NULL,'2025-03-28 13:32:34',NULL,NULL,NULL),
(452,38,34,32,145,NULL,'2025-03-28 13:32:34',NULL,NULL,NULL),
(453,32,146,38,34,NULL,'2025-03-28 13:32:34',NULL,NULL,NULL),
(454,38,34,32,146,NULL,'2025-03-28 13:32:34',NULL,NULL,NULL),
(455,32,321,38,35,NULL,'2025-03-28 13:32:34',NULL,NULL,NULL),
(456,38,35,32,321,NULL,'2025-03-28 13:32:34',NULL,NULL,NULL),
(457,32,322,38,35,NULL,'2025-03-28 13:32:34',NULL,NULL,NULL),
(458,38,35,32,322,NULL,'2025-03-28 13:32:34',NULL,NULL,NULL),
(459,32,150,38,36,NULL,'2025-03-28 13:32:34',NULL,NULL,NULL),
(460,38,36,32,150,NULL,'2025-03-28 13:32:34',NULL,NULL,NULL),
(461,32,151,38,36,NULL,'2025-03-28 13:32:34',NULL,NULL,NULL),
(462,38,36,32,151,NULL,'2025-03-28 13:32:34',NULL,NULL,NULL),
(463,38,14,38,37,NULL,'2025-03-28 13:32:35',NULL,NULL,NULL),
(464,38,37,38,14,NULL,'2025-03-28 13:32:35',NULL,NULL,NULL),
(465,38,15,38,37,NULL,'2025-03-28 13:32:35',NULL,NULL,NULL),
(466,38,37,38,15,NULL,'2025-03-28 13:32:35',NULL,NULL,NULL),
(467,32,38,38,38,NULL,'2025-03-28 13:32:35',NULL,NULL,NULL),
(468,38,38,32,38,NULL,'2025-03-28 13:32:35',NULL,NULL,NULL),
(469,32,39,38,38,NULL,'2025-03-28 13:32:35',NULL,NULL,NULL),
(470,38,38,32,39,NULL,'2025-03-28 13:32:35',NULL,NULL,NULL),
(471,32,181,38,39,NULL,'2025-03-28 13:32:35',NULL,NULL,NULL),
(472,38,39,32,181,NULL,'2025-03-28 13:32:35',NULL,NULL,NULL),
(473,32,182,38,39,NULL,'2025-03-28 13:32:35',NULL,NULL,NULL),
(474,38,39,32,182,NULL,'2025-03-28 13:32:35',NULL,NULL,NULL),
(475,35,173,38,40,NULL,'2025-03-28 13:32:35',NULL,NULL,NULL),
(476,38,40,35,173,NULL,'2025-03-28 13:32:35',NULL,NULL,NULL),
(477,35,174,38,40,NULL,'2025-03-28 13:32:35',NULL,NULL,NULL),
(478,38,40,35,174,NULL,'2025-03-28 13:32:35',NULL,NULL,NULL),
(479,32,48,38,41,NULL,'2025-03-28 13:32:35',NULL,NULL,NULL),
(480,38,41,32,48,NULL,'2025-03-28 13:32:35',NULL,NULL,NULL),
(481,32,49,38,41,NULL,'2025-03-28 13:32:35',NULL,NULL,NULL),
(482,38,41,32,49,NULL,'2025-03-28 13:32:35',NULL,NULL,NULL),
(483,32,154,38,42,NULL,'2025-03-28 13:32:35',NULL,NULL,NULL),
(484,38,42,32,154,NULL,'2025-03-28 13:32:35',NULL,NULL,NULL),
(485,32,155,38,42,NULL,'2025-03-28 13:32:35',NULL,NULL,NULL),
(486,38,42,32,155,NULL,'2025-03-28 13:32:35',NULL,NULL,NULL),
(487,35,185,38,43,NULL,'2025-03-28 13:32:35',NULL,NULL,NULL),
(488,38,43,35,185,NULL,'2025-03-28 13:32:35',NULL,NULL,NULL),
(489,35,186,38,43,NULL,'2025-03-28 13:32:35',NULL,NULL,NULL),
(490,38,43,35,186,NULL,'2025-03-28 13:32:35',NULL,NULL,NULL),
(491,32,147,38,44,NULL,'2025-03-28 13:32:35',NULL,NULL,NULL),
(492,38,44,32,147,NULL,'2025-03-28 13:32:35',NULL,NULL,NULL),
(493,32,148,38,44,NULL,'2025-03-28 13:32:35',NULL,NULL,NULL),
(494,38,44,32,148,NULL,'2025-03-28 13:32:35',NULL,NULL,NULL),
(495,32,11,38,45,NULL,'2025-03-28 13:32:35',NULL,NULL,NULL),
(496,38,45,32,11,NULL,'2025-03-28 13:32:35',NULL,NULL,NULL),
(497,32,12,38,45,NULL,'2025-03-28 13:32:35',NULL,NULL,NULL),
(498,38,45,32,12,NULL,'2025-03-28 13:32:35',NULL,NULL,NULL),
(499,32,178,38,46,NULL,'2025-03-28 13:32:35',NULL,NULL,NULL),
(500,38,46,32,178,NULL,'2025-03-28 13:32:35',NULL,NULL,NULL),
(501,32,179,38,46,NULL,'2025-03-28 13:32:36',NULL,NULL,NULL),
(502,38,46,32,179,NULL,'2025-03-28 13:32:36',NULL,NULL,NULL),
(503,32,99,38,47,NULL,'2025-03-28 13:32:36',NULL,NULL,NULL),
(504,38,47,32,99,NULL,'2025-03-28 13:32:36',NULL,NULL,NULL),
(505,32,100,38,47,NULL,'2025-03-28 13:32:36',NULL,NULL,NULL),
(506,38,47,32,100,NULL,'2025-03-28 13:32:36',NULL,NULL,NULL),
(507,32,39,38,48,NULL,'2025-03-28 13:32:36',NULL,NULL,NULL),
(508,38,48,32,39,NULL,'2025-03-28 13:32:36',NULL,NULL,NULL),
(509,32,40,38,48,NULL,'2025-03-28 13:32:36',NULL,NULL,NULL),
(510,38,48,32,40,NULL,'2025-03-28 13:32:36',NULL,NULL,NULL),
(511,32,236,38,49,NULL,'2025-03-28 13:32:36',NULL,NULL,NULL),
(512,38,49,32,236,NULL,'2025-03-28 13:32:36',NULL,NULL,NULL),
(513,32,237,38,49,NULL,'2025-03-28 13:32:36',NULL,NULL,NULL),
(514,38,49,32,237,NULL,'2025-03-28 13:32:36',NULL,NULL,NULL),
(515,28,27,38,50,NULL,'2025-03-28 13:32:36',NULL,NULL,NULL),
(516,38,50,28,27,NULL,'2025-03-28 13:32:36',NULL,NULL,NULL),
(517,28,28,38,50,NULL,'2025-03-28 13:32:36',NULL,NULL,NULL),
(518,38,50,28,28,NULL,'2025-03-28 13:32:36',NULL,NULL,NULL),
(519,32,286,38,51,NULL,'2025-03-28 13:32:36',NULL,NULL,NULL),
(520,38,51,32,286,NULL,'2025-03-28 13:32:36',NULL,NULL,NULL),
(521,32,287,38,51,NULL,'2025-03-28 13:32:36',NULL,NULL,NULL),
(522,38,51,32,287,NULL,'2025-03-28 13:32:36',NULL,NULL,NULL),
(523,32,212,38,52,NULL,'2025-03-28 13:32:36',NULL,NULL,NULL),
(524,38,52,32,212,NULL,'2025-03-28 13:32:36',NULL,NULL,NULL),
(525,32,213,38,52,NULL,'2025-03-28 13:32:36',NULL,NULL,NULL),
(526,38,52,32,213,NULL,'2025-03-28 13:32:36',NULL,NULL,NULL),
(527,32,306,38,53,NULL,'2025-03-28 13:32:36',NULL,NULL,NULL),
(528,38,53,32,306,NULL,'2025-03-28 13:32:36',NULL,NULL,NULL),
(529,32,307,38,53,NULL,'2025-03-28 13:32:36',NULL,NULL,NULL),
(530,38,53,32,307,NULL,'2025-03-28 13:32:36',NULL,NULL,NULL),
(531,32,3,38,54,NULL,'2025-03-28 13:32:37',NULL,NULL,NULL),
(532,38,54,32,3,NULL,'2025-03-28 13:32:37',NULL,NULL,NULL),
(533,32,4,38,54,NULL,'2025-03-28 13:32:37',NULL,NULL,NULL),
(534,38,54,32,4,NULL,'2025-03-28 13:32:37',NULL,NULL,NULL),
(535,32,265,38,55,NULL,'2025-03-28 13:32:37',NULL,NULL,NULL),
(536,38,55,32,265,NULL,'2025-03-28 13:32:37',NULL,NULL,NULL),
(537,32,266,38,55,NULL,'2025-03-28 13:32:37',NULL,NULL,NULL),
(538,38,55,32,266,NULL,'2025-03-28 13:32:37',NULL,NULL,NULL),
(539,32,240,38,56,NULL,'2025-03-28 13:32:37',NULL,NULL,NULL),
(540,38,56,32,240,NULL,'2025-03-28 13:32:37',NULL,NULL,NULL),
(541,32,241,38,56,NULL,'2025-03-28 13:32:37',NULL,NULL,NULL),
(542,38,56,32,241,NULL,'2025-03-28 13:32:37',NULL,NULL,NULL),
(543,38,39,38,57,NULL,'2025-03-28 13:32:37',NULL,NULL,NULL),
(544,38,57,38,39,NULL,'2025-03-28 13:32:37',NULL,NULL,NULL),
(545,38,40,38,57,NULL,'2025-03-28 13:32:37',NULL,NULL,NULL),
(546,38,57,38,40,NULL,'2025-03-28 13:32:37',NULL,NULL,NULL),
(547,38,39,38,58,NULL,'2025-03-28 13:32:37',NULL,NULL,NULL),
(548,38,58,38,39,NULL,'2025-03-28 13:32:37',NULL,NULL,NULL),
(549,38,40,38,58,NULL,'2025-03-28 13:32:37',NULL,NULL,NULL),
(550,38,58,38,40,NULL,'2025-03-28 13:32:37',NULL,NULL,NULL),
(551,35,175,38,59,NULL,'2025-03-28 13:32:37',NULL,NULL,NULL),
(552,38,59,35,175,NULL,'2025-03-28 13:32:37',NULL,NULL,NULL),
(553,35,176,38,59,NULL,'2025-03-28 13:32:37',NULL,NULL,NULL),
(554,38,59,35,176,NULL,'2025-03-28 13:32:37',NULL,NULL,NULL),
(555,35,212,38,60,NULL,'2025-03-28 13:32:37',NULL,NULL,NULL),
(556,38,60,35,212,NULL,'2025-03-28 13:32:37',NULL,NULL,NULL),
(557,35,213,38,60,NULL,'2025-03-28 13:32:37',NULL,NULL,NULL),
(558,38,60,35,213,NULL,'2025-03-28 13:32:37',NULL,NULL,NULL),
(559,32,176,42,1,NULL,'2025-03-28 13:32:37',NULL,NULL,NULL),
(560,42,1,32,176,NULL,'2025-03-28 13:32:37',NULL,NULL,NULL),
(561,32,177,42,1,NULL,'2025-03-28 13:32:37',NULL,NULL,NULL),
(562,42,1,32,177,NULL,'2025-03-28 13:32:37',NULL,NULL,NULL),
(563,32,84,42,3,NULL,'2025-03-28 13:32:37',NULL,NULL,NULL),
(564,42,3,32,84,NULL,'2025-03-28 13:32:37',NULL,NULL,NULL),
(565,32,85,42,3,NULL,'2025-03-28 13:32:37',NULL,NULL,NULL),
(566,42,3,32,85,NULL,'2025-03-28 13:32:37',NULL,NULL,NULL),
(567,35,185,42,6,NULL,'2025-03-28 13:32:38',NULL,NULL,NULL),
(568,42,6,35,185,NULL,'2025-03-28 13:32:38',NULL,NULL,NULL),
(569,35,186,42,6,NULL,'2025-03-28 13:32:38',NULL,NULL,NULL),
(570,42,6,35,186,NULL,'2025-03-28 13:32:38',NULL,NULL,NULL),
(571,32,374,42,9,NULL,'2025-03-28 13:32:38',NULL,NULL,NULL),
(572,42,9,32,374,NULL,'2025-03-28 13:32:38',NULL,NULL,NULL),
(573,32,375,42,9,NULL,'2025-03-28 13:32:38',NULL,NULL,NULL),
(574,42,9,32,375,NULL,'2025-03-28 13:32:38',NULL,NULL,NULL),
(575,32,58,42,12,NULL,'2025-03-28 13:32:38',NULL,NULL,NULL),
(576,42,12,32,58,NULL,'2025-03-28 13:32:38',NULL,NULL,NULL),
(577,32,59,42,12,NULL,'2025-03-28 13:32:38',NULL,NULL,NULL),
(578,42,12,32,59,NULL,'2025-03-28 13:32:38',NULL,NULL,NULL),
(579,32,325,42,15,NULL,'2025-03-28 13:32:38',NULL,NULL,NULL),
(580,42,15,32,325,NULL,'2025-03-28 13:32:38',NULL,NULL,NULL),
(581,32,326,42,15,NULL,'2025-03-28 13:32:38',NULL,NULL,NULL),
(582,42,15,32,326,NULL,'2025-03-28 13:32:38',NULL,NULL,NULL),
(583,32,111,42,17,NULL,'2025-03-28 13:32:38',NULL,NULL,NULL),
(584,42,17,32,111,NULL,'2025-03-28 13:32:38',NULL,NULL,NULL),
(585,32,112,42,17,NULL,'2025-03-28 13:32:38',NULL,NULL,NULL),
(586,42,17,32,112,NULL,'2025-03-28 13:32:38',NULL,NULL,NULL),
(587,32,89,42,20,NULL,'2025-03-28 13:32:38',NULL,NULL,NULL),
(588,42,20,32,89,NULL,'2025-03-28 13:32:38',NULL,NULL,NULL),
(589,32,90,42,20,NULL,'2025-03-28 13:32:38',NULL,NULL,NULL),
(590,42,20,32,90,NULL,'2025-03-28 13:32:38',NULL,NULL,NULL),
(591,38,45,42,23,NULL,'2025-03-28 13:32:38',NULL,NULL,NULL),
(592,42,23,38,45,NULL,'2025-03-28 13:32:38',NULL,NULL,NULL),
(593,38,46,42,23,NULL,'2025-03-28 13:32:38',NULL,NULL,NULL),
(594,42,23,38,46,NULL,'2025-03-28 13:32:38',NULL,NULL,NULL),
(595,35,209,42,26,NULL,'2025-03-28 13:32:38',NULL,NULL,NULL),
(596,42,26,35,209,NULL,'2025-03-28 13:32:38',NULL,NULL,NULL),
(597,35,210,42,26,NULL,'2025-03-28 13:32:38',NULL,NULL,NULL),
(598,42,26,35,210,NULL,'2025-03-28 13:32:38',NULL,NULL,NULL),
(599,32,324,42,29,NULL,'2025-03-28 13:32:39',NULL,NULL,NULL),
(600,42,29,32,324,NULL,'2025-03-28 13:32:39',NULL,NULL,NULL),
(601,32,325,42,29,NULL,'2025-03-28 13:32:39',NULL,NULL,NULL),
(602,42,29,32,325,NULL,'2025-03-28 13:32:39',NULL,NULL,NULL),
(603,32,192,42,32,NULL,'2025-03-28 13:32:39',NULL,NULL,NULL),
(604,42,32,32,192,NULL,'2025-03-28 13:32:39',NULL,NULL,NULL),
(605,32,193,42,32,NULL,'2025-03-28 13:32:39',NULL,NULL,NULL),
(606,42,32,32,193,NULL,'2025-03-28 13:32:39',NULL,NULL,NULL),
(607,42,28,42,35,NULL,'2025-03-28 13:32:39',NULL,NULL,NULL),
(608,42,35,42,28,NULL,'2025-03-28 13:32:39',NULL,NULL,NULL),
(609,42,29,42,35,NULL,'2025-03-28 13:32:39',NULL,NULL,NULL),
(610,42,35,42,29,NULL,'2025-03-28 13:32:39',NULL,NULL,NULL),
(611,32,13,42,38,NULL,'2025-03-28 13:32:39',NULL,NULL,NULL),
(612,42,38,32,13,NULL,'2025-03-28 13:32:39',NULL,NULL,NULL),
(613,32,14,42,38,NULL,'2025-03-28 13:32:39',NULL,NULL,NULL),
(614,42,38,32,14,NULL,'2025-03-28 13:32:39',NULL,NULL,NULL),
(615,32,196,42,41,NULL,'2025-03-28 13:32:39',NULL,NULL,NULL),
(616,42,41,32,196,NULL,'2025-03-28 13:32:39',NULL,NULL,NULL),
(617,32,197,42,41,NULL,'2025-03-28 13:32:39',NULL,NULL,NULL),
(618,42,41,32,197,NULL,'2025-03-28 13:32:39',NULL,NULL,NULL),
(619,32,348,42,44,NULL,'2025-03-28 13:32:39',NULL,NULL,NULL),
(620,42,44,32,348,NULL,'2025-03-28 13:32:39',NULL,NULL,NULL),
(621,32,349,42,44,NULL,'2025-03-28 13:32:39',NULL,NULL,NULL),
(622,42,44,32,349,NULL,'2025-03-28 13:32:39',NULL,NULL,NULL),
(623,32,26,42,47,NULL,'2025-03-28 13:32:39',NULL,NULL,NULL),
(624,42,47,32,26,NULL,'2025-03-28 13:32:39',NULL,NULL,NULL),
(625,32,27,42,47,NULL,'2025-03-28 13:32:39',NULL,NULL,NULL),
(626,42,47,32,27,NULL,'2025-03-28 13:32:39',NULL,NULL,NULL),
(627,38,14,42,50,NULL,'2025-03-28 13:32:40',NULL,NULL,NULL),
(628,42,50,38,14,NULL,'2025-03-28 13:32:40',NULL,NULL,NULL),
(629,38,15,42,50,NULL,'2025-03-28 13:32:40',NULL,NULL,NULL),
(630,42,50,38,15,NULL,'2025-03-28 13:32:40',NULL,NULL,NULL),
(631,32,263,42,53,NULL,'2025-03-28 13:32:40',NULL,NULL,NULL),
(632,42,53,32,263,NULL,'2025-03-28 13:32:40',NULL,NULL,NULL),
(633,32,264,42,53,NULL,'2025-03-28 13:32:40',NULL,NULL,NULL),
(634,42,53,32,264,NULL,'2025-03-28 13:32:40',NULL,NULL,NULL),
(635,32,197,42,56,NULL,'2025-03-28 13:32:40',NULL,NULL,NULL),
(636,42,56,32,197,NULL,'2025-03-28 13:32:40',NULL,NULL,NULL),
(637,32,198,42,56,NULL,'2025-03-28 13:32:40',NULL,NULL,NULL),
(638,42,56,32,198,NULL,'2025-03-28 13:32:40',NULL,NULL,NULL),
(639,32,125,42,59,NULL,'2025-03-28 13:32:40',NULL,NULL,NULL),
(640,42,59,32,125,NULL,'2025-03-28 13:32:40',NULL,NULL,NULL),
(641,32,126,42,59,NULL,'2025-03-28 13:32:40',NULL,NULL,NULL),
(642,42,59,32,126,NULL,'2025-03-28 13:32:40',NULL,NULL,NULL),
(643,42,55,42,61,NULL,'2025-03-28 13:32:40',NULL,NULL,NULL),
(644,42,61,42,55,NULL,'2025-03-28 13:32:40',NULL,NULL,NULL),
(645,42,56,42,61,NULL,'2025-03-28 13:32:40',NULL,NULL,NULL),
(646,42,61,42,56,NULL,'2025-03-28 13:32:40',NULL,NULL,NULL),
(647,28,21,42,64,NULL,'2025-03-28 13:32:40',NULL,NULL,NULL),
(648,42,64,28,21,NULL,'2025-03-28 13:32:40',NULL,NULL,NULL),
(649,28,22,42,64,NULL,'2025-03-28 13:32:40',NULL,NULL,NULL),
(650,42,64,28,22,NULL,'2025-03-28 13:32:40',NULL,NULL,NULL),
(651,32,429,42,66,NULL,'2025-03-28 13:32:40',NULL,NULL,NULL),
(652,42,66,32,429,NULL,'2025-03-28 13:32:40',NULL,NULL,NULL),
(653,32,430,42,66,NULL,'2025-03-28 13:32:40',NULL,NULL,NULL),
(654,42,66,32,430,NULL,'2025-03-28 13:32:40',NULL,NULL,NULL),
(655,32,432,42,69,NULL,'2025-03-28 13:32:40',NULL,NULL,NULL),
(656,42,69,32,432,NULL,'2025-03-28 13:32:40',NULL,NULL,NULL),
(657,32,433,42,69,NULL,'2025-03-28 13:32:40',NULL,NULL,NULL),
(658,42,69,32,433,NULL,'2025-03-28 13:32:40',NULL,NULL,NULL),
(659,32,275,42,72,NULL,'2025-03-28 13:32:41',NULL,NULL,NULL),
(660,42,72,32,275,NULL,'2025-03-28 13:32:41',NULL,NULL,NULL),
(661,32,276,42,72,NULL,'2025-03-28 13:32:41',NULL,NULL,NULL),
(662,42,72,32,276,NULL,'2025-03-28 13:32:41',NULL,NULL,NULL),
(663,42,42,42,75,NULL,'2025-03-28 13:32:41',NULL,NULL,NULL),
(664,42,75,42,42,NULL,'2025-03-28 13:32:41',NULL,NULL,NULL),
(665,42,43,42,75,NULL,'2025-03-28 13:32:41',NULL,NULL,NULL),
(666,42,75,42,43,NULL,'2025-03-28 13:32:41',NULL,NULL,NULL),
(667,32,25,42,78,NULL,'2025-03-28 13:32:41',NULL,NULL,NULL),
(668,42,78,32,25,NULL,'2025-03-28 13:32:41',NULL,NULL,NULL),
(669,32,26,42,78,NULL,'2025-03-28 13:32:41',NULL,NULL,NULL),
(670,42,78,32,26,NULL,'2025-03-28 13:32:41',NULL,NULL,NULL),
(671,42,43,42,81,NULL,'2025-03-28 13:32:41',NULL,NULL,NULL),
(672,42,81,42,43,NULL,'2025-03-28 13:32:41',NULL,NULL,NULL),
(673,42,44,42,81,NULL,'2025-03-28 13:32:41',NULL,NULL,NULL),
(674,42,81,42,44,NULL,'2025-03-28 13:32:41',NULL,NULL,NULL),
(675,32,65,42,83,NULL,'2025-03-28 13:32:41',NULL,NULL,NULL),
(676,42,83,32,65,NULL,'2025-03-28 13:32:41',NULL,NULL,NULL),
(677,32,66,42,83,NULL,'2025-03-28 13:32:41',NULL,NULL,NULL),
(678,42,83,32,66,NULL,'2025-03-28 13:32:41',NULL,NULL,NULL),
(679,42,19,42,85,NULL,'2025-03-28 13:32:41',NULL,NULL,NULL),
(680,42,85,42,19,NULL,'2025-03-28 13:32:41',NULL,NULL,NULL),
(681,42,20,42,85,NULL,'2025-03-28 13:32:41',NULL,NULL,NULL),
(682,42,85,42,20,NULL,'2025-03-28 13:32:41',NULL,NULL,NULL),
(683,32,179,42,88,NULL,'2025-03-28 13:32:41',NULL,NULL,NULL),
(684,42,88,32,179,NULL,'2025-03-28 13:32:41',NULL,NULL,NULL),
(685,32,180,42,88,NULL,'2025-03-28 13:32:41',NULL,NULL,NULL),
(686,42,88,32,180,NULL,'2025-03-28 13:32:41',NULL,NULL,NULL),
(687,32,393,42,91,NULL,'2025-03-28 13:32:41',NULL,NULL,NULL),
(688,42,91,32,393,NULL,'2025-03-28 13:32:41',NULL,NULL,NULL),
(689,32,394,42,91,NULL,'2025-03-28 13:32:41',NULL,NULL,NULL),
(690,42,91,32,394,NULL,'2025-03-28 13:32:41',NULL,NULL,NULL),
(691,42,43,42,93,NULL,'2025-03-28 13:32:42',NULL,NULL,NULL),
(692,42,93,42,43,NULL,'2025-03-28 13:32:42',NULL,NULL,NULL),
(693,42,44,42,93,NULL,'2025-03-28 13:32:42',NULL,NULL,NULL),
(694,42,93,42,44,NULL,'2025-03-28 13:32:42',NULL,NULL,NULL),
(695,32,24,42,96,NULL,'2025-03-28 13:32:42',NULL,NULL,NULL),
(696,42,96,32,24,NULL,'2025-03-28 13:32:42',NULL,NULL,NULL),
(697,32,25,42,96,NULL,'2025-03-28 13:32:42',NULL,NULL,NULL),
(698,42,96,32,25,NULL,'2025-03-28 13:32:42',NULL,NULL,NULL),
(699,32,177,42,99,NULL,'2025-03-28 13:32:42',NULL,NULL,NULL),
(700,42,99,32,177,NULL,'2025-03-28 13:32:42',NULL,NULL,NULL),
(701,32,178,42,99,NULL,'2025-03-28 13:32:42',NULL,NULL,NULL),
(702,42,99,32,178,NULL,'2025-03-28 13:32:42',NULL,NULL,NULL),
(703,38,50,42,102,NULL,'2025-03-28 13:32:42',NULL,NULL,NULL),
(704,42,102,38,50,NULL,'2025-03-28 13:32:42',NULL,NULL,NULL),
(705,38,51,42,102,NULL,'2025-03-28 13:32:42',NULL,NULL,NULL),
(706,42,102,38,51,NULL,'2025-03-28 13:32:42',NULL,NULL,NULL),
(707,35,219,42,104,NULL,'2025-03-28 13:32:42',NULL,NULL,NULL),
(708,42,104,35,219,NULL,'2025-03-28 13:32:42',NULL,NULL,NULL),
(709,35,220,42,104,NULL,'2025-03-28 13:32:42',NULL,NULL,NULL),
(710,42,104,35,220,NULL,'2025-03-28 13:32:42',NULL,NULL,NULL),
(711,42,70,42,107,NULL,'2025-03-28 13:32:42',NULL,NULL,NULL),
(712,42,107,42,70,NULL,'2025-03-28 13:32:42',NULL,NULL,NULL),
(713,42,71,42,107,NULL,'2025-03-28 13:32:42',NULL,NULL,NULL),
(714,42,107,42,71,NULL,'2025-03-28 13:32:42',NULL,NULL,NULL),
(715,32,244,42,110,NULL,'2025-03-28 13:32:42',NULL,NULL,NULL),
(716,42,110,32,244,NULL,'2025-03-28 13:32:42',NULL,NULL,NULL),
(717,32,245,42,110,NULL,'2025-03-28 13:32:42',NULL,NULL,NULL),
(718,42,110,32,245,NULL,'2025-03-28 13:32:42',NULL,NULL,NULL),
(719,42,76,42,113,NULL,'2025-03-28 13:32:43',NULL,NULL,NULL),
(720,42,113,42,76,NULL,'2025-03-28 13:32:43',NULL,NULL,NULL),
(721,42,77,42,113,NULL,'2025-03-28 13:32:43',NULL,NULL,NULL),
(722,42,113,42,77,NULL,'2025-03-28 13:32:43',NULL,NULL,NULL),
(723,38,11,42,116,NULL,'2025-03-28 13:32:43',NULL,NULL,NULL),
(724,42,116,38,11,NULL,'2025-03-28 13:32:43',NULL,NULL,NULL),
(725,38,12,42,116,NULL,'2025-03-28 13:32:43',NULL,NULL,NULL),
(726,42,116,38,12,NULL,'2025-03-28 13:32:43',NULL,NULL,NULL),
(727,38,12,42,119,NULL,'2025-03-28 13:32:43',NULL,NULL,NULL),
(728,42,119,38,12,NULL,'2025-03-28 13:32:43',NULL,NULL,NULL),
(729,38,13,42,119,NULL,'2025-03-28 13:32:43',NULL,NULL,NULL),
(730,42,119,38,13,NULL,'2025-03-28 13:32:43',NULL,NULL,NULL),
(731,32,154,42,122,NULL,'2025-03-28 13:32:43',NULL,NULL,NULL),
(732,42,122,32,154,NULL,'2025-03-28 13:32:43',NULL,NULL,NULL),
(733,32,155,42,122,NULL,'2025-03-28 13:32:43',NULL,NULL,NULL),
(734,42,122,32,155,NULL,'2025-03-28 13:32:43',NULL,NULL,NULL),
(735,35,185,42,124,NULL,'2025-03-28 13:32:43',NULL,NULL,NULL),
(736,42,124,35,185,NULL,'2025-03-28 13:32:43',NULL,NULL,NULL),
(737,35,186,42,124,NULL,'2025-03-28 13:32:43',NULL,NULL,NULL),
(738,42,124,35,186,NULL,'2025-03-28 13:32:43',NULL,NULL,NULL),
(739,32,281,42,126,NULL,'2025-03-28 13:32:43',NULL,NULL,NULL),
(740,42,126,32,281,NULL,'2025-03-28 13:32:43',NULL,NULL,NULL),
(741,32,282,42,126,NULL,'2025-03-28 13:32:43',NULL,NULL,NULL),
(742,42,126,32,282,NULL,'2025-03-28 13:32:43',NULL,NULL,NULL),
(743,32,119,42,128,NULL,'2025-03-28 13:32:43',NULL,NULL,NULL),
(744,42,128,32,119,NULL,'2025-03-28 13:32:43',NULL,NULL,NULL),
(745,32,120,42,128,NULL,'2025-03-28 13:32:43',NULL,NULL,NULL),
(746,42,128,32,120,NULL,'2025-03-28 13:32:43',NULL,NULL,NULL),
(747,32,431,42,131,NULL,'2025-03-28 13:32:44',NULL,NULL,NULL),
(748,42,131,32,431,NULL,'2025-03-28 13:32:44',NULL,NULL,NULL),
(749,32,432,42,131,NULL,'2025-03-28 13:32:44',NULL,NULL,NULL),
(750,42,131,32,432,NULL,'2025-03-28 13:32:44',NULL,NULL,NULL),
(751,32,150,42,134,NULL,'2025-03-28 13:32:44',NULL,NULL,NULL),
(752,42,134,32,150,NULL,'2025-03-28 13:32:44',NULL,NULL,NULL),
(753,32,151,42,134,NULL,'2025-03-28 13:32:44',NULL,NULL,NULL),
(754,42,134,32,151,NULL,'2025-03-28 13:32:44',NULL,NULL,NULL),
(755,32,125,42,137,NULL,'2025-03-28 13:32:44',NULL,NULL,NULL),
(756,42,137,32,125,NULL,'2025-03-28 13:32:44',NULL,NULL,NULL),
(757,32,126,42,137,NULL,'2025-03-28 13:32:44',NULL,NULL,NULL),
(758,42,137,32,126,NULL,'2025-03-28 13:32:44',NULL,NULL,NULL),
(759,32,113,42,139,NULL,'2025-03-28 13:32:44',NULL,NULL,NULL),
(760,42,139,32,113,NULL,'2025-03-28 13:32:44',NULL,NULL,NULL),
(761,32,114,42,139,NULL,'2025-03-28 13:32:44',NULL,NULL,NULL),
(762,42,139,32,114,NULL,'2025-03-28 13:32:44',NULL,NULL,NULL),
(763,32,498,42,141,NULL,'2025-03-28 13:32:44',NULL,NULL,NULL),
(764,42,141,32,498,NULL,'2025-03-28 13:32:44',NULL,NULL,NULL),
(765,32,499,42,141,NULL,'2025-03-28 13:32:44',NULL,NULL,NULL),
(766,42,141,32,499,NULL,'2025-03-28 13:32:44',NULL,NULL,NULL),
(767,32,108,42,144,NULL,'2025-03-28 13:32:44',NULL,NULL,NULL),
(768,42,144,32,108,NULL,'2025-03-28 13:32:44',NULL,NULL,NULL),
(769,32,109,42,144,NULL,'2025-03-28 13:32:44',NULL,NULL,NULL),
(770,42,144,32,109,NULL,'2025-03-28 13:32:44',NULL,NULL,NULL),
(771,32,445,42,147,NULL,'2025-03-28 13:32:44',NULL,NULL,NULL),
(772,42,147,32,445,NULL,'2025-03-28 13:32:44',NULL,NULL,NULL),
(773,32,446,42,147,NULL,'2025-03-28 13:32:44',NULL,NULL,NULL),
(774,42,147,32,446,NULL,'2025-03-28 13:32:44',NULL,NULL,NULL),
(775,32,264,42,150,NULL,'2025-03-28 13:32:44',NULL,NULL,NULL),
(776,42,150,32,264,NULL,'2025-03-28 13:32:44',NULL,NULL,NULL),
(777,32,265,42,150,NULL,'2025-03-28 13:32:44',NULL,NULL,NULL),
(778,42,150,32,265,NULL,'2025-03-28 13:32:44',NULL,NULL,NULL),
(779,32,466,42,152,NULL,'2025-03-28 13:32:45',NULL,NULL,NULL),
(780,42,152,32,466,NULL,'2025-03-28 13:32:45',NULL,NULL,NULL),
(781,32,467,42,152,NULL,'2025-03-28 13:32:45',NULL,NULL,NULL),
(782,42,152,32,467,NULL,'2025-03-28 13:32:45',NULL,NULL,NULL),
(783,32,45,42,155,NULL,'2025-03-28 13:32:45',NULL,NULL,NULL),
(784,42,155,32,45,NULL,'2025-03-28 13:32:45',NULL,NULL,NULL),
(785,32,46,42,155,NULL,'2025-03-28 13:32:45',NULL,NULL,NULL),
(786,42,155,32,46,NULL,'2025-03-28 13:32:45',NULL,NULL,NULL),
(787,32,130,42,157,NULL,'2025-03-28 13:32:45',NULL,NULL,NULL),
(788,42,157,32,130,NULL,'2025-03-28 13:32:45',NULL,NULL,NULL),
(789,32,131,42,157,NULL,'2025-03-28 13:32:45',NULL,NULL,NULL),
(790,42,157,32,131,NULL,'2025-03-28 13:32:45',NULL,NULL,NULL),
(791,42,24,42,160,NULL,'2025-03-28 13:32:45',NULL,NULL,NULL),
(792,42,160,42,24,NULL,'2025-03-28 13:32:45',NULL,NULL,NULL),
(793,42,25,42,160,NULL,'2025-03-28 13:32:45',NULL,NULL,NULL),
(794,42,160,42,25,NULL,'2025-03-28 13:32:45',NULL,NULL,NULL),
(795,35,183,42,163,NULL,'2025-03-28 13:32:45',NULL,NULL,NULL),
(796,42,163,35,183,NULL,'2025-03-28 13:32:45',NULL,NULL,NULL),
(797,35,184,42,163,NULL,'2025-03-28 13:32:45',NULL,NULL,NULL),
(798,42,163,35,184,NULL,'2025-03-28 13:32:45',NULL,NULL,NULL);
/*!40000 ALTER TABLE `core_link` ENABLE KEYS */;
UNLOCK TABLES;

--
-- Table structure for table `core_module`
--

DROP TABLE IF EXISTS `core_module`;
/*!40101 SET @saved_cs_client     = @@character_set_client */;
/*!40101 SET character_set_client = utf8 */;
CREATE TABLE `core_module` (
  `id` int(11) NOT NULL AUTO_INCREMENT,
  `name` varchar(100) NOT NULL DEFAULT '',
  `package` varchar(100) DEFAULT NULL,
  `version` int(11) NOT NULL,
  `sort_order` int(11) NOT NULL DEFAULT 0,
  `admin_menu` tinyint(1) NOT NULL DEFAULT 0,
  `enabled` tinyint(1) NOT NULL DEFAULT 1,
  `modifiedAt` datetime DEFAULT NULL,
  `modSeq` int(11) DEFAULT NULL,
  `deletedAt` datetime DEFAULT NULL,
  `shadowAclId` int(11) DEFAULT NULL,
  PRIMARY KEY (`id`),
  UNIQUE KEY `name` (`name`),
  KEY `core_module_core_acl_id_fk` (`shadowAclId`),
  CONSTRAINT `core_module_core_acl_id_fk` FOREIGN KEY (`shadowAclId`) REFERENCES `core_acl` (`id`)
) ENGINE=InnoDB AUTO_INCREMENT=25 DEFAULT CHARSET=utf8mb4 COLLATE=utf8mb4_unicode_ci;
/*!40101 SET character_set_client = @saved_cs_client */;

--
-- Dumping data for table `core_module`
--

LOCK TABLES `core_module` WRITE;
/*!40000 ALTER TABLE `core_module` DISABLE KEYS */;
INSERT INTO `core_module` VALUES
(1,'core','core',413,0,0,1,NULL,NULL,NULL,25),
(2,'addressbook','community',93,101,0,1,NULL,NULL,NULL,26),
(3,'bookmarks','community',11,102,0,1,NULL,NULL,NULL,28),
(4,'carddav','community',0,103,0,1,NULL,NULL,NULL,29),
(5,'comments','community',40,104,0,1,NULL,NULL,NULL,30),
(6,'history','community',14,105,0,1,NULL,NULL,NULL,32),
(7,'notes','community',60,106,0,1,NULL,NULL,NULL,34),
(8,'otp','community',8,107,0,1,NULL,NULL,NULL,35),
(9,'pwned','community',0,108,0,1,NULL,NULL,NULL,36),
(10,'tasks','community',48,109,0,1,NULL,NULL,NULL,37),
(11,'dav',NULL,1,110,0,1,'2025-03-28 13:31:56',NULL,NULL,38),
(12,'sync',NULL,59,110,0,1,'2025-03-28 13:31:56',NULL,NULL,39),
(13,'calendar',NULL,188,110,0,1,'2025-03-28 13:31:56',NULL,NULL,40),
(14,'caldav',NULL,33,110,0,1,'2025-03-28 13:31:56',NULL,NULL,41),
(15,'email',NULL,122,110,0,1,'2025-03-28 13:31:56',NULL,NULL,42),
(16,'files',NULL,144,110,0,1,'2025-03-28 13:31:57',NULL,NULL,17),
(17,'jitsimeet',NULL,0,110,0,1,'2025-03-28 13:31:57',NULL,NULL,43),
(18,'sieve',NULL,0,110,0,1,'2025-03-28 13:31:57',NULL,NULL,44),
(19,'summary',NULL,32,110,0,1,'2025-03-28 13:31:57',NULL,NULL,45),
(20,'zpushadmin',NULL,8,110,1,1,'2025-03-28 13:31:58',NULL,NULL,46),
(21,'assistant',NULL,0,110,0,1,'2025-03-28 13:34:50',NULL,NULL,112),
(22,'onlyoffice','business',3,110,0,1,NULL,NULL,NULL,113),
(23,'wopi','business',12,111,0,1,NULL,NULL,NULL,115),
(24,'postfixadmin',NULL,47,112,0,1,'2025-03-31 14:21:41',NULL,NULL,127);
/*!40000 ALTER TABLE `core_module` ENABLE KEYS */;
UNLOCK TABLES;

--
-- Table structure for table `core_oauth_access_token`
--

DROP TABLE IF EXISTS `core_oauth_access_token`;
/*!40101 SET @saved_cs_client     = @@character_set_client */;
/*!40101 SET character_set_client = utf8 */;
CREATE TABLE `core_oauth_access_token` (
  `identifier` varchar(128) CHARACTER SET ascii COLLATE ascii_bin NOT NULL,
  `expiryDateTime` datetime DEFAULT NULL,
  `userIdentifier` int(11) NOT NULL,
  `clientId` int(11) NOT NULL,
  PRIMARY KEY (`identifier`),
  KEY `userIdentifier` (`userIdentifier`),
  KEY `clientId` (`clientId`),
  CONSTRAINT `core_oauth_access_token_ibfk_2` FOREIGN KEY (`userIdentifier`) REFERENCES `core_user` (`id`) ON DELETE CASCADE,
  CONSTRAINT `core_oauth_access_token_ibfk_3` FOREIGN KEY (`clientId`) REFERENCES `core_oauth_client` (`id`) ON DELETE CASCADE
) ENGINE=InnoDB DEFAULT CHARSET=utf8mb4 COLLATE=utf8mb4_unicode_ci;
/*!40101 SET character_set_client = @saved_cs_client */;

--
-- Dumping data for table `core_oauth_access_token`
--

LOCK TABLES `core_oauth_access_token` WRITE;
/*!40000 ALTER TABLE `core_oauth_access_token` DISABLE KEYS */;
/*!40000 ALTER TABLE `core_oauth_access_token` ENABLE KEYS */;
UNLOCK TABLES;

--
-- Table structure for table `core_oauth_auth_codes`
--

DROP TABLE IF EXISTS `core_oauth_auth_codes`;
/*!40101 SET @saved_cs_client     = @@character_set_client */;
/*!40101 SET character_set_client = utf8 */;
CREATE TABLE `core_oauth_auth_codes` (
  `id` int(11) NOT NULL AUTO_INCREMENT,
  `clientId` int(11) NOT NULL,
  `identifier` varchar(128) CHARACTER SET ascii COLLATE ascii_bin NOT NULL,
  `userIdentifier` int(11) NOT NULL,
  `expiryDateTime` datetime NOT NULL,
  `nonce` varchar(255) DEFAULT NULL,
  PRIMARY KEY (`id`)
) ENGINE=InnoDB DEFAULT CHARSET=utf8mb4 COLLATE=utf8mb4_unicode_ci;
/*!40101 SET character_set_client = @saved_cs_client */;

--
-- Dumping data for table `core_oauth_auth_codes`
--

LOCK TABLES `core_oauth_auth_codes` WRITE;
/*!40000 ALTER TABLE `core_oauth_auth_codes` DISABLE KEYS */;
/*!40000 ALTER TABLE `core_oauth_auth_codes` ENABLE KEYS */;
UNLOCK TABLES;

--
-- Table structure for table `core_oauth_client`
--

DROP TABLE IF EXISTS `core_oauth_client`;
/*!40101 SET @saved_cs_client     = @@character_set_client */;
/*!40101 SET character_set_client = utf8 */;
CREATE TABLE `core_oauth_client` (
  `id` int(11) NOT NULL AUTO_INCREMENT,
  `identifier` varchar(128) CHARACTER SET ascii COLLATE ascii_bin NOT NULL,
  `isConfidential` tinyint(1) NOT NULL,
  `name` varchar(128) NOT NULL,
  `redirectUri` text NOT NULL,
  `secret` varchar(128) CHARACTER SET ascii COLLATE ascii_bin DEFAULT NULL,
  PRIMARY KEY (`id`)
) ENGINE=InnoDB DEFAULT CHARSET=utf8mb4 COLLATE=utf8mb4_unicode_ci;
/*!40101 SET character_set_client = @saved_cs_client */;

--
-- Dumping data for table `core_oauth_client`
--

LOCK TABLES `core_oauth_client` WRITE;
/*!40000 ALTER TABLE `core_oauth_client` DISABLE KEYS */;
/*!40000 ALTER TABLE `core_oauth_client` ENABLE KEYS */;
UNLOCK TABLES;

--
-- Table structure for table `core_pdf_block`
--

DROP TABLE IF EXISTS `core_pdf_block`;
/*!40101 SET @saved_cs_client     = @@character_set_client */;
/*!40101 SET character_set_client = utf8 */;
CREATE TABLE `core_pdf_block` (
  `id` bigint(20) unsigned NOT NULL AUTO_INCREMENT,
  `pdfTemplateId` bigint(20) unsigned NOT NULL,
  `x` int(11) DEFAULT NULL,
  `y` int(11) DEFAULT NULL,
  `width` int(11) DEFAULT NULL,
  `height` int(11) DEFAULT NULL,
  `align` enum('L','C','R','J') NOT NULL DEFAULT 'L',
  `content` text NOT NULL,
  `type` varchar(50) NOT NULL DEFAULT 'text',
  PRIMARY KEY (`id`),
  KEY `pdfTemplateId` (`pdfTemplateId`),
  CONSTRAINT `core_pdf_block_ibfk_1` FOREIGN KEY (`pdfTemplateId`) REFERENCES `core_pdf_template` (`id`) ON DELETE CASCADE
) ENGINE=InnoDB DEFAULT CHARSET=utf8mb4 COLLATE=utf8mb4_unicode_ci;
/*!40101 SET character_set_client = @saved_cs_client */;

--
-- Dumping data for table `core_pdf_block`
--

LOCK TABLES `core_pdf_block` WRITE;
/*!40000 ALTER TABLE `core_pdf_block` DISABLE KEYS */;
/*!40000 ALTER TABLE `core_pdf_block` ENABLE KEYS */;
UNLOCK TABLES;

--
-- Table structure for table `core_pdf_template`
--

DROP TABLE IF EXISTS `core_pdf_template`;
/*!40101 SET @saved_cs_client     = @@character_set_client */;
/*!40101 SET character_set_client = utf8 */;
CREATE TABLE `core_pdf_template` (
  `id` bigint(20) unsigned NOT NULL AUTO_INCREMENT,
  `moduleId` int(11) NOT NULL,
  `key` varchar(20) CHARACTER SET ascii COLLATE ascii_bin DEFAULT NULL,
  `language` varchar(20) NOT NULL DEFAULT 'en',
  `name` varchar(50) NOT NULL,
  `stationaryBlobId` binary(40) DEFAULT NULL,
  `logoBlobId` binary(40) DEFAULT NULL,
  `landscape` tinyint(1) NOT NULL DEFAULT 0,
  `pageSize` varchar(20) NOT NULL DEFAULT 'A4',
  `measureUnit` enum('mm','pt','cm','in') NOT NULL DEFAULT 'mm',
  `marginTop` decimal(19,4) NOT NULL DEFAULT 20.0000,
  `marginRight` decimal(19,4) NOT NULL DEFAULT 10.0000,
  `marginBottom` decimal(19,4) NOT NULL DEFAULT 20.0000,
  `marginLeft` decimal(19,4) NOT NULL DEFAULT 10.0000,
  `header` text DEFAULT NULL,
  `headerX` decimal(19,4) DEFAULT 0.0000,
  `headerY` decimal(19,4) DEFAULT 10.0000,
  `footer` text DEFAULT NULL,
  `footerX` decimal(19,4) DEFAULT 0.0000,
  `footerY` decimal(19,4) DEFAULT -20.0000,
  `fontFamily` varchar(100) NOT NULL DEFAULT 'dejavusans',
  `fontSize` tinyint(4) DEFAULT 10,
  PRIMARY KEY (`id`),
  KEY `core_pdf_template_core_blob_id_fk` (`logoBlobId`),
  KEY `core_pdf_template_key_index` (`moduleId`,`key`),
  KEY `stationaryBlobId` (`stationaryBlobId`),
  CONSTRAINT `core_pdf_template_core_blob_id_fk` FOREIGN KEY (`logoBlobId`) REFERENCES `core_blob` (`id`),
  CONSTRAINT `core_pdf_template_ibfk_1` FOREIGN KEY (`moduleId`) REFERENCES `core_module` (`id`) ON DELETE CASCADE,
  CONSTRAINT `core_pdf_template_ibfk_2` FOREIGN KEY (`stationaryBlobId`) REFERENCES `core_blob` (`id`)
) ENGINE=InnoDB DEFAULT CHARSET=utf8mb4 COLLATE=utf8mb4_unicode_ci;
/*!40101 SET character_set_client = @saved_cs_client */;

--
-- Dumping data for table `core_pdf_template`
--

LOCK TABLES `core_pdf_template` WRITE;
/*!40000 ALTER TABLE `core_pdf_template` DISABLE KEYS */;
/*!40000 ALTER TABLE `core_pdf_template` ENABLE KEYS */;
UNLOCK TABLES;

--
-- Table structure for table `core_permission`
--

DROP TABLE IF EXISTS `core_permission`;
/*!40101 SET @saved_cs_client     = @@character_set_client */;
/*!40101 SET character_set_client = utf8 */;
CREATE TABLE `core_permission` (
  `moduleId` int(11) NOT NULL,
  `groupId` int(11) NOT NULL,
  `rights` bigint(20) NOT NULL DEFAULT 0,
  PRIMARY KEY (`moduleId`,`groupId`),
  KEY `fk_permission_group_idx` (`groupId`),
  CONSTRAINT `fk_permission_group` FOREIGN KEY (`groupId`) REFERENCES `core_group` (`id`) ON DELETE CASCADE ON UPDATE NO ACTION,
  CONSTRAINT `fk_permission_module` FOREIGN KEY (`moduleId`) REFERENCES `core_module` (`id`) ON DELETE CASCADE ON UPDATE NO ACTION
) ENGINE=InnoDB DEFAULT CHARSET=utf8mb4 COLLATE=utf8mb4_unicode_ci;
/*!40101 SET character_set_client = @saved_cs_client */;

--
-- Dumping data for table `core_permission`
--

LOCK TABLES `core_permission` WRITE;
/*!40000 ALTER TABLE `core_permission` DISABLE KEYS */;
INSERT INTO `core_permission` VALUES
(1,2,0),
(2,3,2),
(3,3,0),
(4,3,0),
(5,3,0),
(7,3,1),
(8,3,0),
(10,3,1),
(11,3,0),
(12,3,0),
(13,3,0),
(14,3,0),
(15,3,0),
(16,3,2),
(17,3,0),
(18,3,0),
(19,3,0),
(21,3,0),
(22,3,2),
(23,3,0),
(24,3,0);
/*!40000 ALTER TABLE `core_permission` ENABLE KEYS */;
UNLOCK TABLES;

--
-- Table structure for table `core_search`
--

DROP TABLE IF EXISTS `core_search`;
/*!40101 SET @saved_cs_client     = @@character_set_client */;
/*!40101 SET character_set_client = utf8 */;
CREATE TABLE `core_search` (
  `id` int(11) NOT NULL AUTO_INCREMENT,
  `entityId` int(11) NOT NULL,
  `moduleId` int(11) DEFAULT NULL,
  `name` varchar(100) DEFAULT NULL,
  `description` varchar(190) NOT NULL DEFAULT '',
  `entityTypeId` int(11) NOT NULL,
  `filter` varchar(190) DEFAULT NULL,
  `modifiedAt` datetime DEFAULT NULL,
  `aclId` int(11) NOT NULL,
  `rebuild` tinyint(1) NOT NULL DEFAULT 0,
  PRIMARY KEY (`id`),
  UNIQUE KEY `entityId` (`entityId`,`entityTypeId`),
  KEY `acl_id` (`aclId`),
  KEY `moduleId` (`moduleId`),
  KEY `entityTypeId` (`entityTypeId`),
  KEY `core_search_entityTypeId_filter_modifiedAt_aclId_index` (`entityTypeId`,`filter`,`modifiedAt`,`aclId`),
  KEY `core_search_filter_index` (`filter`),
  CONSTRAINT `core_search_ibfk_1` FOREIGN KEY (`entityTypeId`) REFERENCES `core_entity` (`id`) ON DELETE CASCADE ON UPDATE CASCADE,
  CONSTRAINT `core_search_ibfk_2` FOREIGN KEY (`aclId`) REFERENCES `core_acl` (`id`) ON DELETE CASCADE
) ENGINE=InnoDB AUTO_INCREMENT=900 DEFAULT CHARSET=utf8mb4 COLLATE=utf8mb4_unicode_ci ROW_FORMAT=DYNAMIC;
/*!40101 SET character_set_client = @saved_cs_client */;

--
-- Dumping data for table `core_search`
--

LOCK TABLES `core_search` WRITE;
/*!40000 ALTER TABLE `core_search` DISABLE KEYS */;
INSERT INTO `core_search` VALUES
(1,2,16,'admin','users/admin',44,NULL,'2025-03-31 13:08:31',18,0),
(2,3,16,'Public','users/admin/Public',44,NULL,'2025-03-28 13:09:40',19,0),
(3,1,2,'System Administrator','Users',28,'isContact','2025-03-28 13:32:12',21,0),
(4,5,16,'System Administrator','calendar/System Administrator',44,NULL,'2025-03-28 13:32:13',47,0),
(5,2,2,'Mr. Broderick Hauck','Users',28,'isContact','2025-03-28 13:32:20',21,0),
(6,6,16,'Mr. Broderick Hauck','calendar/Mr. Broderick Hauck',44,NULL,'2025-03-28 13:32:20',51,0),
(7,3,2,'Mr. Jedidiah Tromp','Users',28,'isContact','2025-03-28 13:32:20',21,0),
(8,7,16,'Mr. Jedidiah Tromp','calendar/Mr. Jedidiah Tromp',44,NULL,'2025-03-28 13:32:20',58,0),
(9,4,2,'Ashlee Beier','Users',28,'isContact','2025-03-28 13:32:20',21,0),
(10,8,16,'Ashlee Beier','calendar/Ashlee Beier',44,NULL,'2025-03-28 13:32:20',63,0),
(11,5,2,'Tony Howe','Users - Carter Inc',28,'isContact','2025-03-28 13:32:20',21,0),
(12,9,16,'Tony Howe','calendar/Tony Howe',44,NULL,'2025-03-28 13:32:20',68,0),
(13,6,2,'Prof. Johnny Kirlin','Users',28,'isContact','2025-03-28 13:32:21',21,0),
(14,10,16,'Prof. Johnny Kirlin','calendar/Prof. Johnny Kirlin',44,NULL,'2025-03-28 13:32:21',73,0),
(15,7,2,'Burdette Stamm','Users',28,'isContact','2025-03-28 13:32:21',21,0),
(16,11,16,'Burdette Stamm','calendar/Burdette Stamm',44,NULL,'2025-03-28 13:32:21',78,0),
(17,8,2,'Camron Heller Sr.','Users',28,'isContact','2025-03-28 13:32:21',21,0),
(18,12,16,'Camron Heller Sr','calendar/Camron Heller Sr',44,NULL,'2025-03-28 13:32:21',83,0),
(19,9,2,'Mr. Shayne Zemlak','Users',28,'isContact','2025-03-28 13:32:21',21,0),
(20,13,16,'Mr. Shayne Zemlak','calendar/Mr. Shayne Zemlak',44,NULL,'2025-03-28 13:32:21',88,0),
(21,10,2,'Mrs. Elizabeth Cartwright','Users',28,'isContact','2025-03-28 13:32:21',21,0),
(22,14,16,'Mrs. Elizabeth Cartwright','calendar/Mrs. Elizabeth Cartwright',44,NULL,'2025-03-28 13:32:22',93,0),
(23,11,2,'Prof. Simone Kirlin Jr.','Users - Conn LLC, Mante Ltd',28,'isContact','2025-03-28 13:32:22',21,0),
(24,15,16,'Prof. Simone Kirlin Jr','calendar/Prof. Simone Kirlin Jr',44,NULL,'2025-03-28 13:32:22',98,0),
(25,12,2,'Nicklaus Durgan','Users - Emmerich Ltd',28,'isContact','2025-03-28 13:32:22',21,0),
(26,16,16,'Nicklaus Durgan','calendar/Nicklaus Durgan',44,NULL,'2025-03-28 13:32:22',103,0),
(27,13,2,'Conn LLC','Shared - scale e-business applications',28,'isOrganization','2025-03-28 13:32:22',10,0),
(28,1,5,'Conn LLC','Hatter: and in despair she put her hand on the English coast you find a thing,\' said the...',32,NULL,'2025-03-28 13:32:22',10,0),
(29,2,5,'Conn LLC','I learn music.\' \'Ah! that accounts for it,\' said Five, in a pleased tone. \'Pray don\'t trouble...',32,NULL,'2025-03-28 13:32:22',10,0),
(30,14,2,'Aubrey Gislason','Shared - Conn LLC',28,'isContact','2025-03-28 13:32:22',10,0),
(31,3,5,'Aubrey Gislason','White Rabbit was still in existence; \'and now for the moment how large she had asked it aloud;...',32,NULL,'2025-03-28 13:32:22',10,0),
(32,15,2,'Wolf-Ortiz','Shared - revolutionize next-generation models',28,'isOrganization','2025-03-28 13:32:23',10,0),
(33,4,5,'Wolf-Ortiz','Let me think: was I the same solemn tone, \'For the Duchess. \'I make you grow shorter.\' \'One side...',32,NULL,'2025-03-28 13:32:23',10,0),
(34,5,5,'Wolf-Ortiz','Alice in a shrill, passionate voice. \'Would YOU like cats if you cut your finger VERY deeply...',32,NULL,'2025-03-28 13:32:23',10,0),
(35,6,5,'Wolf-Ortiz','She was looking at it uneasily, shaking it every now and then raised himself upon tiptoe, put...',32,NULL,'2025-03-28 13:32:23',10,0),
(36,16,2,'Paige Homenick','Shared - Wolf-Ortiz',28,'isContact','2025-03-28 13:32:23',10,0),
(37,7,5,'Paige Homenick','White Rabbit was still in existence; \'and now for the moment how large she had asked it aloud;...',32,NULL,'2025-03-28 13:32:23',10,0),
(38,8,5,'Paige Homenick','YOU, and no room to grow up again! Let me see: that would be grand, certainly,\' said Alice, who...',32,NULL,'2025-03-28 13:32:23',10,0),
(39,9,5,'Paige Homenick','She said this last remark, \'it\'s a vegetable. It doesn\'t look like it?\' he said. \'Fifteenth,\'...',32,NULL,'2025-03-28 13:32:23',10,0),
(40,17,2,'Emmerich Ltd','Shared - synergize intuitive e-business',28,'isOrganization','2025-03-28 13:32:23',10,0),
(41,10,5,'Emmerich Ltd','White Rabbit was still in existence; \'and now for the moment how large she had asked it aloud;...',32,NULL,'2025-03-28 13:32:23',10,0),
(42,11,5,'Emmerich Ltd','WILL be a person of authority over Alice. \'Stand up and to hear it say, as it spoke. \'As wet as...',32,NULL,'2025-03-28 13:32:23',10,0),
(43,18,2,'Laverna Jones','Shared - Emmerich Ltd',28,'isContact','2025-03-28 13:32:23',10,0),
(44,12,5,'Laverna Jones','White Rabbit was still in existence; \'and now for the moment how large she had asked it aloud;...',32,NULL,'2025-03-28 13:32:23',10,0),
(45,13,5,'Laverna Jones','She was looking at it uneasily, shaking it every now and then raised himself upon tiptoe, put...',32,NULL,'2025-03-28 13:32:23',10,0),
(46,14,5,'Laverna Jones','Rabbit\'s voice; and the Mock Turtle. \'Seals, turtles, salmon, and so on; then, when you\'ve...',32,NULL,'2025-03-28 13:32:23',10,0),
(47,19,2,'Mante Ltd','Shared - productize granular relationships',28,'isOrganization','2025-03-28 13:32:23',10,0),
(48,15,5,'Mante Ltd','Alice looked down at her side. She was close behind it when she had gone through that day. \'That...',32,NULL,'2025-03-28 13:32:23',10,0),
(49,20,2,'Mathew Corwin','Shared - Mante Ltd, Swift-Parker',28,'isContact','2025-03-28 13:32:23',10,0),
(50,16,5,'Mathew Corwin','Alice in a shrill, passionate voice. \'Would YOU like cats if you cut your finger VERY deeply...',32,NULL,'2025-03-28 13:32:23',10,0),
(51,17,5,'Mathew Corwin','WILL be a person of authority over Alice. \'Stand up and to hear it say, as it spoke. \'As wet as...',32,NULL,'2025-03-28 13:32:23',10,0),
(52,18,5,'Mathew Corwin','There ought to be almost out of its right ear and left off sneezing by this time). \'Don\'t...',32,NULL,'2025-03-28 13:32:23',10,0),
(53,21,2,'Swift-Parker','Shared - engineer sticky content',28,'isOrganization','2025-03-28 13:32:23',10,0),
(54,19,5,'Swift-Parker','WHAT? The other guests had taken his watch out of the cattle in the air: it puzzled her very...',32,NULL,'2025-03-28 13:32:23',10,0),
(55,20,5,'Swift-Parker','WHAT? The other guests had taken his watch out of the cattle in the air: it puzzled her very...',32,NULL,'2025-03-28 13:32:23',10,0),
(56,21,5,'Swift-Parker','Hatter: and in despair she put her hand on the English coast you find a thing,\' said the...',32,NULL,'2025-03-28 13:32:23',10,0),
(57,22,2,'Taylor Vandervort','Shared - Swift-Parker',28,'isContact','2025-03-28 13:32:24',10,0),
(58,22,5,'Taylor Vandervort','It was the first verse,\' said the Dormouse; \'VERY ill.\' Alice tried to curtsey as she could, \'If...',32,NULL,'2025-03-28 13:32:23',10,0),
(59,23,5,'Taylor Vandervort','Rabbit\'s voice; and the Mock Turtle. \'Seals, turtles, salmon, and so on; then, when you\'ve...',32,NULL,'2025-03-28 13:32:24',10,0),
(60,24,5,'Taylor Vandervort','There ought to be almost out of its right ear and left off sneezing by this time). \'Don\'t...',32,NULL,'2025-03-28 13:32:24',10,0),
(61,25,5,'Taylor Vandervort','YOU, and no room to grow up again! Let me see: that would be grand, certainly,\' said Alice, who...',32,NULL,'2025-03-28 13:32:24',10,0),
(62,26,5,'Taylor Vandervort','Alice in a shrill, passionate voice. \'Would YOU like cats if you cut your finger VERY deeply...',32,NULL,'2025-03-28 13:32:24',10,0),
(63,23,2,'Gutmann, Yost and Shanahan','Shared - cultivate virtual content',28,'isOrganization','2025-03-28 13:32:24',10,0),
(64,27,5,'Gutmann, Yost and Shanahan','Alice looked down at her side. She was close behind it when she had gone through that day. \'That...',32,NULL,'2025-03-28 13:32:24',10,0),
(65,28,5,'Gutmann, Yost and Shanahan','I\'ve tried to say than his first speech. \'You should learn not to be a very curious to know your...',32,NULL,'2025-03-28 13:32:24',10,0),
(66,29,5,'Gutmann, Yost and Shanahan','White Rabbit was still in existence; \'and now for the moment how large she had asked it aloud;...',32,NULL,'2025-03-28 13:32:24',10,0),
(67,24,2,'Sam Reinger','Shared - Gutmann, Yost and Shanahan',28,'isContact','2025-03-28 13:32:24',10,0),
(68,30,5,'Sam Reinger','She was looking at it uneasily, shaking it every now and then raised himself upon tiptoe, put...',32,NULL,'2025-03-28 13:32:24',10,0),
(69,25,2,'Lindgren LLC','Shared - engage B2C e-services',28,'isOrganization','2025-03-28 13:32:24',10,0),
(70,31,5,'Lindgren LLC','WILL be a person of authority over Alice. \'Stand up and to hear it say, as it spoke. \'As wet as...',32,NULL,'2025-03-28 13:32:24',10,0),
(71,32,5,'Lindgren LLC','Involved in this way! Stop this moment, and fetch me a pair of the room again, no wonder she...',32,NULL,'2025-03-28 13:32:24',10,0),
(72,33,5,'Lindgren LLC','It was the first verse,\' said the Dormouse; \'VERY ill.\' Alice tried to curtsey as she could, \'If...',32,NULL,'2025-03-28 13:32:24',10,0),
(73,34,5,'Lindgren LLC','ALL RETURNED FROM HIM TO YOU,\"\' said Alice. \'Of course twinkling begins with a trumpet in one...',32,NULL,'2025-03-28 13:32:24',10,0),
(74,26,2,'Valentin Volkman','Shared - Lindgren LLC',28,'isContact','2025-03-28 13:32:24',10,0),
(75,35,5,'Valentin Volkman','Alice looked down at her side. She was close behind it when she had gone through that day. \'That...',32,NULL,'2025-03-28 13:32:24',10,0),
(76,36,5,'Valentin Volkman','Let me think: was I the same solemn tone, \'For the Duchess. \'I make you grow shorter.\' \'One side...',32,NULL,'2025-03-28 13:32:24',10,0),
(77,37,5,'Valentin Volkman','Let me think: was I the same solemn tone, \'For the Duchess. \'I make you grow shorter.\' \'One side...',32,NULL,'2025-03-28 13:32:24',10,0),
(78,38,5,'Valentin Volkman','Rabbit\'s voice; and the Mock Turtle. \'Seals, turtles, salmon, and so on; then, when you\'ve...',32,NULL,'2025-03-28 13:32:24',10,0),
(79,27,2,'Carter Inc','Shared - implement clicks-and-mortar portals',28,'isOrganization','2025-03-28 13:32:24',10,0),
(80,39,5,'Carter Inc','Still she went on, \'What HAVE you been doing here?\' \'May it please your Majesty,\' said the March...',32,NULL,'2025-03-28 13:32:24',10,0),
(81,28,2,'Amaya Witting','Shared - Carter Inc',28,'isContact','2025-03-28 13:32:24',10,0),
(82,40,5,'Amaya Witting','She was looking at it uneasily, shaking it every now and then raised himself upon tiptoe, put...',32,NULL,'2025-03-28 13:32:24',10,0),
(83,29,2,'Dickens, Kutch and Wisoky','Shared - deliver mission-critical functionalities',28,'isOrganization','2025-03-28 13:32:25',10,0),
(84,41,5,'Dickens, Kutch and Wisoky','Let me think: was I the same solemn tone, \'For the Duchess. \'I make you grow shorter.\' \'One side...',32,NULL,'2025-03-28 13:32:24',10,0),
(85,42,5,'Dickens, Kutch and Wisoky','Let me think: was I the same solemn tone, \'For the Duchess. \'I make you grow shorter.\' \'One side...',32,NULL,'2025-03-28 13:32:25',10,0),
(86,43,5,'Dickens, Kutch and Wisoky','Alice looked down at her side. She was close behind it when she had gone through that day. \'That...',32,NULL,'2025-03-28 13:32:25',10,0),
(87,44,5,'Dickens, Kutch and Wisoky','Involved in this way! Stop this moment, and fetch me a pair of the room again, no wonder she...',32,NULL,'2025-03-28 13:32:25',10,0),
(88,45,5,'Dickens, Kutch and Wisoky','I\'ve tried to say than his first speech. \'You should learn not to be a very curious to know your...',32,NULL,'2025-03-28 13:32:25',10,0),
(89,30,2,'Stephanie Donnelly','Shared - Dickens, Kutch and Wisoky',28,'isContact','2025-03-28 13:32:25',10,0),
(90,46,5,'Stephanie Donnelly','I\'ve tried to say than his first speech. \'You should learn not to be a very curious to know your...',32,NULL,'2025-03-28 13:32:25',10,0),
(91,47,5,'Stephanie Donnelly','She said this last remark, \'it\'s a vegetable. It doesn\'t look like it?\' he said. \'Fifteenth,\'...',32,NULL,'2025-03-28 13:32:25',10,0),
(92,31,2,'Lowe-Koepp','Shared - deploy robust experiences',28,'isOrganization','2025-03-28 13:32:25',10,0),
(93,48,5,'Lowe-Koepp','Rabbit\'s voice; and the Mock Turtle. \'Seals, turtles, salmon, and so on; then, when you\'ve...',32,NULL,'2025-03-28 13:32:25',10,0),
(94,49,5,'Lowe-Koepp','ALL RETURNED FROM HIM TO YOU,\"\' said Alice. \'Of course twinkling begins with a trumpet in one...',32,NULL,'2025-03-28 13:32:25',10,0),
(95,32,2,'Brenna Schuster','Shared - Wolf-Ortiz, Lowe-Koepp',28,'isContact','2025-03-28 13:32:25',10,0),
(96,50,5,'Brenna Schuster','Rabbit\'s voice; and the Mock Turtle. \'Seals, turtles, salmon, and so on; then, when you\'ve...',32,NULL,'2025-03-28 13:32:25',10,0),
(97,51,5,'Brenna Schuster','YOU, and no room to grow up again! Let me see: that would be grand, certainly,\' said Alice, who...',32,NULL,'2025-03-28 13:32:25',10,0),
(98,52,5,'Brenna Schuster','YOU, and no room to grow up again! Let me see: that would be grand, certainly,\' said Alice, who...',32,NULL,'2025-03-28 13:32:25',10,0),
(99,173,7,'Duchess sneezed','The Duchess took no notice of her going, though she looked down at them, and the Hatter and the great puzzle!\' And she began very cautiously: \'But I don\'t like them!\' When the procession...',35,NULL,'2025-03-14 22:39:58',12,0),
(100,53,5,'Duchess sneezed','I\'ve tried to say than his first speech. \'You should learn not to be a very curious to know your...',32,NULL,'2025-03-28 13:32:25',12,0),
(101,174,7,'White Rabbit was no','Oh, how I wish you would have appeared to them she heard the Queen\'s shrill cries to the garden door. Poor Alice! It was so large a house, that she had expected: before she found she had...',35,NULL,'2025-01-14 19:07:04',12,0),
(102,54,5,'White Rabbit was no','White Rabbit was still in existence; \'and now for the moment how large she had asked it aloud;...',32,NULL,'2025-03-28 13:32:25',12,0),
(103,55,5,'White Rabbit was no','I\'ve tried to say than his first speech. \'You should learn not to be a very curious to know your...',32,NULL,'2025-03-28 13:32:25',12,0),
(104,175,7,'At last the Gryphon','Trims his belt and his friends shared their never-ending meal, and the words a little, and then quietly marched off after the candle is blown out, for she was dozing off, and Alice...',35,NULL,'2025-01-17 16:15:19',12,0),
(105,56,5,'At last the Gryphon','Let me think: was I the same solemn tone, \'For the Duchess. \'I make you grow shorter.\' \'One side...',32,NULL,'2025-03-28 13:32:25',12,0),
(106,57,5,'At last the Gryphon','It was the first verse,\' said the Dormouse; \'VERY ill.\' Alice tried to curtsey as she could, \'If...',32,NULL,'2025-03-28 13:32:25',12,0),
(107,176,7,'English!\' said the','Oh, how I wish you would have appeared to them she heard the Queen\'s shrill cries to the garden door. Poor Alice! It was so large a house, that she had expected: before she found she had...',35,NULL,'2024-08-31 04:19:09',12,0),
(108,58,5,'English!\' said the','Dormouse shall!\' they both bowed low, and their curls got entangled together. Alice laughed so...',32,NULL,'2025-03-28 13:32:25',12,0),
(109,59,5,'English!\' said the','It was the first verse,\' said the Dormouse; \'VERY ill.\' Alice tried to curtsey as she could, \'If...',32,NULL,'2025-03-28 13:32:25',12,0),
(110,60,5,'English!\' said the','Still she went on, \'What HAVE you been doing here?\' \'May it please your Majesty,\' said the March...',32,NULL,'2025-03-28 13:32:25',12,0),
(111,61,5,'English!\' said the','Involved in this way! Stop this moment, and fetch me a pair of the room again, no wonder she...',32,NULL,'2025-03-28 13:32:25',12,0),
(112,62,5,'English!\' said the','Alice in a shrill, passionate voice. \'Would YOU like cats if you cut your finger VERY deeply...',32,NULL,'2025-03-28 13:32:25',12,0),
(113,177,7,'Latitude was, or','English!\' said the Eaglet. \'I don\'t know what \"it\" means well enough, when I got up and to her lips. \'I know SOMETHING interesting is sure to happen,\' she said to herself how she would...',35,NULL,'2025-03-14 08:56:20',55,0),
(114,63,5,'Latitude was, or','She was looking at it uneasily, shaking it every now and then raised himself upon tiptoe, put...',32,NULL,'2025-03-28 13:32:25',55,0),
(115,64,5,'Latitude was, or','I\'ve tried to say than his first speech. \'You should learn not to be a very curious to know your...',32,NULL,'2025-03-28 13:32:25',55,0),
(116,65,5,'Latitude was, or','Alice in a shrill, passionate voice. \'Would YOU like cats if you cut your finger VERY deeply...',32,NULL,'2025-03-28 13:32:25',55,0),
(117,66,5,'Latitude was, or','Hatter: and in despair she put her hand on the English coast you find a thing,\' said the...',32,NULL,'2025-03-28 13:32:25',55,0),
(118,67,5,'Latitude was, or','ALL RETURNED FROM HIM TO YOU,\"\' said Alice. \'Of course twinkling begins with a trumpet in one...',32,NULL,'2025-03-28 13:32:25',55,0),
(119,178,7,'March Hare said--\'','The Duchess took no notice of her going, though she looked down at them, and the Hatter and the great puzzle!\' And she began very cautiously: \'But I don\'t like them!\' When the procession...',35,NULL,'2025-02-28 20:04:08',55,0),
(120,68,5,'March Hare said--\'','WILL be a person of authority over Alice. \'Stand up and to hear it say, as it spoke. \'As wet as...',32,NULL,'2025-03-28 13:32:26',55,0),
(121,69,5,'March Hare said--\'','She was looking at it uneasily, shaking it every now and then raised himself upon tiptoe, put...',32,NULL,'2025-03-28 13:32:26',55,0),
(122,70,5,'March Hare said--\'','Dormouse shall!\' they both bowed low, and their curls got entangled together. Alice laughed so...',32,NULL,'2025-03-28 13:32:26',55,0),
(123,71,5,'March Hare said--\'','Alice in a shrill, passionate voice. \'Would YOU like cats if you cut your finger VERY deeply...',32,NULL,'2025-03-28 13:32:26',55,0),
(124,72,5,'March Hare said--\'','YOU, and no room to grow up again! Let me see: that would be grand, certainly,\' said Alice, who...',32,NULL,'2025-03-28 13:32:26',55,0),
(125,179,7,'Bill,\' thought','White Rabbit was no time to begin with.\' \'A barrowful will do, to begin with,\' said the King hastily said, and went on in a thick wood. \'The first thing I\'ve got to go on. \'And so these...',35,NULL,'2024-10-12 05:24:08',55,0),
(126,73,5,'Bill,\' thought','Dormouse. \'Fourteenth of March, I think I can remember feeling a little hot tea upon its nose....',32,NULL,'2025-03-28 13:32:26',55,0),
(127,74,5,'Bill,\' thought','Alice looked down at her side. She was close behind it when she had gone through that day. \'That...',32,NULL,'2025-03-28 13:32:26',55,0),
(128,75,5,'Bill,\' thought','White Rabbit was still in existence; \'and now for the moment how large she had asked it aloud;...',32,NULL,'2025-03-28 13:32:26',55,0),
(129,76,5,'Bill,\' thought','Hatter: and in despair she put her hand on the English coast you find a thing,\' said the...',32,NULL,'2025-03-28 13:32:26',55,0),
(130,77,5,'Bill,\' thought','It was the first verse,\' said the Dormouse; \'VERY ill.\' Alice tried to curtsey as she could, \'If...',32,NULL,'2025-03-28 13:32:26',55,0),
(131,180,7,'Alice. \'And be','I get\" is the reason and all the players, except the King, \'unless it was addressed to the waving of the goldfish kept running in her own courage. \'It\'s no business of MINE.\' The Queen...',35,NULL,'2024-07-25 17:51:24',60,0),
(132,78,5,'Alice. \'And be','She said this last remark, \'it\'s a vegetable. It doesn\'t look like it?\' he said. \'Fifteenth,\'...',32,NULL,'2025-03-28 13:32:26',60,0),
(133,181,7,'Alice, who had got','White Rabbit was no time to begin with.\' \'A barrowful will do, to begin with,\' said the King hastily said, and went on in a thick wood. \'The first thing I\'ve got to go on. \'And so these...',35,NULL,'2024-09-22 15:56:34',60,0),
(134,79,5,'Alice, who had got','Still she went on, \'What HAVE you been doing here?\' \'May it please your Majesty,\' said the March...',32,NULL,'2025-03-28 13:32:26',60,0),
(135,80,5,'Alice, who had got','ALL RETURNED FROM HIM TO YOU,\"\' said Alice. \'Of course twinkling begins with a trumpet in one...',32,NULL,'2025-03-28 13:32:26',60,0),
(136,81,5,'Alice, who had got','Let me think: was I the same solemn tone, \'For the Duchess. \'I make you grow shorter.\' \'One side...',32,NULL,'2025-03-28 13:32:26',60,0),
(137,182,7,'Trims his belt and','The Duchess took no notice of her going, though she looked down at them, and the Hatter and the great puzzle!\' And she began very cautiously: \'But I don\'t like them!\' When the procession...',35,NULL,'2024-12-18 18:28:00',60,0),
(138,82,5,'Trims his belt and','I learn music.\' \'Ah! that accounts for it,\' said Five, in a pleased tone. \'Pray don\'t trouble...',32,NULL,'2025-03-28 13:32:26',60,0),
(139,83,5,'Trims his belt and','Alice looked down at her side. She was close behind it when she had gone through that day. \'That...',32,NULL,'2025-03-28 13:32:26',60,0),
(140,183,7,'I mean what I','How puzzling all these changes are! I\'m never sure what I\'m going to begin again, it was over at last, more calmly, though still sobbing a little snappishly. \'You\'re enough to drive one...',35,NULL,'2024-12-28 18:28:15',65,0),
(141,84,5,'I mean what I','Dormouse shall!\' they both bowed low, and their curls got entangled together. Alice laughed so...',32,NULL,'2025-03-28 13:32:26',65,0),
(142,85,5,'I mean what I','I learn music.\' \'Ah! that accounts for it,\' said Five, in a pleased tone. \'Pray don\'t trouble...',32,NULL,'2025-03-28 13:32:26',65,0),
(143,86,5,'I mean what I','White Rabbit was still in existence; \'and now for the moment how large she had asked it aloud;...',32,NULL,'2025-03-28 13:32:26',65,0),
(144,87,5,'I mean what I','White Rabbit was still in existence; \'and now for the moment how large she had asked it aloud;...',32,NULL,'2025-03-28 13:32:26',65,0),
(145,184,7,'How puzzling all','Trims his belt and his friends shared their never-ending meal, and the words a little, and then quietly marched off after the candle is blown out, for she was dozing off, and Alice...',35,NULL,'2024-12-24 04:45:47',65,0),
(146,88,5,'How puzzling all','Alice looked down at her side. She was close behind it when she had gone through that day. \'That...',32,NULL,'2025-03-28 13:32:26',65,0),
(147,89,5,'How puzzling all','WHAT? The other guests had taken his watch out of the cattle in the air: it puzzled her very...',32,NULL,'2025-03-28 13:32:26',65,0),
(148,90,5,'How puzzling all','Dormouse. \'Fourteenth of March, I think I can remember feeling a little hot tea upon its nose....',32,NULL,'2025-03-28 13:32:26',65,0),
(149,91,5,'How puzzling all','Hatter: and in despair she put her hand on the English coast you find a thing,\' said the...',32,NULL,'2025-03-28 13:32:26',65,0),
(150,185,7,'Alice felt that she','How puzzling all these changes are! I\'m never sure what I\'m going to begin again, it was over at last, more calmly, though still sobbing a little snappishly. \'You\'re enough to drive one...',35,NULL,'2024-07-26 02:58:53',65,0),
(151,92,5,'Alice felt that she','Dormouse shall!\' they both bowed low, and their curls got entangled together. Alice laughed so...',32,NULL,'2025-03-28 13:32:26',65,0),
(152,93,5,'Alice felt that she','WILL be a person of authority over Alice. \'Stand up and to hear it say, as it spoke. \'As wet as...',32,NULL,'2025-03-28 13:32:26',65,0),
(153,94,5,'Alice felt that she','Alice looked down at her side. She was close behind it when she had gone through that day. \'That...',32,NULL,'2025-03-28 13:32:26',65,0),
(154,95,5,'Alice felt that she','She was looking at it uneasily, shaking it every now and then raised himself upon tiptoe, put...',32,NULL,'2025-03-28 13:32:26',65,0),
(155,96,5,'Alice felt that she','WHAT? The other guests had taken his watch out of the cattle in the air: it puzzled her very...',32,NULL,'2025-03-28 13:32:26',65,0),
(156,186,7,'Alice felt that she','Alice, who had got its neck nicely straightened out, and was just beginning to see if she had hoped) a fan and a Dodo, a Lory and an Eaglet, and several other curious creatures. Alice...',35,NULL,'2025-03-24 09:44:18',65,0),
(157,97,5,'Alice felt that she','WHAT? The other guests had taken his watch out of the cattle in the air: it puzzled her very...',32,NULL,'2025-03-28 13:32:26',65,0),
(158,98,5,'Alice felt that she','Alice looked down at her side. She was close behind it when she had gone through that day. \'That...',32,NULL,'2025-03-28 13:32:26',65,0),
(159,99,5,'Alice felt that she','WHAT? The other guests had taken his watch out of the cattle in the air: it puzzled her very...',32,NULL,'2025-03-28 13:32:26',65,0),
(160,187,7,'Bill,\' thought','Alice felt that she was to find quite a commotion in the last word with such sudden violence that Alice quite jumped; but she could remember about ravens and writing-desks, which wasn\'t...',35,NULL,'2025-01-17 14:35:12',65,0),
(161,100,5,'Bill,\' thought','It was the first verse,\' said the Dormouse; \'VERY ill.\' Alice tried to curtsey as she could, \'If...',32,NULL,'2025-03-28 13:32:27',65,0),
(162,101,5,'Bill,\' thought','YOU, and no room to grow up again! Let me see: that would be grand, certainly,\' said Alice, who...',32,NULL,'2025-03-28 13:32:27',65,0),
(163,102,5,'Bill,\' thought','Alice in a shrill, passionate voice. \'Would YOU like cats if you cut your finger VERY deeply...',32,NULL,'2025-03-28 13:32:27',65,0),
(164,103,5,'Bill,\' thought','Involved in this way! Stop this moment, and fetch me a pair of the room again, no wonder she...',32,NULL,'2025-03-28 13:32:27',65,0),
(165,104,5,'Bill,\' thought','WHAT? The other guests had taken his watch out of the cattle in the air: it puzzled her very...',32,NULL,'2025-03-28 13:32:27',65,0),
(166,188,7,'I get\" is the','Alice, who had got its neck nicely straightened out, and was just beginning to see if she had hoped) a fan and a Dodo, a Lory and an Eaglet, and several other curious creatures. Alice...',35,NULL,'2025-03-24 10:21:43',65,0),
(167,105,5,'I get\" is the','YOU, and no room to grow up again! Let me see: that would be grand, certainly,\' said Alice, who...',32,NULL,'2025-03-28 13:32:27',65,0),
(168,106,5,'I get\" is the','ALL RETURNED FROM HIM TO YOU,\"\' said Alice. \'Of course twinkling begins with a trumpet in one...',32,NULL,'2025-03-28 13:32:27',65,0),
(169,107,5,'I get\" is the','WILL be a person of authority over Alice. \'Stand up and to hear it say, as it spoke. \'As wet as...',32,NULL,'2025-03-28 13:32:27',65,0),
(170,108,5,'I get\" is the','It was the first verse,\' said the Dormouse; \'VERY ill.\' Alice tried to curtsey as she could, \'If...',32,NULL,'2025-03-28 13:32:27',65,0),
(171,109,5,'I get\" is the','Dormouse shall!\' they both bowed low, and their curls got entangled together. Alice laughed so...',32,NULL,'2025-03-28 13:32:27',65,0),
(172,189,7,'I get\" is the','Bill,\' thought Alice,) \'Well, I hardly know--No more, thank ye; I\'m better now--but I\'m a deal too far off to trouble myself about you: you must manage the best plan.\' It sounded an...',35,NULL,'2025-02-19 09:45:29',70,0),
(173,110,5,'I get\" is the','Alice in a shrill, passionate voice. \'Would YOU like cats if you cut your finger VERY deeply...',32,NULL,'2025-03-28 13:32:27',70,0),
(174,111,5,'I get\" is the','ALL RETURNED FROM HIM TO YOU,\"\' said Alice. \'Of course twinkling begins with a trumpet in one...',32,NULL,'2025-03-28 13:32:27',70,0),
(175,190,7,'Alice felt that she','Oh, how I wish you would have appeared to them she heard the Queen\'s shrill cries to the garden door. Poor Alice! It was so large a house, that she had expected: before she found she had...',35,NULL,'2024-09-02 07:37:17',70,0),
(176,112,5,'Alice felt that she','It was the first verse,\' said the Dormouse; \'VERY ill.\' Alice tried to curtsey as she could, \'If...',32,NULL,'2025-03-28 13:32:27',70,0),
(177,191,7,'The Duchess took no','March Hare said--\' \'I didn\'t!\' the March Hare said to the Mock Turtle went on, without attending to her, one on each side, and opened their eyes and mouths so VERY much out of the other...',35,NULL,'2025-02-06 05:18:37',70,0),
(178,113,5,'The Duchess took no','Alice in a shrill, passionate voice. \'Would YOU like cats if you cut your finger VERY deeply...',32,NULL,'2025-03-28 13:32:27',70,0),
(179,114,5,'The Duchess took no','ALL RETURNED FROM HIM TO YOU,\"\' said Alice. \'Of course twinkling begins with a trumpet in one...',32,NULL,'2025-03-28 13:32:27',70,0),
(180,115,5,'The Duchess took no','There ought to be almost out of its right ear and left off sneezing by this time). \'Don\'t...',32,NULL,'2025-03-28 13:32:27',70,0),
(181,116,5,'The Duchess took no','Alice looked down at her side. She was close behind it when she had gone through that day. \'That...',32,NULL,'2025-03-28 13:32:27',70,0),
(182,117,5,'The Duchess took no','Hatter: and in despair she put her hand on the English coast you find a thing,\' said the...',32,NULL,'2025-03-28 13:32:27',70,0),
(183,192,7,'I mean what I','At last the Gryphon replied rather impatiently: \'any shrimp could have told you that.\' \'If I\'d been the whiting,\' said Alice, \'we learned French and music.\' \'And washing?\' said the Cat....',35,NULL,'2024-11-24 10:23:08',75,0),
(184,118,5,'I mean what I','ALL RETURNED FROM HIM TO YOU,\"\' said Alice. \'Of course twinkling begins with a trumpet in one...',32,NULL,'2025-03-28 13:32:27',75,0),
(185,119,5,'I mean what I','YOU, and no room to grow up again! Let me see: that would be grand, certainly,\' said Alice, who...',32,NULL,'2025-03-28 13:32:27',75,0),
(186,120,5,'I mean what I','I\'ve tried to say than his first speech. \'You should learn not to be a very curious to know your...',32,NULL,'2025-03-28 13:32:27',75,0),
(187,121,5,'I mean what I','Alice looked down at her side. She was close behind it when she had gone through that day. \'That...',32,NULL,'2025-03-28 13:32:27',75,0),
(188,193,7,'I get\" is the','Bill,\' thought Alice,) \'Well, I hardly know--No more, thank ye; I\'m better now--but I\'m a deal too far off to trouble myself about you: you must manage the best plan.\' It sounded an...',35,NULL,'2025-01-11 10:48:13',75,0),
(189,122,5,'I get\" is the','I\'ve tried to say than his first speech. \'You should learn not to be a very curious to know your...',32,NULL,'2025-03-28 13:32:27',75,0),
(190,123,5,'I get\" is the','YOU, and no room to grow up again! Let me see: that would be grand, certainly,\' said Alice, who...',32,NULL,'2025-03-28 13:32:27',75,0),
(191,124,5,'I get\" is the','WHAT? The other guests had taken his watch out of the cattle in the air: it puzzled her very...',32,NULL,'2025-03-28 13:32:27',75,0),
(192,125,5,'I get\" is the','YOU, and no room to grow up again! Let me see: that would be grand, certainly,\' said Alice, who...',32,NULL,'2025-03-28 13:32:27',75,0),
(193,194,7,'Trims his belt and','March Hare said--\' \'I didn\'t!\' the March Hare said to the Mock Turtle went on, without attending to her, one on each side, and opened their eyes and mouths so VERY much out of the other...',35,NULL,'2024-10-20 15:21:29',75,0),
(194,126,5,'Trims his belt and','White Rabbit was still in existence; \'and now for the moment how large she had asked it aloud;...',32,NULL,'2025-03-28 13:32:27',75,0),
(195,127,5,'Trims his belt and','YOU, and no room to grow up again! Let me see: that would be grand, certainly,\' said Alice, who...',32,NULL,'2025-03-28 13:32:27',75,0),
(196,128,5,'Trims his belt and','It was the first verse,\' said the Dormouse; \'VERY ill.\' Alice tried to curtsey as she could, \'If...',32,NULL,'2025-03-28 13:32:27',75,0),
(197,129,5,'Trims his belt and','WILL be a person of authority over Alice. \'Stand up and to hear it say, as it spoke. \'As wet as...',32,NULL,'2025-03-28 13:32:27',75,0),
(198,130,5,'Trims his belt and','WHAT? The other guests had taken his watch out of the cattle in the air: it puzzled her very...',32,NULL,'2025-03-28 13:32:28',75,0),
(199,195,7,'Bill,\' thought','How puzzling all these changes are! I\'m never sure what I\'m going to begin again, it was over at last, more calmly, though still sobbing a little snappishly. \'You\'re enough to drive one...',35,NULL,'2024-09-05 01:40:31',75,0),
(200,131,5,'Bill,\' thought','I learn music.\' \'Ah! that accounts for it,\' said Five, in a pleased tone. \'Pray don\'t trouble...',32,NULL,'2025-03-28 13:32:28',75,0),
(201,132,5,'Bill,\' thought','Alice looked down at her side. She was close behind it when she had gone through that day. \'That...',32,NULL,'2025-03-28 13:32:28',75,0),
(202,133,5,'Bill,\' thought','It was the first verse,\' said the Dormouse; \'VERY ill.\' Alice tried to curtsey as she could, \'If...',32,NULL,'2025-03-28 13:32:28',75,0),
(203,134,5,'Bill,\' thought','There ought to be almost out of its right ear and left off sneezing by this time). \'Don\'t...',32,NULL,'2025-03-28 13:32:28',75,0),
(204,196,7,'Cheshire Cat,\' said','Alice felt that she was to find quite a commotion in the last word with such sudden violence that Alice quite jumped; but she could remember about ravens and writing-desks, which wasn\'t...',35,NULL,'2024-09-10 15:59:50',75,0),
(205,135,5,'Cheshire Cat,\' said','Involved in this way! Stop this moment, and fetch me a pair of the room again, no wonder she...',32,NULL,'2025-03-28 13:32:28',75,0),
(206,197,7,'Latitude was, or','Duchess sneezed occasionally; and as it didn\'t much matter which way I want to be?\' it asked. \'Oh, I\'m not particular as to prevent its undoing itself,) she carried it off. \'If everybody...',35,NULL,'2025-02-21 10:58:02',80,0),
(207,136,5,'Latitude was, or','Dormouse shall!\' they both bowed low, and their curls got entangled together. Alice laughed so...',32,NULL,'2025-03-28 13:32:28',80,0),
(208,137,5,'Latitude was, or','Still she went on, \'What HAVE you been doing here?\' \'May it please your Majesty,\' said the March...',32,NULL,'2025-03-28 13:32:28',80,0),
(209,138,5,'Latitude was, or','ALL RETURNED FROM HIM TO YOU,\"\' said Alice. \'Of course twinkling begins with a trumpet in one...',32,NULL,'2025-03-28 13:32:28',80,0),
(210,139,5,'Latitude was, or','Alice in a shrill, passionate voice. \'Would YOU like cats if you cut your finger VERY deeply...',32,NULL,'2025-03-28 13:32:28',80,0),
(211,198,7,'So Alice began','Queen said to herself. (Alice had no pictures or conversations in it, \'and what is the capital of Paris, and Paris is the same tone, exactly as if she did not at all comfortable, and it...',35,NULL,'2025-03-27 23:32:57',80,0),
(212,140,5,'So Alice began','There ought to be almost out of its right ear and left off sneezing by this time). \'Don\'t...',32,NULL,'2025-03-28 13:32:28',80,0),
(213,199,7,'Alice. \'And be','Alice. \'And be quick about it,\' said Alice, rather doubtfully, as she remembered how small she was a good deal: this fireplace is narrow, to be two people. \'But it\'s no use now,\' thought...',35,NULL,'2024-10-19 11:19:47',80,0),
(214,141,5,'Alice. \'And be','There ought to be almost out of its right ear and left off sneezing by this time). \'Don\'t...',32,NULL,'2025-03-28 13:32:28',80,0),
(215,142,5,'Alice. \'And be','Dormouse. \'Fourteenth of March, I think I can remember feeling a little hot tea upon its nose....',32,NULL,'2025-03-28 13:32:28',80,0),
(216,143,5,'Alice. \'And be','Alice looked down at her side. She was close behind it when she had gone through that day. \'That...',32,NULL,'2025-03-28 13:32:28',80,0),
(217,200,7,'I goes like a','Oh, how I wish you would have appeared to them she heard the Queen\'s shrill cries to the garden door. Poor Alice! It was so large a house, that she had expected: before she found she had...',35,NULL,'2025-01-29 09:18:49',80,0),
(218,144,5,'I goes like a','YOU, and no room to grow up again! Let me see: that would be grand, certainly,\' said Alice, who...',32,NULL,'2025-03-28 13:32:28',80,0),
(219,201,7,'English!\' said the','Alice, who had got its neck nicely straightened out, and was just beginning to see if she had hoped) a fan and a Dodo, a Lory and an Eaglet, and several other curious creatures. Alice...',35,NULL,'2025-03-10 20:29:52',85,0),
(220,145,5,'English!\' said the','WHAT? The other guests had taken his watch out of the cattle in the air: it puzzled her very...',32,NULL,'2025-03-28 13:32:28',85,0),
(221,146,5,'English!\' said the','White Rabbit was still in existence; \'and now for the moment how large she had asked it aloud;...',32,NULL,'2025-03-28 13:32:28',85,0),
(222,147,5,'English!\' said the','Let me think: was I the same solemn tone, \'For the Duchess. \'I make you grow shorter.\' \'One side...',32,NULL,'2025-03-28 13:32:28',85,0),
(223,148,5,'English!\' said the','Rabbit\'s voice; and the Mock Turtle. \'Seals, turtles, salmon, and so on; then, when you\'ve...',32,NULL,'2025-03-28 13:32:28',85,0),
(224,149,5,'English!\' said the','Alice in a shrill, passionate voice. \'Would YOU like cats if you cut your finger VERY deeply...',32,NULL,'2025-03-28 13:32:28',85,0),
(225,202,7,'English!\' said the','I mean what I say--that\'s the same thing, you know.\' \'And what an ignorant little girl or a serpent?\' \'It matters a good deal frightened by this time.) \'You\'re nothing but a pack of...',35,NULL,'2024-11-26 00:16:12',85,0),
(226,150,5,'English!\' said the','I\'ve tried to say than his first speech. \'You should learn not to be a very curious to know your...',32,NULL,'2025-03-28 13:32:28',85,0),
(227,151,5,'English!\' said the','WILL be a person of authority over Alice. \'Stand up and to hear it say, as it spoke. \'As wet as...',32,NULL,'2025-03-28 13:32:28',85,0),
(228,152,5,'English!\' said the','It was the first verse,\' said the Dormouse; \'VERY ill.\' Alice tried to curtsey as she could, \'If...',32,NULL,'2025-03-28 13:32:28',85,0),
(229,153,5,'English!\' said the','Involved in this way! Stop this moment, and fetch me a pair of the room again, no wonder she...',32,NULL,'2025-03-28 13:32:28',85,0),
(230,154,5,'English!\' said the','Alice in a shrill, passionate voice. \'Would YOU like cats if you cut your finger VERY deeply...',32,NULL,'2025-03-28 13:32:28',85,0),
(231,203,7,'White Rabbit was no','At last the Gryphon replied rather impatiently: \'any shrimp could have told you that.\' \'If I\'d been the whiting,\' said Alice, \'we learned French and music.\' \'And washing?\' said the Cat....',35,NULL,'2024-12-08 11:29:34',85,0),
(232,155,5,'White Rabbit was no','Alice looked down at her side. She was close behind it when she had gone through that day. \'That...',32,NULL,'2025-03-28 13:32:28',85,0),
(233,204,7,'So Alice began','Latitude was, or Longitude I\'ve got to the voice of the cakes, and was in the court!\' and the Queen had never left off quarrelling with the other: he came trotting along in a minute or...',35,NULL,'2025-02-19 17:42:24',85,0),
(234,156,5,'So Alice began','Involved in this way! Stop this moment, and fetch me a pair of the room again, no wonder she...',32,NULL,'2025-03-28 13:32:28',85,0),
(235,157,5,'So Alice began','WHAT? The other guests had taken his watch out of the cattle in the air: it puzzled her very...',32,NULL,'2025-03-28 13:32:28',85,0),
(236,158,5,'So Alice began','I learn music.\' \'Ah! that accounts for it,\' said Five, in a pleased tone. \'Pray don\'t trouble...',32,NULL,'2025-03-28 13:32:28',85,0),
(237,205,7,'English!\' said the','Alice, who had got its neck nicely straightened out, and was just beginning to see if she had hoped) a fan and a Dodo, a Lory and an Eaglet, and several other curious creatures. Alice...',35,NULL,'2024-12-18 19:01:29',90,0),
(238,159,5,'English!\' said the','Alice looked down at her side. She was close behind it when she had gone through that day. \'That...',32,NULL,'2025-03-28 13:32:28',90,0),
(239,160,5,'English!\' said the','I learn music.\' \'Ah! that accounts for it,\' said Five, in a pleased tone. \'Pray don\'t trouble...',32,NULL,'2025-03-28 13:32:28',90,0),
(240,161,5,'English!\' said the','Still she went on, \'What HAVE you been doing here?\' \'May it please your Majesty,\' said the March...',32,NULL,'2025-03-28 13:32:28',90,0),
(241,162,5,'English!\' said the','She was looking at it uneasily, shaking it every now and then raised himself upon tiptoe, put...',32,NULL,'2025-03-28 13:32:28',90,0),
(242,206,7,'So Alice began','Cheshire Cat,\' said Alice: \'three inches is such a simple question,\' added the Queen. \'You make me grow larger, I can say.\' This was quite pleased to find it out, we should all have our...',35,NULL,'2025-02-19 06:58:20',90,0),
(243,163,5,'So Alice began','I\'ve tried to say than his first speech. \'You should learn not to be a very curious to know your...',32,NULL,'2025-03-28 13:32:29',90,0),
(244,164,5,'So Alice began','She said this last remark, \'it\'s a vegetable. It doesn\'t look like it?\' he said. \'Fifteenth,\'...',32,NULL,'2025-03-28 13:32:29',90,0),
(245,165,5,'So Alice began','I learn music.\' \'Ah! that accounts for it,\' said Five, in a pleased tone. \'Pray don\'t trouble...',32,NULL,'2025-03-28 13:32:29',90,0),
(246,207,7,'Alice felt that she','Trims his belt and his friends shared their never-ending meal, and the words a little, and then quietly marched off after the candle is blown out, for she was dozing off, and Alice...',35,NULL,'2025-02-12 01:14:14',90,0),
(247,166,5,'Alice felt that she','Involved in this way! Stop this moment, and fetch me a pair of the room again, no wonder she...',32,NULL,'2025-03-28 13:32:29',90,0),
(248,167,5,'Alice felt that she','YOU, and no room to grow up again! Let me see: that would be grand, certainly,\' said Alice, who...',32,NULL,'2025-03-28 13:32:29',90,0),
(249,208,7,'Oh, how I wish you','Duchess sneezed occasionally; and as it didn\'t much matter which way I want to be?\' it asked. \'Oh, I\'m not particular as to prevent its undoing itself,) she carried it off. \'If everybody...',35,NULL,'2025-03-27 00:26:04',90,0),
(250,168,5,'Oh, how I wish you','ALL RETURNED FROM HIM TO YOU,\"\' said Alice. \'Of course twinkling begins with a trumpet in one...',32,NULL,'2025-03-28 13:32:29',90,0),
(251,169,5,'Oh, how I wish you','Rabbit\'s voice; and the Mock Turtle. \'Seals, turtles, salmon, and so on; then, when you\'ve...',32,NULL,'2025-03-28 13:32:29',90,0),
(252,170,5,'Oh, how I wish you','There ought to be almost out of its right ear and left off sneezing by this time). \'Don\'t...',32,NULL,'2025-03-28 13:32:29',90,0),
(253,171,5,'Oh, how I wish you','I learn music.\' \'Ah! that accounts for it,\' said Five, in a pleased tone. \'Pray don\'t trouble...',32,NULL,'2025-03-28 13:32:29',90,0),
(254,172,5,'Oh, how I wish you','White Rabbit was still in existence; \'and now for the moment how large she had asked it aloud;...',32,NULL,'2025-03-28 13:32:29',90,0),
(255,209,7,'March Hare said--\'','How puzzling all these changes are! I\'m never sure what I\'m going to begin again, it was over at last, more calmly, though still sobbing a little snappishly. \'You\'re enough to drive one...',35,NULL,'2024-12-10 16:45:19',90,0),
(256,173,5,'March Hare said--\'','Alice looked down at her side. She was close behind it when she had gone through that day. \'That...',32,NULL,'2025-03-28 13:32:29',90,0),
(257,210,7,'Alice, who had got','I mean what I say--that\'s the same thing, you know.\' \'And what an ignorant little girl or a serpent?\' \'It matters a good deal frightened by this time.) \'You\'re nothing but a pack of...',35,NULL,'2025-01-07 04:40:02',95,0),
(258,174,5,'Alice, who had got','White Rabbit was still in existence; \'and now for the moment how large she had asked it aloud;...',32,NULL,'2025-03-28 13:32:29',95,0),
(259,175,5,'Alice, who had got','WHAT? The other guests had taken his watch out of the cattle in the air: it puzzled her very...',32,NULL,'2025-03-28 13:32:29',95,0),
(260,176,5,'Alice, who had got','WILL be a person of authority over Alice. \'Stand up and to hear it say, as it spoke. \'As wet as...',32,NULL,'2025-03-28 13:32:29',95,0),
(261,211,7,'March Hare said--\'','Trims his belt and his friends shared their never-ending meal, and the words a little, and then quietly marched off after the candle is blown out, for she was dozing off, and Alice...',35,NULL,'2025-01-31 11:07:55',95,0),
(262,177,5,'March Hare said--\'','Still she went on, \'What HAVE you been doing here?\' \'May it please your Majesty,\' said the March...',32,NULL,'2025-03-28 13:32:29',95,0),
(263,178,5,'March Hare said--\'','I learn music.\' \'Ah! that accounts for it,\' said Five, in a pleased tone. \'Pray don\'t trouble...',32,NULL,'2025-03-28 13:32:29',95,0),
(264,179,5,'March Hare said--\'','Alice looked down at her side. She was close behind it when she had gone through that day. \'That...',32,NULL,'2025-03-28 13:32:29',95,0),
(265,212,7,'At last the Gryphon','Latitude was, or Longitude I\'ve got to the voice of the cakes, and was in the court!\' and the Queen had never left off quarrelling with the other: he came trotting along in a minute or...',35,NULL,'2024-10-18 12:07:08',95,0),
(266,180,5,'At last the Gryphon','YOU, and no room to grow up again! Let me see: that would be grand, certainly,\' said Alice, who...',32,NULL,'2025-03-28 13:32:29',95,0),
(267,181,5,'At last the Gryphon','It was the first verse,\' said the Dormouse; \'VERY ill.\' Alice tried to curtsey as she could, \'If...',32,NULL,'2025-03-28 13:32:29',95,0),
(268,182,5,'At last the Gryphon','She was looking at it uneasily, shaking it every now and then raised himself upon tiptoe, put...',32,NULL,'2025-03-28 13:32:29',95,0),
(269,183,5,'At last the Gryphon','Rabbit\'s voice; and the Mock Turtle. \'Seals, turtles, salmon, and so on; then, when you\'ve...',32,NULL,'2025-03-28 13:32:29',95,0),
(270,184,5,'At last the Gryphon','Alice looked down at her side. She was close behind it when she had gone through that day. \'That...',32,NULL,'2025-03-28 13:32:29',95,0),
(271,213,7,'Duchess sneezed','I mean what I say--that\'s the same thing, you know.\' \'And what an ignorant little girl or a serpent?\' \'It matters a good deal frightened by this time.) \'You\'re nothing but a pack of...',35,NULL,'2025-02-16 09:45:38',95,0),
(272,185,5,'Duchess sneezed','Alice looked down at her side. She was close behind it when she had gone through that day. \'That...',32,NULL,'2025-03-28 13:32:29',95,0),
(273,186,5,'Duchess sneezed','Dormouse shall!\' they both bowed low, and their curls got entangled together. Alice laughed so...',32,NULL,'2025-03-28 13:32:29',95,0),
(274,187,5,'Duchess sneezed','YOU, and no room to grow up again! Let me see: that would be grand, certainly,\' said Alice, who...',32,NULL,'2025-03-28 13:32:29',95,0),
(275,188,5,'Duchess sneezed','White Rabbit was still in existence; \'and now for the moment how large she had asked it aloud;...',32,NULL,'2025-03-28 13:32:29',95,0),
(276,214,7,'Oh, how I wish you','March Hare said--\' \'I didn\'t!\' the March Hare said to the Mock Turtle went on, without attending to her, one on each side, and opened their eyes and mouths so VERY much out of the other...',35,NULL,'2025-02-10 03:07:37',95,0),
(277,189,5,'Oh, how I wish you','Rabbit\'s voice; and the Mock Turtle. \'Seals, turtles, salmon, and so on; then, when you\'ve...',32,NULL,'2025-03-28 13:32:29',95,0),
(278,190,5,'Oh, how I wish you','White Rabbit was still in existence; \'and now for the moment how large she had asked it aloud;...',32,NULL,'2025-03-28 13:32:29',95,0),
(279,191,5,'Oh, how I wish you','White Rabbit was still in existence; \'and now for the moment how large she had asked it aloud;...',32,NULL,'2025-03-28 13:32:29',95,0),
(280,192,5,'Oh, how I wish you','Alice in a shrill, passionate voice. \'Would YOU like cats if you cut your finger VERY deeply...',32,NULL,'2025-03-28 13:32:29',95,0),
(281,215,7,'The Duchess took no','White Rabbit was no time to begin with.\' \'A barrowful will do, to begin with,\' said the King hastily said, and went on in a thick wood. \'The first thing I\'ve got to go on. \'And so these...',35,NULL,'2025-01-29 18:06:02',95,0),
(282,193,5,'The Duchess took no','I learn music.\' \'Ah! that accounts for it,\' said Five, in a pleased tone. \'Pray don\'t trouble...',32,NULL,'2025-03-28 13:32:29',95,0),
(283,216,7,'Trims his belt and','Alice, who had got its neck nicely straightened out, and was just beginning to see if she had hoped) a fan and a Dodo, a Lory and an Eaglet, and several other curious creatures. Alice...',35,NULL,'2025-02-27 01:36:53',100,0),
(284,194,5,'Trims his belt and','WILL be a person of authority over Alice. \'Stand up and to hear it say, as it spoke. \'As wet as...',32,NULL,'2025-03-28 13:32:29',100,0),
(285,195,5,'Trims his belt and','I learn music.\' \'Ah! that accounts for it,\' said Five, in a pleased tone. \'Pray don\'t trouble...',32,NULL,'2025-03-28 13:32:29',100,0),
(286,196,5,'Trims his belt and','Still she went on, \'What HAVE you been doing here?\' \'May it please your Majesty,\' said the March...',32,NULL,'2025-03-28 13:32:30',100,0),
(287,197,5,'Trims his belt and','Rabbit\'s voice; and the Mock Turtle. \'Seals, turtles, salmon, and so on; then, when you\'ve...',32,NULL,'2025-03-28 13:32:30',100,0),
(288,217,7,'White Rabbit was no','Latitude was, or Longitude I\'ve got to the voice of the cakes, and was in the court!\' and the Queen had never left off quarrelling with the other: he came trotting along in a minute or...',35,NULL,'2025-01-07 08:46:27',100,0),
(289,198,5,'White Rabbit was no','Dormouse. \'Fourteenth of March, I think I can remember feeling a little hot tea upon its nose....',32,NULL,'2025-03-28 13:32:30',100,0),
(290,199,5,'White Rabbit was no','White Rabbit was still in existence; \'and now for the moment how large she had asked it aloud;...',32,NULL,'2025-03-28 13:32:30',100,0),
(291,200,5,'White Rabbit was no','White Rabbit was still in existence; \'and now for the moment how large she had asked it aloud;...',32,NULL,'2025-03-28 13:32:30',100,0),
(292,201,5,'White Rabbit was no','YOU, and no room to grow up again! Let me see: that would be grand, certainly,\' said Alice, who...',32,NULL,'2025-03-28 13:32:30',100,0),
(293,218,7,'I get\" is the','I mean what I say--that\'s the same thing, you know.\' \'And what an ignorant little girl or a serpent?\' \'It matters a good deal frightened by this time.) \'You\'re nothing but a pack of...',35,NULL,'2024-11-01 14:41:49',100,0),
(294,202,5,'I get\" is the','There ought to be almost out of its right ear and left off sneezing by this time). \'Don\'t...',32,NULL,'2025-03-28 13:32:30',100,0),
(295,203,5,'I get\" is the','I learn music.\' \'Ah! that accounts for it,\' said Five, in a pleased tone. \'Pray don\'t trouble...',32,NULL,'2025-03-28 13:32:30',100,0),
(296,204,5,'I get\" is the','WILL be a person of authority over Alice. \'Stand up and to hear it say, as it spoke. \'As wet as...',32,NULL,'2025-03-28 13:32:30',100,0),
(297,205,5,'I get\" is the','White Rabbit was still in existence; \'and now for the moment how large she had asked it aloud;...',32,NULL,'2025-03-28 13:32:30',100,0),
(298,219,7,'Latitude was, or','Queen said to herself. (Alice had no pictures or conversations in it, \'and what is the capital of Paris, and Paris is the same tone, exactly as if she did not at all comfortable, and it...',35,NULL,'2024-12-15 17:59:49',100,0),
(299,206,5,'Latitude was, or','WILL be a person of authority over Alice. \'Stand up and to hear it say, as it spoke. \'As wet as...',32,NULL,'2025-03-28 13:32:30',100,0),
(300,207,5,'Latitude was, or','I learn music.\' \'Ah! that accounts for it,\' said Five, in a pleased tone. \'Pray don\'t trouble...',32,NULL,'2025-03-28 13:32:30',100,0),
(301,220,7,'The Duchess took no','English!\' said the Eaglet. \'I don\'t know what \"it\" means well enough, when I got up and to her lips. \'I know SOMETHING interesting is sure to happen,\' she said to herself how she would...',35,NULL,'2025-02-12 00:33:12',100,0),
(302,208,5,'The Duchess took no','Still she went on, \'What HAVE you been doing here?\' \'May it please your Majesty,\' said the March...',32,NULL,'2025-03-28 13:32:30',100,0),
(303,209,5,'The Duchess took no','Let me think: was I the same solemn tone, \'For the Duchess. \'I make you grow shorter.\' \'One side...',32,NULL,'2025-03-28 13:32:30',100,0),
(304,210,5,'The Duchess took no','Alice in a shrill, passionate voice. \'Would YOU like cats if you cut your finger VERY deeply...',32,NULL,'2025-03-28 13:32:30',100,0),
(305,211,5,'The Duchess took no','WILL be a person of authority over Alice. \'Stand up and to hear it say, as it spoke. \'As wet as...',32,NULL,'2025-03-28 13:32:30',100,0),
(306,212,5,'The Duchess took no','I learn music.\' \'Ah! that accounts for it,\' said Five, in a pleased tone. \'Pray don\'t trouble...',32,NULL,'2025-03-28 13:32:30',100,0),
(307,221,7,'White Rabbit was no','Bill,\' thought Alice,) \'Well, I hardly know--No more, thank ye; I\'m better now--but I\'m a deal too far off to trouble myself about you: you must manage the best plan.\' It sounded an...',35,NULL,'2025-03-11 18:46:01',100,0),
(308,213,5,'White Rabbit was no','WHAT? The other guests had taken his watch out of the cattle in the air: it puzzled her very...',32,NULL,'2025-03-28 13:32:30',100,0),
(309,214,5,'White Rabbit was no','It was the first verse,\' said the Dormouse; \'VERY ill.\' Alice tried to curtsey as she could, \'If...',32,NULL,'2025-03-28 13:32:30',100,0),
(310,215,5,'White Rabbit was no','Rabbit\'s voice; and the Mock Turtle. \'Seals, turtles, salmon, and so on; then, when you\'ve...',32,NULL,'2025-03-28 13:32:30',100,0),
(311,222,7,'White Rabbit was no','Latitude was, or Longitude I\'ve got to the voice of the cakes, and was in the court!\' and the Queen had never left off quarrelling with the other: he came trotting along in a minute or...',35,NULL,'2024-08-04 11:48:01',105,0),
(312,216,5,'White Rabbit was no','Dormouse. \'Fourteenth of March, I think I can remember feeling a little hot tea upon its nose....',32,NULL,'2025-03-28 13:32:30',105,0),
(313,217,5,'White Rabbit was no','There ought to be almost out of its right ear and left off sneezing by this time). \'Don\'t...',32,NULL,'2025-03-28 13:32:30',105,0),
(314,218,5,'White Rabbit was no','She was looking at it uneasily, shaking it every now and then raised himself upon tiptoe, put...',32,NULL,'2025-03-28 13:32:30',105,0),
(315,219,5,'White Rabbit was no','Rabbit\'s voice; and the Mock Turtle. \'Seals, turtles, salmon, and so on; then, when you\'ve...',32,NULL,'2025-03-28 13:32:30',105,0),
(316,223,7,'Latitude was, or','Trims his belt and his friends shared their never-ending meal, and the words a little, and then quietly marched off after the candle is blown out, for she was dozing off, and Alice...',35,NULL,'2025-01-31 09:41:32',105,0),
(317,220,5,'Latitude was, or','Alice looked down at her side. She was close behind it when she had gone through that day. \'That...',32,NULL,'2025-03-28 13:32:30',105,0),
(318,221,5,'Latitude was, or','Let me think: was I the same solemn tone, \'For the Duchess. \'I make you grow shorter.\' \'One side...',32,NULL,'2025-03-28 13:32:30',105,0),
(319,222,5,'Latitude was, or','WILL be a person of authority over Alice. \'Stand up and to hear it say, as it spoke. \'As wet as...',32,NULL,'2025-03-28 13:32:30',105,0),
(320,224,7,'White Rabbit was no','Oh, how I wish you would have appeared to them she heard the Queen\'s shrill cries to the garden door. Poor Alice! It was so large a house, that she had expected: before she found she had...',35,NULL,'2024-12-04 02:04:58',105,0),
(321,223,5,'White Rabbit was no','I learn music.\' \'Ah! that accounts for it,\' said Five, in a pleased tone. \'Pray don\'t trouble...',32,NULL,'2025-03-28 13:32:30',105,0),
(322,224,5,'White Rabbit was no','Let me think: was I the same solemn tone, \'For the Duchess. \'I make you grow shorter.\' \'One side...',32,NULL,'2025-03-28 13:32:30',105,0),
(323,225,5,'White Rabbit was no','White Rabbit was still in existence; \'and now for the moment how large she had asked it aloud;...',32,NULL,'2025-03-28 13:32:30',105,0),
(324,226,5,'White Rabbit was no','It was the first verse,\' said the Dormouse; \'VERY ill.\' Alice tried to curtsey as she could, \'If...',32,NULL,'2025-03-28 13:32:30',105,0),
(325,225,7,'The Duchess took no','Duchess sneezed occasionally; and as it didn\'t much matter which way I want to be?\' it asked. \'Oh, I\'m not particular as to prevent its undoing itself,) she carried it off. \'If everybody...',35,NULL,'2025-03-19 11:28:41',105,0),
(326,227,5,'The Duchess took no','It was the first verse,\' said the Dormouse; \'VERY ill.\' Alice tried to curtsey as she could, \'If...',32,NULL,'2025-03-28 13:32:30',105,0),
(327,228,5,'The Duchess took no','White Rabbit was still in existence; \'and now for the moment how large she had asked it aloud;...',32,NULL,'2025-03-28 13:32:30',105,0),
(328,229,5,'The Duchess took no','WILL be a person of authority over Alice. \'Stand up and to hear it say, as it spoke. \'As wet as...',32,NULL,'2025-03-28 13:32:30',105,0),
(329,226,7,'Latitude was, or','Queen said to herself. (Alice had no pictures or conversations in it, \'and what is the capital of Paris, and Paris is the same tone, exactly as if she did not at all comfortable, and it...',35,NULL,'2024-06-09 21:53:49',105,0),
(330,230,5,'Latitude was, or','WILL be a person of authority over Alice. \'Stand up and to hear it say, as it spoke. \'As wet as...',32,NULL,'2025-03-28 13:32:30',105,0),
(331,231,5,'Latitude was, or','Involved in this way! Stop this moment, and fetch me a pair of the room again, no wonder she...',32,NULL,'2025-03-28 13:32:30',105,0),
(332,232,5,'Latitude was, or','White Rabbit was still in existence; \'and now for the moment how large she had asked it aloud;...',32,NULL,'2025-03-28 13:32:30',105,0),
(333,227,7,'So Alice began','March Hare said--\' \'I didn\'t!\' the March Hare said to the Mock Turtle went on, without attending to her, one on each side, and opened their eyes and mouths so VERY much out of the other...',35,NULL,'2024-05-17 02:05:14',105,0),
(334,233,5,'So Alice began','It was the first verse,\' said the Dormouse; \'VERY ill.\' Alice tried to curtsey as she could, \'If...',32,NULL,'2025-03-28 13:32:30',105,0),
(335,234,5,'So Alice began','YOU, and no room to grow up again! Let me see: that would be grand, certainly,\' said Alice, who...',32,NULL,'2025-03-28 13:32:31',105,0),
(336,235,5,'So Alice began','YOU, and no room to grow up again! Let me see: that would be grand, certainly,\' said Alice, who...',32,NULL,'2025-03-28 13:32:31',105,0),
(337,236,5,'So Alice began','Still she went on, \'What HAVE you been doing here?\' \'May it please your Majesty,\' said the March...',32,NULL,'2025-03-28 13:32:31',105,0),
(338,1,10,'Discuss roadmap for next release','System Administrator - Mr. Broderick Hauck',38,NULL,'2024-11-01 18:44:31',23,0),
(339,237,5,'Discuss roadmap for next release','Still she went on, \'What HAVE you been doing here?\' \'May it please your Majesty,\' said the March...',32,NULL,'2025-03-28 13:32:31',23,0),
(340,238,5,'Discuss roadmap for next release','WHAT? The other guests had taken his watch out of the cattle in the air: it puzzled her very...',32,NULL,'2025-03-28 13:32:31',23,0),
(341,239,5,'Discuss roadmap for next release','Dormouse. \'Fourteenth of March, I think I can remember feeling a little hot tea upon its nose....',32,NULL,'2025-03-28 13:32:31',23,0),
(342,240,5,'Discuss roadmap for next release','There ought to be almost out of its right ear and left off sneezing by this time). \'Don\'t...',32,NULL,'2025-03-28 13:32:31',23,0),
(343,241,5,'Discuss roadmap for next release','It was the first verse,\' said the Dormouse; \'VERY ill.\' Alice tried to curtsey as she could, \'If...',32,NULL,'2025-03-28 13:32:31',23,0),
(344,2,10,'Discuss design with John','System Administrator - Camron Heller Sr.',38,NULL,'2025-01-11 17:25:25',23,0),
(345,242,5,'Discuss design with John','WILL be a person of authority over Alice. \'Stand up and to hear it say, as it spoke. \'As wet as...',32,NULL,'2025-03-28 13:32:31',23,0),
(346,3,10,'Review graphical designs for Group-Office website','System Administrator - Tony Howe',38,NULL,'2025-03-19 05:15:59',23,0),
(347,243,5,'Review graphical designs for Group-Office website','YOU, and no room to grow up again! Let me see: that would be grand, certainly,\' said Alice, who...',32,NULL,'2025-03-28 13:32:31',23,0),
(348,4,10,'Implement Open ID','System Administrator - Prof. Johnny Kirlin',38,NULL,'2025-03-27 02:13:18',23,0),
(349,244,5,'Implement Open ID','Dormouse. \'Fourteenth of March, I think I can remember feeling a little hot tea upon its nose....',32,NULL,'2025-03-28 13:32:31',23,0),
(350,5,10,'Create functional design','System Administrator - Mr. Shayne Zemlak',38,NULL,'2025-02-03 08:43:30',23,0),
(351,245,5,'Create functional design','Still she went on, \'What HAVE you been doing here?\' \'May it please your Majesty,\' said the March...',32,NULL,'2025-03-28 13:32:31',23,0),
(352,246,5,'Create functional design','I learn music.\' \'Ah! that accounts for it,\' said Five, in a pleased tone. \'Pray don\'t trouble...',32,NULL,'2025-03-28 13:32:31',23,0),
(353,247,5,'Create functional design','White Rabbit was still in existence; \'and now for the moment how large she had asked it aloud;...',32,NULL,'2025-03-28 13:32:31',23,0),
(354,6,10,'Create functional design','Mr. Broderick Hauck - Mr. Shayne Zemlak',38,NULL,'2024-08-18 16:15:38',50,0),
(355,248,5,'Create functional design','Still she went on, \'What HAVE you been doing here?\' \'May it please your Majesty,\' said the March...',32,NULL,'2025-03-28 13:32:31',50,0),
(356,249,5,'Create functional design','Alice looked down at her side. She was close behind it when she had gone through that day. \'That...',32,NULL,'2025-03-28 13:32:31',50,0),
(357,7,10,'Prepare quote for Wind mill project','Mr. Broderick Hauck - Prof. Simone Kirlin Jr.',38,NULL,'2025-01-11 05:17:33',50,0),
(358,250,5,'Prepare quote for Wind mill project','There ought to be almost out of its right ear and left off sneezing by this time). \'Don\'t...',32,NULL,'2025-03-28 13:32:31',50,0),
(359,251,5,'Prepare quote for Wind mill project','Alice looked down at her side. She was close behind it when she had gone through that day. \'That...',32,NULL,'2025-03-28 13:32:31',50,0),
(360,252,5,'Prepare quote for Wind mill project','ALL RETURNED FROM HIM TO YOU,\"\' said Alice. \'Of course twinkling begins with a trumpet in one...',32,NULL,'2025-03-28 13:32:31',50,0),
(361,8,10,'Prepare quote for Wind mill project','Mr. Broderick Hauck - Mr. Shayne Zemlak',38,NULL,'2025-03-02 12:23:39',50,0),
(362,253,5,'Prepare quote for Wind mill project','There ought to be almost out of its right ear and left off sneezing by this time). \'Don\'t...',32,NULL,'2025-03-28 13:32:31',50,0),
(363,254,5,'Prepare quote for Wind mill project','Rabbit\'s voice; and the Mock Turtle. \'Seals, turtles, salmon, and so on; then, when you\'ve...',32,NULL,'2025-03-28 13:32:31',50,0),
(364,9,10,'Verify backups','Mr. Broderick Hauck - Burdette Stamm',38,NULL,'2025-03-24 22:10:25',50,0),
(365,255,5,'Verify backups','Dormouse. \'Fourteenth of March, I think I can remember feeling a little hot tea upon its nose....',32,NULL,'2025-03-28 13:32:31',50,0),
(366,256,5,'Verify backups','She was looking at it uneasily, shaking it every now and then raised himself upon tiptoe, put...',32,NULL,'2025-03-28 13:32:32',50,0),
(367,257,5,'Verify backups','White Rabbit was still in existence; \'and now for the moment how large she had asked it aloud;...',32,NULL,'2025-03-28 13:32:32',50,0),
(368,258,5,'Verify backups','Dormouse shall!\' they both bowed low, and their curls got entangled together. Alice laughed so...',32,NULL,'2025-03-28 13:32:32',50,0),
(369,10,10,'Test two factor authentication','Mr. Broderick Hauck - Mr. Broderick Hauck',38,NULL,'2024-09-07 05:03:33',50,0),
(370,259,5,'Test two factor authentication','She said this last remark, \'it\'s a vegetable. It doesn\'t look like it?\' he said. \'Fifteenth,\'...',32,NULL,'2025-03-28 13:32:32',50,0),
(371,260,5,'Test two factor authentication','Dormouse shall!\' they both bowed low, and their curls got entangled together. Alice laughed so...',32,NULL,'2025-03-28 13:32:32',50,0),
(372,261,5,'Test two factor authentication','White Rabbit was still in existence; \'and now for the moment how large she had asked it aloud;...',32,NULL,'2025-03-28 13:32:32',50,0),
(373,262,5,'Test two factor authentication','Dormouse. \'Fourteenth of March, I think I can remember feeling a little hot tea upon its nose....',32,NULL,'2025-03-28 13:32:32',50,0),
(374,11,10,'Review graphical designs for Group-Office website','Mr. Jedidiah Tromp - Prof. Simone Kirlin Jr.',38,NULL,'2025-03-19 05:40:18',57,0),
(375,263,5,'Review graphical designs for Group-Office website','Involved in this way! Stop this moment, and fetch me a pair of the room again, no wonder she...',32,NULL,'2025-03-28 13:32:32',57,0),
(376,12,10,'Call Michael about Energy project','Mr. Jedidiah Tromp - Mrs. Elizabeth Cartwright',38,NULL,'2025-01-15 22:57:23',57,0),
(377,264,5,'Call Michael about Energy project','There ought to be almost out of its right ear and left off sneezing by this time). \'Don\'t...',32,NULL,'2025-03-28 13:32:32',57,0),
(378,265,5,'Call Michael about Energy project','ALL RETURNED FROM HIM TO YOU,\"\' said Alice. \'Of course twinkling begins with a trumpet in one...',32,NULL,'2025-03-28 13:32:32',57,0),
(379,266,5,'Call Michael about Energy project','Involved in this way! Stop this moment, and fetch me a pair of the room again, no wonder she...',32,NULL,'2025-03-28 13:32:32',57,0),
(380,267,5,'Call Michael about Energy project','It was the first verse,\' said the Dormouse; \'VERY ill.\' Alice tried to curtsey as she could, \'If...',32,NULL,'2025-03-28 13:32:32',57,0),
(381,268,5,'Call Michael about Energy project','Alice in a shrill, passionate voice. \'Would YOU like cats if you cut your finger VERY deeply...',32,NULL,'2025-03-28 13:32:32',57,0),
(382,13,10,'Review graphical designs for Group-Office website','Mr. Jedidiah Tromp - Prof. Simone Kirlin Jr.',38,NULL,'2024-11-30 06:34:20',57,0),
(383,269,5,'Review graphical designs for Group-Office website','White Rabbit was still in existence; \'and now for the moment how large she had asked it aloud;...',32,NULL,'2025-03-28 13:32:32',57,0),
(384,14,10,'Implement Open ID','Mr. Jedidiah Tromp - Mrs. Elizabeth Cartwright',38,NULL,'2025-03-09 12:48:20',57,0),
(385,270,5,'Implement Open ID','Alice in a shrill, passionate voice. \'Would YOU like cats if you cut your finger VERY deeply...',32,NULL,'2025-03-28 13:32:32',57,0),
(386,271,5,'Implement Open ID','ALL RETURNED FROM HIM TO YOU,\"\' said Alice. \'Of course twinkling begins with a trumpet in one...',32,NULL,'2025-03-28 13:32:32',57,0),
(387,15,10,'Implement Oauth 2.0','Mr. Jedidiah Tromp - Mr. Shayne Zemlak',38,NULL,'2024-12-25 22:22:19',57,0),
(388,272,5,'Implement Oauth 2.0','Rabbit\'s voice; and the Mock Turtle. \'Seals, turtles, salmon, and so on; then, when you\'ve...',32,NULL,'2025-03-28 13:32:32',57,0),
(389,16,10,'Review graphical designs for Group-Office website','Ashlee Beier - Prof. Johnny Kirlin',38,NULL,'2024-12-16 01:26:14',62,0),
(390,273,5,'Review graphical designs for Group-Office website','I\'ve tried to say than his first speech. \'You should learn not to be a very curious to know your...',32,NULL,'2025-03-28 13:32:32',62,0),
(391,274,5,'Review graphical designs for Group-Office website','Alice in a shrill, passionate voice. \'Would YOU like cats if you cut your finger VERY deeply...',32,NULL,'2025-03-28 13:32:32',62,0),
(392,275,5,'Review graphical designs for Group-Office website','ALL RETURNED FROM HIM TO YOU,\"\' said Alice. \'Of course twinkling begins with a trumpet in one...',32,NULL,'2025-03-28 13:32:32',62,0),
(393,276,5,'Review graphical designs for Group-Office website','Hatter: and in despair she put her hand on the English coast you find a thing,\' said the...',32,NULL,'2025-03-28 13:32:32',62,0),
(394,17,10,'Prepare Weekly board meeting','Ashlee Beier - Mrs. Elizabeth Cartwright',38,NULL,'2025-01-15 06:33:56',62,0),
(395,277,5,'Prepare Weekly board meeting','She was looking at it uneasily, shaking it every now and then raised himself upon tiptoe, put...',32,NULL,'2025-03-28 13:32:32',62,0),
(396,278,5,'Prepare Weekly board meeting','I learn music.\' \'Ah! that accounts for it,\' said Five, in a pleased tone. \'Pray don\'t trouble...',32,NULL,'2025-03-28 13:32:32',62,0),
(397,18,10,'Fix issue with automatic problem solver','Ashlee Beier - Mr. Broderick Hauck',38,NULL,'2024-10-07 17:12:51',62,0),
(398,279,5,'Fix issue with automatic problem solver','Involved in this way! Stop this moment, and fetch me a pair of the room again, no wonder she...',32,NULL,'2025-03-28 13:32:32',62,0),
(399,280,5,'Fix issue with automatic problem solver','WHAT? The other guests had taken his watch out of the cattle in the air: it puzzled her very...',32,NULL,'2025-03-28 13:32:33',62,0),
(400,19,10,'Perform weekly penetration tests on servers','Ashlee Beier - Mr. Shayne Zemlak',38,NULL,'2024-11-23 18:25:29',62,0),
(401,281,5,'Perform weekly penetration tests on servers','ALL RETURNED FROM HIM TO YOU,\"\' said Alice. \'Of course twinkling begins with a trumpet in one...',32,NULL,'2025-03-28 13:32:33',62,0),
(402,282,5,'Perform weekly penetration tests on servers','Alice in a shrill, passionate voice. \'Would YOU like cats if you cut your finger VERY deeply...',32,NULL,'2025-03-28 13:32:33',62,0),
(403,20,10,'Order more coffee','Ashlee Beier - Tony Howe',38,NULL,'2025-01-06 13:43:54',62,0),
(404,283,5,'Order more coffee','White Rabbit was still in existence; \'and now for the moment how large she had asked it aloud;...',32,NULL,'2025-03-28 13:32:33',62,0),
(405,284,5,'Order more coffee','Alice looked down at her side. She was close behind it when she had gone through that day. \'That...',32,NULL,'2025-03-28 13:32:33',62,0),
(406,285,5,'Order more coffee','Alice looked down at her side. She was close behind it when she had gone through that day. \'That...',32,NULL,'2025-03-28 13:32:33',62,0),
(407,21,10,'Review graphical designs for Group-Office website','Tony Howe - Prof. Johnny Kirlin',38,NULL,'2025-03-07 15:30:18',67,0),
(408,286,5,'Review graphical designs for Group-Office website','White Rabbit was still in existence; \'and now for the moment how large she had asked it aloud;...',32,NULL,'2025-03-28 13:32:33',67,0),
(409,287,5,'Review graphical designs for Group-Office website','I\'ve tried to say than his first speech. \'You should learn not to be a very curious to know your...',32,NULL,'2025-03-28 13:32:33',67,0),
(410,288,5,'Review graphical designs for Group-Office website','Hatter: and in despair she put her hand on the English coast you find a thing,\' said the...',32,NULL,'2025-03-28 13:32:33',67,0),
(411,289,5,'Review graphical designs for Group-Office website','She said this last remark, \'it\'s a vegetable. It doesn\'t look like it?\' he said. \'Fifteenth,\'...',32,NULL,'2025-03-28 13:32:33',67,0),
(412,290,5,'Review graphical designs for Group-Office website','Involved in this way! Stop this moment, and fetch me a pair of the room again, no wonder she...',32,NULL,'2025-03-28 13:32:33',67,0),
(413,22,10,'Perform weekly penetration tests on Group-Office','Tony Howe - Nicklaus Durgan',38,NULL,'2024-06-15 02:42:16',67,0),
(414,291,5,'Perform weekly penetration tests on Group-Office','WHAT? The other guests had taken his watch out of the cattle in the air: it puzzled her very...',32,NULL,'2025-03-28 13:32:33',67,0),
(415,292,5,'Perform weekly penetration tests on Group-Office','There ought to be almost out of its right ear and left off sneezing by this time). \'Don\'t...',32,NULL,'2025-03-28 13:32:33',67,0),
(416,23,10,'Prepare Weekly board meeting','Tony Howe - Mr. Jedidiah Tromp',38,NULL,'2024-07-14 03:53:49',67,0),
(417,293,5,'Prepare Weekly board meeting','White Rabbit was still in existence; \'and now for the moment how large she had asked it aloud;...',32,NULL,'2025-03-28 13:32:33',67,0),
(418,294,5,'Prepare Weekly board meeting','There ought to be almost out of its right ear and left off sneezing by this time). \'Don\'t...',32,NULL,'2025-03-28 13:32:33',67,0),
(419,24,10,'Implement Oauth 2.0','Tony Howe - Mr. Shayne Zemlak',38,NULL,'2024-11-20 15:22:26',67,0),
(420,295,5,'Implement Oauth 2.0','I learn music.\' \'Ah! that accounts for it,\' said Five, in a pleased tone. \'Pray don\'t trouble...',32,NULL,'2025-03-28 13:32:33',67,0),
(421,296,5,'Implement Oauth 2.0','She was looking at it uneasily, shaking it every now and then raised himself upon tiptoe, put...',32,NULL,'2025-03-28 13:32:33',67,0),
(422,297,5,'Implement Oauth 2.0','YOU, and no room to grow up again! Let me see: that would be grand, certainly,\' said Alice, who...',32,NULL,'2025-03-28 13:32:33',67,0),
(423,298,5,'Implement Oauth 2.0','Let me think: was I the same solemn tone, \'For the Duchess. \'I make you grow shorter.\' \'One side...',32,NULL,'2025-03-28 13:32:33',67,0),
(424,299,5,'Implement Oauth 2.0','Still she went on, \'What HAVE you been doing here?\' \'May it please your Majesty,\' said the March...',32,NULL,'2025-03-28 13:32:33',67,0),
(425,25,10,'Test two factor authentication','Tony Howe - Prof. Johnny Kirlin',38,NULL,'2025-03-06 03:48:17',67,0),
(426,300,5,'Test two factor authentication','Dormouse. \'Fourteenth of March, I think I can remember feeling a little hot tea upon its nose....',32,NULL,'2025-03-28 13:32:33',67,0),
(427,26,10,'Finish tasks module','Prof. Johnny Kirlin - Mr. Broderick Hauck',38,NULL,'2024-08-03 11:52:07',72,0),
(428,301,5,'Finish tasks module','She said this last remark, \'it\'s a vegetable. It doesn\'t look like it?\' he said. \'Fifteenth,\'...',32,NULL,'2025-03-28 13:32:33',72,0),
(429,302,5,'Finish tasks module','There ought to be almost out of its right ear and left off sneezing by this time). \'Don\'t...',32,NULL,'2025-03-28 13:32:33',72,0),
(430,27,10,'Perform weekly penetration tests on servers','Prof. Johnny Kirlin - Prof. Johnny Kirlin',38,NULL,'2024-12-27 09:59:09',72,0),
(431,303,5,'Perform weekly penetration tests on servers','I learn music.\' \'Ah! that accounts for it,\' said Five, in a pleased tone. \'Pray don\'t trouble...',32,NULL,'2025-03-28 13:32:33',72,0),
(432,304,5,'Perform weekly penetration tests on servers','Dormouse. \'Fourteenth of March, I think I can remember feeling a little hot tea upon its nose....',32,NULL,'2025-03-28 13:32:33',72,0),
(433,305,5,'Perform weekly penetration tests on servers','Involved in this way! Stop this moment, and fetch me a pair of the room again, no wonder she...',32,NULL,'2025-03-28 13:32:33',72,0),
(434,306,5,'Perform weekly penetration tests on servers','WILL be a person of authority over Alice. \'Stand up and to hear it say, as it spoke. \'As wet as...',32,NULL,'2025-03-28 13:32:33',72,0),
(435,28,10,'Implement Open ID','Prof. Johnny Kirlin - Mr. Broderick Hauck',38,NULL,'2025-01-23 17:32:15',72,0),
(436,307,5,'Implement Open ID','YOU, and no room to grow up again! Let me see: that would be grand, certainly,\' said Alice, who...',32,NULL,'2025-03-28 13:32:34',72,0),
(437,308,5,'Implement Open ID','ALL RETURNED FROM HIM TO YOU,\"\' said Alice. \'Of course twinkling begins with a trumpet in one...',32,NULL,'2025-03-28 13:32:34',72,0),
(438,309,5,'Implement Open ID','ALL RETURNED FROM HIM TO YOU,\"\' said Alice. \'Of course twinkling begins with a trumpet in one...',32,NULL,'2025-03-28 13:32:34',72,0),
(439,29,10,'Order machine parts','Prof. Johnny Kirlin - Nicklaus Durgan',38,NULL,'2025-02-18 23:24:21',72,0),
(440,310,5,'Order machine parts','YOU, and no room to grow up again! Let me see: that would be grand, certainly,\' said Alice, who...',32,NULL,'2025-03-28 13:32:34',72,0),
(441,311,5,'Order machine parts','I learn music.\' \'Ah! that accounts for it,\' said Five, in a pleased tone. \'Pray don\'t trouble...',32,NULL,'2025-03-28 13:32:34',72,0),
(442,312,5,'Order machine parts','It was the first verse,\' said the Dormouse; \'VERY ill.\' Alice tried to curtsey as she could, \'If...',32,NULL,'2025-03-28 13:32:34',72,0),
(443,30,10,'Feature request SMIME encryption','Prof. Johnny Kirlin - System Administrator',38,NULL,'2025-02-28 23:15:30',72,0),
(444,313,5,'Feature request SMIME encryption','I\'ve tried to say than his first speech. \'You should learn not to be a very curious to know your...',32,NULL,'2025-03-28 13:32:34',72,0),
(445,314,5,'Feature request SMIME encryption','WHAT? The other guests had taken his watch out of the cattle in the air: it puzzled her very...',32,NULL,'2025-03-28 13:32:34',72,0),
(446,315,5,'Feature request SMIME encryption','WILL be a person of authority over Alice. \'Stand up and to hear it say, as it spoke. \'As wet as...',32,NULL,'2025-03-28 13:32:34',72,0),
(447,31,10,'Feature request on autofill email addresses','Burdette Stamm - Mrs. Elizabeth Cartwright',38,NULL,'2025-02-20 16:25:55',77,0),
(448,316,5,'Feature request on autofill email addresses','Rabbit\'s voice; and the Mock Turtle. \'Seals, turtles, salmon, and so on; then, when you\'ve...',32,NULL,'2025-03-28 13:32:34',77,0),
(449,317,5,'Feature request on autofill email addresses','I learn music.\' \'Ah! that accounts for it,\' said Five, in a pleased tone. \'Pray don\'t trouble...',32,NULL,'2025-03-28 13:32:34',77,0),
(450,318,5,'Feature request on autofill email addresses','She said this last remark, \'it\'s a vegetable. It doesn\'t look like it?\' he said. \'Fifteenth,\'...',32,NULL,'2025-03-28 13:32:34',77,0),
(451,32,10,'Call Michael about Energy project','Burdette Stamm - Mr. Shayne Zemlak',38,NULL,'2024-09-25 10:52:25',77,0),
(452,319,5,'Call Michael about Energy project','Let me think: was I the same solemn tone, \'For the Duchess. \'I make you grow shorter.\' \'One side...',32,NULL,'2025-03-28 13:32:34',77,0),
(453,320,5,'Call Michael about Energy project','Alice in a shrill, passionate voice. \'Would YOU like cats if you cut your finger VERY deeply...',32,NULL,'2025-03-28 13:32:34',77,0),
(454,321,5,'Call Michael about Energy project','Alice looked down at her side. She was close behind it when she had gone through that day. \'That...',32,NULL,'2025-03-28 13:32:34',77,0),
(455,322,5,'Call Michael about Energy project','YOU, and no room to grow up again! Let me see: that would be grand, certainly,\' said Alice, who...',32,NULL,'2025-03-28 13:32:34',77,0),
(456,323,5,'Call Michael about Energy project','Alice in a shrill, passionate voice. \'Would YOU like cats if you cut your finger VERY deeply...',32,NULL,'2025-03-28 13:32:34',77,0),
(457,33,10,'Create database design','Burdette Stamm - Prof. Simone Kirlin Jr.',38,NULL,'2024-08-18 21:09:49',77,0),
(458,324,5,'Create database design','She was looking at it uneasily, shaking it every now and then raised himself upon tiptoe, put...',32,NULL,'2025-03-28 13:32:34',77,0),
(459,325,5,'Create database design','Rabbit\'s voice; and the Mock Turtle. \'Seals, turtles, salmon, and so on; then, when you\'ve...',32,NULL,'2025-03-28 13:32:34',77,0),
(460,326,5,'Create database design','Let me think: was I the same solemn tone, \'For the Duchess. \'I make you grow shorter.\' \'One side...',32,NULL,'2025-03-28 13:32:34',77,0),
(461,327,5,'Create database design','She said this last remark, \'it\'s a vegetable. It doesn\'t look like it?\' he said. \'Fifteenth,\'...',32,NULL,'2025-03-28 13:32:34',77,0),
(462,34,10,'Order machine parts','Burdette Stamm - Prof. Johnny Kirlin',38,NULL,'2024-12-07 15:20:48',77,0),
(463,328,5,'Order machine parts','I\'ve tried to say than his first speech. \'You should learn not to be a very curious to know your...',32,NULL,'2025-03-28 13:32:34',77,0),
(464,329,5,'Order machine parts','Involved in this way! Stop this moment, and fetch me a pair of the room again, no wonder she...',32,NULL,'2025-03-28 13:32:34',77,0),
(465,330,5,'Order machine parts','I learn music.\' \'Ah! that accounts for it,\' said Five, in a pleased tone. \'Pray don\'t trouble...',32,NULL,'2025-03-28 13:32:34',77,0),
(466,35,10,'Order more coffee','Burdette Stamm - Burdette Stamm',38,NULL,'2024-09-01 11:26:45',77,0),
(467,331,5,'Order more coffee','She said this last remark, \'it\'s a vegetable. It doesn\'t look like it?\' he said. \'Fifteenth,\'...',32,NULL,'2025-03-28 13:32:34',77,0),
(468,332,5,'Order more coffee','Rabbit\'s voice; and the Mock Turtle. \'Seals, turtles, salmon, and so on; then, when you\'ve...',32,NULL,'2025-03-28 13:32:34',77,0),
(469,333,5,'Order more coffee','ALL RETURNED FROM HIM TO YOU,\"\' said Alice. \'Of course twinkling begins with a trumpet in one...',32,NULL,'2025-03-28 13:32:34',77,0),
(470,36,10,'Verify backups','Camron Heller Sr. - Nicklaus Durgan',38,NULL,'2024-10-29 10:59:28',82,0),
(471,334,5,'Verify backups','Hatter: and in despair she put her hand on the English coast you find a thing,\' said the...',32,NULL,'2025-03-28 13:32:34',82,0),
(472,37,10,'Schedule meeting with client','Camron Heller Sr. - Mr. Jedidiah Tromp',38,NULL,'2025-03-07 04:44:37',82,0),
(473,335,5,'Schedule meeting with client','Dormouse. \'Fourteenth of March, I think I can remember feeling a little hot tea upon its nose....',32,NULL,'2025-03-28 13:32:34',82,0),
(474,336,5,'Schedule meeting with client','Involved in this way! Stop this moment, and fetch me a pair of the room again, no wonder she...',32,NULL,'2025-03-28 13:32:34',82,0),
(475,337,5,'Schedule meeting with client','Rabbit\'s voice; and the Mock Turtle. \'Seals, turtles, salmon, and so on; then, when you\'ve...',32,NULL,'2025-03-28 13:32:34',82,0),
(476,338,5,'Schedule meeting with client','White Rabbit was still in existence; \'and now for the moment how large she had asked it aloud;...',32,NULL,'2025-03-28 13:32:34',82,0),
(477,339,5,'Schedule meeting with client','Dormouse. \'Fourteenth of March, I think I can remember feeling a little hot tea upon its nose....',32,NULL,'2025-03-28 13:32:35',82,0),
(478,38,10,'Perform weekly penetration tests on Group-Office','Camron Heller Sr. - Nicklaus Durgan',38,NULL,'2025-02-07 13:29:32',82,0),
(479,340,5,'Perform weekly penetration tests on Group-Office','Still she went on, \'What HAVE you been doing here?\' \'May it please your Majesty,\' said the March...',32,NULL,'2025-03-28 13:32:35',82,0),
(480,341,5,'Perform weekly penetration tests on Group-Office','Hatter: and in despair she put her hand on the English coast you find a thing,\' said the...',32,NULL,'2025-03-28 13:32:35',82,0),
(481,342,5,'Perform weekly penetration tests on Group-Office','WILL be a person of authority over Alice. \'Stand up and to hear it say, as it spoke. \'As wet as...',32,NULL,'2025-03-28 13:32:35',82,0),
(482,39,10,'Buy bigger screens','Camron Heller Sr. - Mrs. Elizabeth Cartwright',38,NULL,'2025-01-16 18:47:51',82,0),
(483,343,5,'Buy bigger screens','YOU, and no room to grow up again! Let me see: that would be grand, certainly,\' said Alice, who...',32,NULL,'2025-03-28 13:32:35',82,0),
(484,344,5,'Buy bigger screens','She was looking at it uneasily, shaking it every now and then raised himself upon tiptoe, put...',32,NULL,'2025-03-28 13:32:35',82,0),
(485,345,5,'Buy bigger screens','Dormouse. \'Fourteenth of March, I think I can remember feeling a little hot tea upon its nose....',32,NULL,'2025-03-28 13:32:35',82,0),
(486,40,10,'Buy bigger screens','Camron Heller Sr. - Prof. Simone Kirlin Jr.',38,NULL,'2024-11-21 12:15:51',82,0),
(487,346,5,'Buy bigger screens','Rabbit\'s voice; and the Mock Turtle. \'Seals, turtles, salmon, and so on; then, when you\'ve...',32,NULL,'2025-03-28 13:32:35',82,0),
(488,347,5,'Buy bigger screens','She said this last remark, \'it\'s a vegetable. It doesn\'t look like it?\' he said. \'Fifteenth,\'...',32,NULL,'2025-03-28 13:32:35',82,0),
(489,41,10,'Prepare quote for solar panels module','Mr. Shayne Zemlak - Ashlee Beier',38,NULL,'2025-03-18 11:12:02',87,0),
(490,348,5,'Prepare quote for solar panels module','ALL RETURNED FROM HIM TO YOU,\"\' said Alice. \'Of course twinkling begins with a trumpet in one...',32,NULL,'2025-03-28 13:32:35',87,0),
(491,349,5,'Prepare quote for solar panels module','YOU, and no room to grow up again! Let me see: that would be grand, certainly,\' said Alice, who...',32,NULL,'2025-03-28 13:32:35',87,0),
(492,350,5,'Prepare quote for solar panels module','Still she went on, \'What HAVE you been doing here?\' \'May it please your Majesty,\' said the March...',32,NULL,'2025-03-28 13:32:35',87,0),
(493,42,10,'Order printer paper','Mr. Shayne Zemlak - Tony Howe',38,NULL,'2024-12-27 07:01:10',87,0),
(494,351,5,'Order printer paper','Dormouse. \'Fourteenth of March, I think I can remember feeling a little hot tea upon its nose....',32,NULL,'2025-03-28 13:32:35',87,0),
(495,352,5,'Order printer paper','Dormouse. \'Fourteenth of March, I think I can remember feeling a little hot tea upon its nose....',32,NULL,'2025-03-28 13:32:35',87,0),
(496,43,10,'Design checkout process','Mr. Shayne Zemlak - Mr. Broderick Hauck',38,NULL,'2024-07-27 01:50:51',87,0),
(497,353,5,'Design checkout process','Involved in this way! Stop this moment, and fetch me a pair of the room again, no wonder she...',32,NULL,'2025-03-28 13:32:35',87,0),
(498,354,5,'Design checkout process','ALL RETURNED FROM HIM TO YOU,\"\' said Alice. \'Of course twinkling begins with a trumpet in one...',32,NULL,'2025-03-28 13:32:35',87,0),
(499,44,10,'Buy bigger screens','Mr. Shayne Zemlak - Nicklaus Durgan',38,NULL,'2025-02-05 06:44:26',87,0),
(500,355,5,'Buy bigger screens','Alice looked down at her side. She was close behind it when she had gone through that day. \'That...',32,NULL,'2025-03-28 13:32:35',87,0),
(501,45,10,'Prepare Weekly board meeting','Mr. Shayne Zemlak - Mr. Broderick Hauck',38,NULL,'2024-11-16 23:17:53',87,0),
(502,356,5,'Prepare Weekly board meeting','WHAT? The other guests had taken his watch out of the cattle in the air: it puzzled her very...',32,NULL,'2025-03-28 13:32:35',87,0),
(503,357,5,'Prepare Weekly board meeting','Still she went on, \'What HAVE you been doing here?\' \'May it please your Majesty,\' said the March...',32,NULL,'2025-03-28 13:32:35',87,0),
(504,358,5,'Prepare Weekly board meeting','She was looking at it uneasily, shaking it every now and then raised himself upon tiptoe, put...',32,NULL,'2025-03-28 13:32:35',87,0),
(505,359,5,'Prepare Weekly board meeting','YOU, and no room to grow up again! Let me see: that would be grand, certainly,\' said Alice, who...',32,NULL,'2025-03-28 13:32:35',87,0),
(506,46,10,'Take out the trash','Mrs. Elizabeth Cartwright - Mrs. Elizabeth Cartwright',38,NULL,'2025-03-18 16:52:14',92,0),
(507,360,5,'Take out the trash','She said this last remark, \'it\'s a vegetable. It doesn\'t look like it?\' he said. \'Fifteenth,\'...',32,NULL,'2025-03-28 13:32:35',92,0),
(508,361,5,'Take out the trash','Alice in a shrill, passionate voice. \'Would YOU like cats if you cut your finger VERY deeply...',32,NULL,'2025-03-28 13:32:35',92,0),
(509,362,5,'Take out the trash','WILL be a person of authority over Alice. \'Stand up and to hear it say, as it spoke. \'As wet as...',32,NULL,'2025-03-28 13:32:35',92,0),
(510,47,10,'Create database design','Mrs. Elizabeth Cartwright - System Administrator',38,NULL,'2024-10-15 01:31:10',92,0),
(511,363,5,'Create database design','I\'ve tried to say than his first speech. \'You should learn not to be a very curious to know your...',32,NULL,'2025-03-28 13:32:36',92,0),
(512,364,5,'Create database design','I\'ve tried to say than his first speech. \'You should learn not to be a very curious to know your...',32,NULL,'2025-03-28 13:32:36',92,0),
(513,365,5,'Create database design','She said this last remark, \'it\'s a vegetable. It doesn\'t look like it?\' he said. \'Fifteenth,\'...',32,NULL,'2025-03-28 13:32:36',92,0),
(514,366,5,'Create database design','Dormouse shall!\' they both bowed low, and their curls got entangled together. Alice laughed so...',32,NULL,'2025-03-28 13:32:36',92,0),
(515,48,10,'Buy bigger screens','Mrs. Elizabeth Cartwright - Tony Howe',38,NULL,'2024-09-24 00:37:16',92,0),
(516,367,5,'Buy bigger screens','Rabbit\'s voice; and the Mock Turtle. \'Seals, turtles, salmon, and so on; then, when you\'ve...',32,NULL,'2025-03-28 13:32:36',92,0),
(517,368,5,'Buy bigger screens','Let me think: was I the same solemn tone, \'For the Duchess. \'I make you grow shorter.\' \'One side...',32,NULL,'2025-03-28 13:32:36',92,0),
(518,369,5,'Buy bigger screens','Dormouse shall!\' they both bowed low, and their curls got entangled together. Alice laughed so...',32,NULL,'2025-03-28 13:32:36',92,0),
(519,370,5,'Buy bigger screens','She said this last remark, \'it\'s a vegetable. It doesn\'t look like it?\' he said. \'Fifteenth,\'...',32,NULL,'2025-03-28 13:32:36',92,0),
(520,49,10,'Discuss roadmap for next release','Mrs. Elizabeth Cartwright - Mr. Jedidiah Tromp',38,NULL,'2025-01-29 09:09:51',92,0),
(521,371,5,'Discuss roadmap for next release','Alice in a shrill, passionate voice. \'Would YOU like cats if you cut your finger VERY deeply...',32,NULL,'2025-03-28 13:32:36',92,0),
(522,372,5,'Discuss roadmap for next release','Let me think: was I the same solemn tone, \'For the Duchess. \'I make you grow shorter.\' \'One side...',32,NULL,'2025-03-28 13:32:36',92,0),
(523,50,10,'Perform weekly penetration tests on Group-Office','Mrs. Elizabeth Cartwright - Camron Heller Sr.',38,NULL,'2025-01-06 20:49:47',92,0),
(524,373,5,'Perform weekly penetration tests on Group-Office','Still she went on, \'What HAVE you been doing here?\' \'May it please your Majesty,\' said the March...',32,NULL,'2025-03-28 13:32:36',92,0),
(525,374,5,'Perform weekly penetration tests on Group-Office','WHAT? The other guests had taken his watch out of the cattle in the air: it puzzled her very...',32,NULL,'2025-03-28 13:32:36',92,0),
(526,375,5,'Perform weekly penetration tests on Group-Office','Alice in a shrill, passionate voice. \'Would YOU like cats if you cut your finger VERY deeply...',32,NULL,'2025-03-28 13:32:36',92,0),
(527,376,5,'Perform weekly penetration tests on Group-Office','It was the first verse,\' said the Dormouse; \'VERY ill.\' Alice tried to curtsey as she could, \'If...',32,NULL,'2025-03-28 13:32:36',92,0),
(528,377,5,'Perform weekly penetration tests on Group-Office','She was looking at it uneasily, shaking it every now and then raised himself upon tiptoe, put...',32,NULL,'2025-03-28 13:32:36',92,0),
(529,51,10,'Order more coffee','Prof. Simone Kirlin Jr. - Burdette Stamm',38,NULL,'2024-08-08 23:11:03',97,0),
(530,378,5,'Order more coffee','Alice looked down at her side. She was close behind it when she had gone through that day. \'That...',32,NULL,'2025-03-28 13:32:36',97,0),
(531,379,5,'Order more coffee','Alice looked down at her side. She was close behind it when she had gone through that day. \'That...',32,NULL,'2025-03-28 13:32:36',97,0),
(532,380,5,'Order more coffee','ALL RETURNED FROM HIM TO YOU,\"\' said Alice. \'Of course twinkling begins with a trumpet in one...',32,NULL,'2025-03-28 13:32:36',97,0),
(533,381,5,'Order more coffee','Dormouse. \'Fourteenth of March, I think I can remember feeling a little hot tea upon its nose....',32,NULL,'2025-03-28 13:32:36',97,0),
(534,52,10,'Prepare Weekly board meeting','Prof. Simone Kirlin Jr. - Mr. Shayne Zemlak',38,NULL,'2025-03-24 16:08:41',97,0),
(535,382,5,'Prepare Weekly board meeting','Alice looked down at her side. She was close behind it when she had gone through that day. \'That...',32,NULL,'2025-03-28 13:32:36',97,0),
(536,383,5,'Prepare Weekly board meeting','Still she went on, \'What HAVE you been doing here?\' \'May it please your Majesty,\' said the March...',32,NULL,'2025-03-28 13:32:36',97,0),
(537,384,5,'Prepare Weekly board meeting','Rabbit\'s voice; and the Mock Turtle. \'Seals, turtles, salmon, and so on; then, when you\'ve...',32,NULL,'2025-03-28 13:32:36',97,0),
(538,385,5,'Prepare Weekly board meeting','ALL RETURNED FROM HIM TO YOU,\"\' said Alice. \'Of course twinkling begins with a trumpet in one...',32,NULL,'2025-03-28 13:32:36',97,0),
(539,386,5,'Prepare Weekly board meeting','ALL RETURNED FROM HIM TO YOU,\"\' said Alice. \'Of course twinkling begins with a trumpet in one...',32,NULL,'2025-03-28 13:32:36',97,0),
(540,53,10,'Take out the trash','Prof. Simone Kirlin Jr. - Nicklaus Durgan',38,NULL,'2024-12-24 08:32:39',97,0),
(541,387,5,'Take out the trash','Still she went on, \'What HAVE you been doing here?\' \'May it please your Majesty,\' said the March...',32,NULL,'2025-03-28 13:32:36',97,0),
(542,388,5,'Take out the trash','Dormouse. \'Fourteenth of March, I think I can remember feeling a little hot tea upon its nose....',32,NULL,'2025-03-28 13:32:36',97,0),
(543,389,5,'Take out the trash','Dormouse shall!\' they both bowed low, and their curls got entangled together. Alice laughed so...',32,NULL,'2025-03-28 13:32:36',97,0),
(544,390,5,'Take out the trash','Let me think: was I the same solemn tone, \'For the Duchess. \'I make you grow shorter.\' \'One side...',32,NULL,'2025-03-28 13:32:36',97,0),
(545,391,5,'Take out the trash','There ought to be almost out of its right ear and left off sneezing by this time). \'Don\'t...',32,NULL,'2025-03-28 13:32:36',97,0),
(546,54,10,'Fix issue with automatic problem solver','Prof. Simone Kirlin Jr. - System Administrator',38,NULL,'2025-01-06 15:40:12',97,0),
(547,392,5,'Fix issue with automatic problem solver','She was looking at it uneasily, shaking it every now and then raised himself upon tiptoe, put...',32,NULL,'2025-03-28 13:32:36',97,0),
(548,393,5,'Fix issue with automatic problem solver','Involved in this way! Stop this moment, and fetch me a pair of the room again, no wonder she...',32,NULL,'2025-03-28 13:32:37',97,0),
(549,394,5,'Fix issue with automatic problem solver','Hatter: and in despair she put her hand on the English coast you find a thing,\' said the...',32,NULL,'2025-03-28 13:32:37',97,0),
(550,395,5,'Fix issue with automatic problem solver','White Rabbit was still in existence; \'and now for the moment how large she had asked it aloud;...',32,NULL,'2025-03-28 13:32:37',97,0),
(551,396,5,'Fix issue with automatic problem solver','She was looking at it uneasily, shaking it every now and then raised himself upon tiptoe, put...',32,NULL,'2025-03-28 13:32:37',97,0),
(552,55,10,'Call Michael about Energy project','Prof. Simone Kirlin Jr. - Mr. Broderick Hauck',38,NULL,'2025-03-26 08:25:36',97,0),
(553,397,5,'Call Michael about Energy project','Still she went on, \'What HAVE you been doing here?\' \'May it please your Majesty,\' said the March...',32,NULL,'2025-03-28 13:32:37',97,0),
(554,398,5,'Call Michael about Energy project','WILL be a person of authority over Alice. \'Stand up and to hear it say, as it spoke. \'As wet as...',32,NULL,'2025-03-28 13:32:37',97,0),
(555,399,5,'Call Michael about Energy project','ALL RETURNED FROM HIM TO YOU,\"\' said Alice. \'Of course twinkling begins with a trumpet in one...',32,NULL,'2025-03-28 13:32:37',97,0),
(556,56,10,'Implement Oauth 2.0','Nicklaus Durgan - Ashlee Beier',38,NULL,'2024-11-23 19:42:00',102,0),
(557,400,5,'Implement Oauth 2.0','She said this last remark, \'it\'s a vegetable. It doesn\'t look like it?\' he said. \'Fifteenth,\'...',32,NULL,'2025-03-28 13:32:37',102,0),
(558,401,5,'Implement Oauth 2.0','She was looking at it uneasily, shaking it every now and then raised himself upon tiptoe, put...',32,NULL,'2025-03-28 13:32:37',102,0),
(559,57,10,'Create database design','Nicklaus Durgan - Camron Heller Sr.',38,NULL,'2025-02-10 22:02:16',102,0),
(560,402,5,'Create database design','Dormouse shall!\' they both bowed low, and their curls got entangled together. Alice laughed so...',32,NULL,'2025-03-28 13:32:37',102,0),
(561,403,5,'Create database design','She was looking at it uneasily, shaking it every now and then raised himself upon tiptoe, put...',32,NULL,'2025-03-28 13:32:37',102,0),
(562,404,5,'Create database design','Dormouse shall!\' they both bowed low, and their curls got entangled together. Alice laughed so...',32,NULL,'2025-03-28 13:32:37',102,0),
(563,58,10,'Implement Open ID','Nicklaus Durgan - Prof. Johnny Kirlin',38,NULL,'2025-03-12 20:05:48',102,0),
(564,405,5,'Implement Open ID','White Rabbit was still in existence; \'and now for the moment how large she had asked it aloud;...',32,NULL,'2025-03-28 13:32:37',102,0),
(565,406,5,'Implement Open ID','She was looking at it uneasily, shaking it every now and then raised himself upon tiptoe, put...',32,NULL,'2025-03-28 13:32:37',102,0),
(566,59,10,'Fix issue with automatic problem solver','Nicklaus Durgan - Burdette Stamm',38,NULL,'2025-01-05 14:45:07',102,0),
(567,407,5,'Fix issue with automatic problem solver','White Rabbit was still in existence; \'and now for the moment how large she had asked it aloud;...',32,NULL,'2025-03-28 13:32:37',102,0),
(568,408,5,'Fix issue with automatic problem solver','Dormouse shall!\' they both bowed low, and their curls got entangled together. Alice laughed so...',32,NULL,'2025-03-28 13:32:37',102,0),
(569,409,5,'Fix issue with automatic problem solver','Still she went on, \'What HAVE you been doing here?\' \'May it please your Majesty,\' said the March...',32,NULL,'2025-03-28 13:32:37',102,0),
(570,410,5,'Fix issue with automatic problem solver','ALL RETURNED FROM HIM TO YOU,\"\' said Alice. \'Of course twinkling begins with a trumpet in one...',32,NULL,'2025-03-28 13:32:37',102,0),
(571,60,10,'Buy bigger screens','Nicklaus Durgan - Mrs. Elizabeth Cartwright',38,NULL,'2025-03-17 09:11:06',102,0),
(572,411,5,'Buy bigger screens','YOU, and no room to grow up again! Let me see: that would be grand, certainly,\' said Alice, who...',32,NULL,'2025-03-28 13:32:37',102,0),
(573,1,13,'Kreiger, O\'Hara and Nader','System Administrator',42,NULL,'2025-04-11 17:00:00',47,0),
(574,2,13,'Kreiger, O\'Hara and Nader','Prof. Johnny Kirlin',42,NULL,'2025-04-11 17:00:00',73,0),
(575,412,5,'Kreiger, O\'Hara and Nader','Dormouse shall!\' they both bowed low, and their curls got entangled together. Alice laughed so...',32,NULL,'2025-03-28 13:32:37',47,0),
(576,3,13,'Stroman-Osinski','System Administrator',42,NULL,'2025-04-06 15:00:00',47,0),
(577,4,13,'Stroman-Osinski','Mrs. Elizabeth Cartwright',42,NULL,'2025-04-06 15:00:00',93,0),
(578,5,13,'Stroman-Osinski','Prof. Johnny Kirlin',42,NULL,'2025-04-06 15:00:00',73,0),
(579,413,5,'Stroman-Osinski','YOU, and no room to grow up again! Let me see: that would be grand, certainly,\' said Alice, who...',32,NULL,'2025-03-28 13:32:37',47,0),
(580,414,5,'Stroman-Osinski','I learn music.\' \'Ah! that accounts for it,\' said Five, in a pleased tone. \'Pray don\'t trouble...',32,NULL,'2025-03-28 13:32:37',47,0),
(581,415,5,'Stroman-Osinski','White Rabbit was still in existence; \'and now for the moment how large she had asked it aloud;...',32,NULL,'2025-03-28 13:32:37',47,0),
(582,6,13,'Lind Group','System Administrator',42,NULL,'2025-04-05 15:00:00',47,0),
(583,7,13,'Lind Group','Mrs. Elizabeth Cartwright',42,NULL,'2025-04-05 15:00:00',93,0),
(584,8,13,'Lind Group','Mr. Jedidiah Tromp',42,NULL,'2025-04-05 15:00:00',58,0),
(585,416,5,'Lind Group','WHAT? The other guests had taken his watch out of the cattle in the air: it puzzled her very...',32,NULL,'2025-03-28 13:32:38',47,0),
(586,417,5,'Lind Group','I\'ve tried to say than his first speech. \'You should learn not to be a very curious to know your...',32,NULL,'2025-03-28 13:32:38',47,0),
(587,418,5,'Lind Group','Alice in a shrill, passionate voice. \'Would YOU like cats if you cut your finger VERY deeply...',32,NULL,'2025-03-28 13:32:38',47,0),
(588,419,5,'Lind Group','Alice looked down at her side. She was close behind it when she had gone through that day. \'That...',32,NULL,'2025-03-28 13:32:38',47,0),
(589,9,13,'Lynch-Konopelski','System Administrator',42,NULL,'2025-03-27 19:00:00',47,0),
(590,10,13,'Lynch-Konopelski','Ashlee Beier',42,NULL,'2025-03-27 19:00:00',63,0),
(591,11,13,'Lynch-Konopelski','Mrs. Elizabeth Cartwright',42,NULL,'2025-03-27 19:00:00',93,0),
(592,420,5,'Lynch-Konopelski','Rabbit\'s voice; and the Mock Turtle. \'Seals, turtles, salmon, and so on; then, when you\'ve...',32,NULL,'2025-03-28 13:32:38',47,0),
(593,421,5,'Lynch-Konopelski','Dormouse. \'Fourteenth of March, I think I can remember feeling a little hot tea upon its nose....',32,NULL,'2025-03-28 13:32:38',47,0),
(594,422,5,'Lynch-Konopelski','She was looking at it uneasily, shaking it every now and then raised himself upon tiptoe, put...',32,NULL,'2025-03-28 13:32:38',47,0),
(595,423,5,'Lynch-Konopelski','Hatter: and in despair she put her hand on the English coast you find a thing,\' said the...',32,NULL,'2025-03-28 13:32:38',47,0),
(596,12,13,'Barton PLC','System Administrator',42,NULL,'2025-04-11 18:00:00',47,0),
(597,13,13,'Barton PLC','Tony Howe',42,NULL,'2025-04-11 18:00:00',68,0),
(598,14,13,'Barton PLC','Mr. Broderick Hauck',42,NULL,'2025-04-11 18:00:00',51,0),
(599,424,5,'Barton PLC','Alice in a shrill, passionate voice. \'Would YOU like cats if you cut your finger VERY deeply...',32,NULL,'2025-03-28 13:32:38',47,0),
(600,425,5,'Barton PLC','White Rabbit was still in existence; \'and now for the moment how large she had asked it aloud;...',32,NULL,'2025-03-28 13:32:38',47,0),
(601,426,5,'Barton PLC','White Rabbit was still in existence; \'and now for the moment how large she had asked it aloud;...',32,NULL,'2025-03-28 13:32:38',47,0),
(602,427,5,'Barton PLC','Still she went on, \'What HAVE you been doing here?\' \'May it please your Majesty,\' said the March...',32,NULL,'2025-03-28 13:32:38',47,0),
(603,15,13,'Bailey, Gusikowski and Kassulke','Mr. Broderick Hauck',42,NULL,'2025-03-25 15:00:00',51,0),
(604,16,13,'Bailey, Gusikowski and Kassulke','Camron Heller Sr.',42,NULL,'2025-03-25 15:00:00',83,0),
(605,428,5,'Bailey, Gusikowski and Kassulke','Alice looked down at her side. She was close behind it when she had gone through that day. \'That...',32,NULL,'2025-03-28 13:32:38',51,0),
(606,429,5,'Bailey, Gusikowski and Kassulke','It was the first verse,\' said the Dormouse; \'VERY ill.\' Alice tried to curtsey as she could, \'If...',32,NULL,'2025-03-28 13:32:38',51,0),
(607,17,13,'Dare, Crist and Boyle','Mr. Broderick Hauck',42,NULL,'2025-03-27 08:00:00',51,0),
(608,18,13,'Dare, Crist and Boyle','Tony Howe',42,NULL,'2025-03-27 08:00:00',68,0),
(609,19,13,'Dare, Crist and Boyle','Mr. Shayne Zemlak',42,NULL,'2025-03-27 08:00:00',88,0),
(610,430,5,'Dare, Crist and Boyle','YOU, and no room to grow up again! Let me see: that would be grand, certainly,\' said Alice, who...',32,NULL,'2025-03-28 13:32:38',51,0),
(611,20,13,'Runte-Rice','Mr. Broderick Hauck',42,NULL,'2025-04-05 09:00:00',51,0),
(612,21,13,'Runte-Rice','Burdette Stamm',42,NULL,'2025-04-05 09:00:00',78,0),
(613,22,13,'Runte-Rice','Mrs. Elizabeth Cartwright',42,NULL,'2025-04-05 09:00:00',93,0),
(614,431,5,'Runte-Rice','Alice looked down at her side. She was close behind it when she had gone through that day. \'That...',32,NULL,'2025-03-28 13:32:38',51,0),
(615,432,5,'Runte-Rice','Dormouse shall!\' they both bowed low, and their curls got entangled together. Alice laughed so...',32,NULL,'2025-03-28 13:32:38',51,0),
(616,23,13,'Trantow LLC','Mr. Broderick Hauck',42,NULL,'2025-04-02 14:00:00',51,0),
(617,24,13,'Trantow LLC','Mrs. Elizabeth Cartwright',42,NULL,'2025-04-02 14:00:00',93,0),
(618,25,13,'Trantow LLC','Ashlee Beier',42,NULL,'2025-04-02 14:00:00',63,0),
(619,433,5,'Trantow LLC','I learn music.\' \'Ah! that accounts for it,\' said Five, in a pleased tone. \'Pray don\'t trouble...',32,NULL,'2025-03-28 13:32:38',51,0),
(620,26,13,'Prohaska-Lang','Mr. Broderick Hauck',42,NULL,'2025-04-08 15:00:00',51,0),
(621,27,13,'Prohaska-Lang','Prof. Johnny Kirlin',42,NULL,'2025-04-08 15:00:00',73,0),
(622,28,13,'Prohaska-Lang','Burdette Stamm',42,NULL,'2025-04-08 15:00:00',78,0),
(623,434,5,'Prohaska-Lang','Dormouse. \'Fourteenth of March, I think I can remember feeling a little hot tea upon its nose....',32,NULL,'2025-03-28 13:32:38',51,0),
(624,29,13,'Fisher Inc','Mr. Jedidiah Tromp',42,NULL,'2025-04-02 12:00:00',58,0),
(625,30,13,'Fisher Inc','Camron Heller Sr.',42,NULL,'2025-04-02 12:00:00',83,0),
(626,31,13,'Fisher Inc','System Administrator',42,NULL,'2025-04-02 12:00:00',47,0),
(627,435,5,'Fisher Inc','White Rabbit was still in existence; \'and now for the moment how large she had asked it aloud;...',32,NULL,'2025-03-28 13:32:39',58,0),
(628,436,5,'Fisher Inc','Alice looked down at her side. She was close behind it when she had gone through that day. \'That...',32,NULL,'2025-03-28 13:32:39',58,0),
(629,32,13,'Quitzon PLC','Mr. Jedidiah Tromp',42,NULL,'2025-04-05 11:00:00',58,0),
(630,33,13,'Quitzon PLC','System Administrator',42,NULL,'2025-04-05 11:00:00',47,0),
(631,34,13,'Quitzon PLC','Prof. Johnny Kirlin',42,NULL,'2025-04-05 11:00:00',73,0),
(632,437,5,'Quitzon PLC','Let me think: was I the same solemn tone, \'For the Duchess. \'I make you grow shorter.\' \'One side...',32,NULL,'2025-03-28 13:32:39',58,0),
(633,35,13,'Collier, Spinka and King','Mr. Jedidiah Tromp',42,NULL,'2025-04-13 19:00:00',58,0),
(634,36,13,'Collier, Spinka and King','Tony Howe',42,NULL,'2025-04-13 19:00:00',68,0),
(635,37,13,'Collier, Spinka and King','Ashlee Beier',42,NULL,'2025-04-13 19:00:00',63,0),
(636,438,5,'Collier, Spinka and King','Alice looked down at her side. She was close behind it when she had gone through that day. \'That...',32,NULL,'2025-03-28 13:32:39',58,0),
(637,439,5,'Collier, Spinka and King','Dormouse. \'Fourteenth of March, I think I can remember feeling a little hot tea upon its nose....',32,NULL,'2025-03-28 13:32:39',58,0),
(638,440,5,'Collier, Spinka and King','She was looking at it uneasily, shaking it every now and then raised himself upon tiptoe, put...',32,NULL,'2025-03-28 13:32:39',58,0),
(639,441,5,'Collier, Spinka and King','Alice looked down at her side. She was close behind it when she had gone through that day. \'That...',32,NULL,'2025-03-28 13:32:39',58,0),
(640,38,13,'Johnston-Cole','Mr. Jedidiah Tromp',42,NULL,'2025-04-08 18:00:00',58,0),
(641,39,13,'Johnston-Cole','Mrs. Elizabeth Cartwright',42,NULL,'2025-04-08 18:00:00',93,0),
(642,40,13,'Johnston-Cole','System Administrator',42,NULL,'2025-04-08 18:00:00',47,0),
(643,442,5,'Johnston-Cole','Let me think: was I the same solemn tone, \'For the Duchess. \'I make you grow shorter.\' \'One side...',32,NULL,'2025-03-28 13:32:39',58,0),
(644,41,13,'Kling-Hessel','Mr. Jedidiah Tromp',42,NULL,'2025-04-01 10:00:00',58,0),
(645,42,13,'Kling-Hessel','Prof. Johnny Kirlin',42,NULL,'2025-04-01 10:00:00',73,0),
(646,43,13,'Kling-Hessel','Mrs. Elizabeth Cartwright',42,NULL,'2025-04-01 10:00:00',93,0),
(647,443,5,'Kling-Hessel','Alice in a shrill, passionate voice. \'Would YOU like cats if you cut your finger VERY deeply...',32,NULL,'2025-03-28 13:32:39',58,0),
(648,44,13,'Jast LLC','Ashlee Beier',42,NULL,'2025-03-30 14:00:00',63,0),
(649,45,13,'Jast LLC','Tony Howe',42,NULL,'2025-03-30 14:00:00',68,0),
(650,46,13,'Jast LLC','Prof. Johnny Kirlin',42,NULL,'2025-03-30 14:00:00',73,0),
(651,444,5,'Jast LLC','Dormouse. \'Fourteenth of March, I think I can remember feeling a little hot tea upon its nose....',32,NULL,'2025-03-28 13:32:39',63,0),
(652,445,5,'Jast LLC','ALL RETURNED FROM HIM TO YOU,\"\' said Alice. \'Of course twinkling begins with a trumpet in one...',32,NULL,'2025-03-28 13:32:39',63,0),
(653,446,5,'Jast LLC','Let me think: was I the same solemn tone, \'For the Duchess. \'I make you grow shorter.\' \'One side...',32,NULL,'2025-03-28 13:32:39',63,0),
(654,47,13,'Rau-Glover','Ashlee Beier',42,NULL,'2025-03-25 09:00:00',63,0),
(655,48,13,'Rau-Glover','Mr. Shayne Zemlak',42,NULL,'2025-03-25 09:00:00',88,0),
(656,49,13,'Rau-Glover','System Administrator',42,NULL,'2025-03-25 09:00:00',47,0),
(657,447,5,'Rau-Glover','WILL be a person of authority over Alice. \'Stand up and to hear it say, as it spoke. \'As wet as...',32,NULL,'2025-03-28 13:32:39',63,0),
(658,448,5,'Rau-Glover','I\'ve tried to say than his first speech. \'You should learn not to be a very curious to know your...',32,NULL,'2025-03-28 13:32:39',63,0),
(659,449,5,'Rau-Glover','It was the first verse,\' said the Dormouse; \'VERY ill.\' Alice tried to curtsey as she could, \'If...',32,NULL,'2025-03-28 13:32:39',63,0),
(660,50,13,'Stoltenberg Ltd','Ashlee Beier',42,NULL,'2025-04-02 17:00:00',63,0),
(661,51,13,'Stoltenberg Ltd','Mr. Jedidiah Tromp',42,NULL,'2025-04-02 17:00:00',58,0),
(662,52,13,'Stoltenberg Ltd','Mr. Shayne Zemlak',42,NULL,'2025-04-02 17:00:00',88,0),
(663,450,5,'Stoltenberg Ltd','It was the first verse,\' said the Dormouse; \'VERY ill.\' Alice tried to curtsey as she could, \'If...',32,NULL,'2025-03-28 13:32:40',63,0),
(664,53,13,'Pacocha, Toy and Orn','Ashlee Beier',42,NULL,'2025-04-02 07:00:00',63,0),
(665,54,13,'Pacocha, Toy and Orn','Camron Heller Sr.',42,NULL,'2025-04-02 07:00:00',83,0),
(666,55,13,'Pacocha, Toy and Orn','Burdette Stamm',42,NULL,'2025-04-02 07:00:00',78,0),
(667,451,5,'Pacocha, Toy and Orn','I\'ve tried to say than his first speech. \'You should learn not to be a very curious to know your...',32,NULL,'2025-03-28 13:32:40',63,0),
(668,56,13,'Roberts, Krajcik and Brakus','Ashlee Beier',42,NULL,'2025-04-10 18:00:00',63,0),
(669,57,13,'Roberts, Krajcik and Brakus','Burdette Stamm',42,NULL,'2025-04-10 18:00:00',78,0),
(670,58,13,'Roberts, Krajcik and Brakus','System Administrator',42,NULL,'2025-04-10 18:00:00',47,0),
(671,452,5,'Roberts, Krajcik and Brakus','Still she went on, \'What HAVE you been doing here?\' \'May it please your Majesty,\' said the March...',32,NULL,'2025-03-28 13:32:40',63,0),
(672,453,5,'Roberts, Krajcik and Brakus','There ought to be almost out of its right ear and left off sneezing by this time). \'Don\'t...',32,NULL,'2025-03-28 13:32:40',63,0),
(673,454,5,'Roberts, Krajcik and Brakus','Rabbit\'s voice; and the Mock Turtle. \'Seals, turtles, salmon, and so on; then, when you\'ve...',32,NULL,'2025-03-28 13:32:40',63,0),
(674,455,5,'Roberts, Krajcik and Brakus','There ought to be almost out of its right ear and left off sneezing by this time). \'Don\'t...',32,NULL,'2025-03-28 13:32:40',63,0),
(675,59,13,'Nolan PLC','Tony Howe',42,NULL,'2025-04-09 15:00:00',68,0),
(676,60,13,'Nolan PLC','System Administrator',42,NULL,'2025-04-09 15:00:00',47,0),
(677,456,5,'Nolan PLC','Involved in this way! Stop this moment, and fetch me a pair of the room again, no wonder she...',32,NULL,'2025-03-28 13:32:40',68,0),
(678,61,13,'Connelly, Bruen and Lang','Tony Howe',42,NULL,'2025-03-28 09:00:00',68,0),
(679,62,13,'Connelly, Bruen and Lang','Camron Heller Sr.',42,NULL,'2025-03-28 09:00:00',83,0),
(680,63,13,'Connelly, Bruen and Lang','Mr. Broderick Hauck',42,NULL,'2025-03-28 09:00:00',51,0),
(681,457,5,'Connelly, Bruen and Lang','YOU, and no room to grow up again! Let me see: that would be grand, certainly,\' said Alice, who...',32,NULL,'2025-03-28 13:32:40',68,0),
(682,458,5,'Connelly, Bruen and Lang','Dormouse shall!\' they both bowed low, and their curls got entangled together. Alice laughed so...',32,NULL,'2025-03-28 13:32:40',68,0),
(683,459,5,'Connelly, Bruen and Lang','Still she went on, \'What HAVE you been doing here?\' \'May it please your Majesty,\' said the March...',32,NULL,'2025-03-28 13:32:40',68,0),
(684,64,13,'Parisian, Ferry and Breitenberg','Tony Howe',42,NULL,'2025-04-10 18:00:00',68,0),
(685,65,13,'Parisian, Ferry and Breitenberg','System Administrator',42,NULL,'2025-04-10 18:00:00',47,0),
(686,460,5,'Parisian, Ferry and Breitenberg','She said this last remark, \'it\'s a vegetable. It doesn\'t look like it?\' he said. \'Fifteenth,\'...',32,NULL,'2025-03-28 13:32:40',68,0),
(687,461,5,'Parisian, Ferry and Breitenberg','WILL be a person of authority over Alice. \'Stand up and to hear it say, as it spoke. \'As wet as...',32,NULL,'2025-03-28 13:32:40',68,0),
(688,462,5,'Parisian, Ferry and Breitenberg','Hatter: and in despair she put her hand on the English coast you find a thing,\' said the...',32,NULL,'2025-03-28 13:32:40',68,0),
(689,463,5,'Parisian, Ferry and Breitenberg','White Rabbit was still in existence; \'and now for the moment how large she had asked it aloud;...',32,NULL,'2025-03-28 13:32:40',68,0),
(690,66,13,'Ryan, Mosciski and Hudson','Tony Howe',42,NULL,'2025-03-26 10:00:00',68,0),
(691,67,13,'Ryan, Mosciski and Hudson','Camron Heller Sr.',42,NULL,'2025-03-26 10:00:00',83,0),
(692,68,13,'Ryan, Mosciski and Hudson','Mr. Shayne Zemlak',42,NULL,'2025-03-26 10:00:00',88,0),
(693,464,5,'Ryan, Mosciski and Hudson','She said this last remark, \'it\'s a vegetable. It doesn\'t look like it?\' he said. \'Fifteenth,\'...',32,NULL,'2025-03-28 13:32:40',68,0),
(694,465,5,'Ryan, Mosciski and Hudson','Involved in this way! Stop this moment, and fetch me a pair of the room again, no wonder she...',32,NULL,'2025-03-28 13:32:40',68,0),
(695,69,13,'Zieme, Miller and Gislason','Tony Howe',42,NULL,'2025-04-09 17:00:00',68,0),
(696,70,13,'Zieme, Miller and Gislason','System Administrator',42,NULL,'2025-04-09 17:00:00',47,0),
(697,71,13,'Zieme, Miller and Gislason','Mr. Broderick Hauck',42,NULL,'2025-04-09 17:00:00',51,0),
(698,466,5,'Zieme, Miller and Gislason','WHAT? The other guests had taken his watch out of the cattle in the air: it puzzled her very...',32,NULL,'2025-03-28 13:32:40',68,0),
(699,467,5,'Zieme, Miller and Gislason','WILL be a person of authority over Alice. \'Stand up and to hear it say, as it spoke. \'As wet as...',32,NULL,'2025-03-28 13:32:40',68,0),
(700,468,5,'Zieme, Miller and Gislason','Rabbit\'s voice; and the Mock Turtle. \'Seals, turtles, salmon, and so on; then, when you\'ve...',32,NULL,'2025-03-28 13:32:40',68,0),
(701,469,5,'Zieme, Miller and Gislason','Alice in a shrill, passionate voice. \'Would YOU like cats if you cut your finger VERY deeply...',32,NULL,'2025-03-28 13:32:40',68,0),
(702,72,13,'Wolff, Hills and Bayer','Prof. Johnny Kirlin',42,NULL,'2025-04-11 17:00:00',73,0),
(703,73,13,'Wolff, Hills and Bayer','Tony Howe',42,NULL,'2025-04-11 17:00:00',68,0),
(704,74,13,'Wolff, Hills and Bayer','Mrs. Elizabeth Cartwright',42,NULL,'2025-04-11 17:00:00',93,0),
(705,470,5,'Wolff, Hills and Bayer','Dormouse. \'Fourteenth of March, I think I can remember feeling a little hot tea upon its nose....',32,NULL,'2025-03-28 13:32:41',73,0),
(706,471,5,'Wolff, Hills and Bayer','WILL be a person of authority over Alice. \'Stand up and to hear it say, as it spoke. \'As wet as...',32,NULL,'2025-03-28 13:32:41',73,0),
(707,75,13,'Quitzon-Runte','Prof. Johnny Kirlin',42,NULL,'2025-03-30 10:00:00',73,0),
(708,76,13,'Quitzon-Runte','System Administrator',42,NULL,'2025-03-30 10:00:00',47,0),
(709,77,13,'Quitzon-Runte','Ashlee Beier',42,NULL,'2025-03-30 10:00:00',63,0),
(710,472,5,'Quitzon-Runte','White Rabbit was still in existence; \'and now for the moment how large she had asked it aloud;...',32,NULL,'2025-03-28 13:32:41',73,0),
(711,473,5,'Quitzon-Runte','Dormouse shall!\' they both bowed low, and their curls got entangled together. Alice laughed so...',32,NULL,'2025-03-28 13:32:41',73,0),
(712,474,5,'Quitzon-Runte','I learn music.\' \'Ah! that accounts for it,\' said Five, in a pleased tone. \'Pray don\'t trouble...',32,NULL,'2025-03-28 13:32:41',73,0),
(713,475,5,'Quitzon-Runte','Rabbit\'s voice; and the Mock Turtle. \'Seals, turtles, salmon, and so on; then, when you\'ve...',32,NULL,'2025-03-28 13:32:41',73,0),
(714,78,13,'Bauch-Ryan','Prof. Johnny Kirlin',42,NULL,'2025-04-10 14:00:00',73,0),
(715,79,13,'Bauch-Ryan','Mr. Shayne Zemlak',42,NULL,'2025-04-10 14:00:00',88,0),
(716,80,13,'Bauch-Ryan','Mr. Jedidiah Tromp',42,NULL,'2025-04-10 14:00:00',58,0),
(717,476,5,'Bauch-Ryan','Alice in a shrill, passionate voice. \'Would YOU like cats if you cut your finger VERY deeply...',32,NULL,'2025-03-28 13:32:41',73,0),
(718,477,5,'Bauch-Ryan','There ought to be almost out of its right ear and left off sneezing by this time). \'Don\'t...',32,NULL,'2025-03-28 13:32:41',73,0),
(719,478,5,'Bauch-Ryan','Alice in a shrill, passionate voice. \'Would YOU like cats if you cut your finger VERY deeply...',32,NULL,'2025-03-28 13:32:41',73,0),
(720,479,5,'Bauch-Ryan','Hatter: and in despair she put her hand on the English coast you find a thing,\' said the...',32,NULL,'2025-03-28 13:32:41',73,0),
(721,480,5,'Bauch-Ryan','There ought to be almost out of its right ear and left off sneezing by this time). \'Don\'t...',32,NULL,'2025-03-28 13:32:41',73,0),
(722,81,13,'Ziemann LLC','Prof. Johnny Kirlin',42,NULL,'2025-03-25 15:00:00',73,0),
(723,82,13,'Ziemann LLC','Ashlee Beier',42,NULL,'2025-03-25 15:00:00',63,0),
(724,481,5,'Ziemann LLC','There ought to be almost out of its right ear and left off sneezing by this time). \'Don\'t...',32,NULL,'2025-03-28 13:32:41',73,0),
(725,83,13,'Pacocha-Farrell','Prof. Johnny Kirlin',42,NULL,'2025-04-04 13:00:00',73,0),
(726,84,13,'Pacocha-Farrell','Ashlee Beier',42,NULL,'2025-04-04 13:00:00',63,0),
(727,482,5,'Pacocha-Farrell','Hatter: and in despair she put her hand on the English coast you find a thing,\' said the...',32,NULL,'2025-03-28 13:32:41',73,0),
(728,85,13,'Boyer, Morissette and Denesik','Burdette Stamm',42,NULL,'2025-04-13 13:00:00',78,0),
(729,86,13,'Boyer, Morissette and Denesik','Mrs. Elizabeth Cartwright',42,NULL,'2025-04-13 13:00:00',93,0),
(730,87,13,'Boyer, Morissette and Denesik','Mr. Jedidiah Tromp',42,NULL,'2025-04-13 13:00:00',58,0),
(731,483,5,'Boyer, Morissette and Denesik','She was looking at it uneasily, shaking it every now and then raised himself upon tiptoe, put...',32,NULL,'2025-03-28 13:32:41',78,0),
(732,484,5,'Boyer, Morissette and Denesik','Dormouse shall!\' they both bowed low, and their curls got entangled together. Alice laughed so...',32,NULL,'2025-03-28 13:32:41',78,0),
(733,485,5,'Boyer, Morissette and Denesik','I\'ve tried to say than his first speech. \'You should learn not to be a very curious to know your...',32,NULL,'2025-03-28 13:32:41',78,0),
(734,88,13,'Christiansen-Cruickshank','Burdette Stamm',42,NULL,'2025-04-07 20:00:00',78,0),
(735,89,13,'Christiansen-Cruickshank','Prof. Johnny Kirlin',42,NULL,'2025-04-07 20:00:00',73,0),
(736,90,13,'Christiansen-Cruickshank','Camron Heller Sr.',42,NULL,'2025-04-07 20:00:00',83,0),
(737,486,5,'Christiansen-Cruickshank','Alice looked down at her side. She was close behind it when she had gone through that day. \'That...',32,NULL,'2025-03-28 13:32:41',78,0),
(738,487,5,'Christiansen-Cruickshank','ALL RETURNED FROM HIM TO YOU,\"\' said Alice. \'Of course twinkling begins with a trumpet in one...',32,NULL,'2025-03-28 13:32:41',78,0),
(739,91,13,'Blick-Dooley','Burdette Stamm',42,NULL,'2025-04-06 09:00:00',78,0),
(740,92,13,'Blick-Dooley','Camron Heller Sr.',42,NULL,'2025-04-06 09:00:00',83,0),
(741,488,5,'Blick-Dooley','Alice in a shrill, passionate voice. \'Would YOU like cats if you cut your finger VERY deeply...',32,NULL,'2025-03-28 13:32:41',78,0),
(742,93,13,'Altenwerth-Carroll','Burdette Stamm',42,NULL,'2025-04-11 15:00:00',78,0),
(743,94,13,'Altenwerth-Carroll','Mr. Jedidiah Tromp',42,NULL,'2025-04-11 15:00:00',58,0),
(744,95,13,'Altenwerth-Carroll','Mr. Shayne Zemlak',42,NULL,'2025-04-11 15:00:00',88,0),
(745,489,5,'Altenwerth-Carroll','Let me think: was I the same solemn tone, \'For the Duchess. \'I make you grow shorter.\' \'One side...',32,NULL,'2025-03-28 13:32:42',78,0),
(746,490,5,'Altenwerth-Carroll','Hatter: and in despair she put her hand on the English coast you find a thing,\' said the...',32,NULL,'2025-03-28 13:32:42',78,0),
(747,491,5,'Altenwerth-Carroll','Alice in a shrill, passionate voice. \'Would YOU like cats if you cut your finger VERY deeply...',32,NULL,'2025-03-28 13:32:42',78,0),
(748,492,5,'Altenwerth-Carroll','YOU, and no room to grow up again! Let me see: that would be grand, certainly,\' said Alice, who...',32,NULL,'2025-03-28 13:32:42',78,0),
(749,493,5,'Altenwerth-Carroll','WILL be a person of authority over Alice. \'Stand up and to hear it say, as it spoke. \'As wet as...',32,NULL,'2025-03-28 13:32:42',78,0),
(750,96,13,'Huels, Schaefer and Lindgren','Burdette Stamm',42,NULL,'2025-03-27 19:00:00',78,0),
(751,97,13,'Huels, Schaefer and Lindgren','Mr. Shayne Zemlak',42,NULL,'2025-03-27 19:00:00',88,0),
(752,98,13,'Huels, Schaefer and Lindgren','Prof. Johnny Kirlin',42,NULL,'2025-03-27 19:00:00',73,0),
(753,494,5,'Huels, Schaefer and Lindgren','It was the first verse,\' said the Dormouse; \'VERY ill.\' Alice tried to curtsey as she could, \'If...',32,NULL,'2025-03-28 13:32:42',78,0),
(754,495,5,'Huels, Schaefer and Lindgren','It was the first verse,\' said the Dormouse; \'VERY ill.\' Alice tried to curtsey as she could, \'If...',32,NULL,'2025-03-28 13:32:42',78,0),
(755,496,5,'Huels, Schaefer and Lindgren','Dormouse shall!\' they both bowed low, and their curls got entangled together. Alice laughed so...',32,NULL,'2025-03-28 13:32:42',78,0),
(756,99,13,'Nicolas Ltd','Camron Heller Sr.',42,NULL,'2025-04-06 19:00:00',83,0),
(757,100,13,'Nicolas Ltd','Ashlee Beier',42,NULL,'2025-04-06 19:00:00',63,0),
(758,101,13,'Nicolas Ltd','Tony Howe',42,NULL,'2025-04-06 19:00:00',68,0),
(759,497,5,'Nicolas Ltd','WHAT? The other guests had taken his watch out of the cattle in the air: it puzzled her very...',32,NULL,'2025-03-28 13:32:42',83,0),
(760,498,5,'Nicolas Ltd','Dormouse shall!\' they both bowed low, and their curls got entangled together. Alice laughed so...',32,NULL,'2025-03-28 13:32:42',83,0),
(761,499,5,'Nicolas Ltd','Rabbit\'s voice; and the Mock Turtle. \'Seals, turtles, salmon, and so on; then, when you\'ve...',32,NULL,'2025-03-28 13:32:42',83,0),
(762,500,5,'Nicolas Ltd','Alice in a shrill, passionate voice. \'Would YOU like cats if you cut your finger VERY deeply...',32,NULL,'2025-03-28 13:32:42',83,0),
(763,102,13,'Hintz-Koch','Camron Heller Sr.',42,NULL,'2025-03-28 14:00:00',83,0),
(764,103,13,'Hintz-Koch','Mr. Jedidiah Tromp',42,NULL,'2025-03-28 14:00:00',58,0),
(765,501,5,'Hintz-Koch','Dormouse shall!\' they both bowed low, and their curls got entangled together. Alice laughed so...',32,NULL,'2025-03-28 13:32:42',83,0),
(766,104,13,'Green-Braun','Camron Heller Sr.',42,NULL,'2025-04-08 17:00:00',83,0),
(767,105,13,'Green-Braun','Tony Howe',42,NULL,'2025-04-08 17:00:00',68,0),
(768,106,13,'Green-Braun','Burdette Stamm',42,NULL,'2025-04-08 17:00:00',78,0),
(769,502,5,'Green-Braun','Dormouse shall!\' they both bowed low, and their curls got entangled together. Alice laughed so...',32,NULL,'2025-03-28 13:32:42',83,0),
(770,503,5,'Green-Braun','WHAT? The other guests had taken his watch out of the cattle in the air: it puzzled her very...',32,NULL,'2025-03-28 13:32:42',83,0),
(771,504,5,'Green-Braun','White Rabbit was still in existence; \'and now for the moment how large she had asked it aloud;...',32,NULL,'2025-03-28 13:32:42',83,0),
(772,505,5,'Green-Braun','I\'ve tried to say than his first speech. \'You should learn not to be a very curious to know your...',32,NULL,'2025-03-28 13:32:42',83,0),
(773,506,5,'Green-Braun','ALL RETURNED FROM HIM TO YOU,\"\' said Alice. \'Of course twinkling begins with a trumpet in one...',32,NULL,'2025-03-28 13:32:42',83,0),
(774,107,13,'Hills, Spencer and Mann','Camron Heller Sr.',42,NULL,'2025-04-04 11:00:00',83,0),
(775,108,13,'Hills, Spencer and Mann','System Administrator',42,NULL,'2025-04-04 11:00:00',47,0),
(776,109,13,'Hills, Spencer and Mann','Ashlee Beier',42,NULL,'2025-04-04 11:00:00',63,0),
(777,507,5,'Hills, Spencer and Mann','Dormouse shall!\' they both bowed low, and their curls got entangled together. Alice laughed so...',32,NULL,'2025-03-28 13:32:42',83,0),
(778,110,13,'Herman, Farrell and Fisher','Camron Heller Sr.',42,NULL,'2025-04-06 14:00:00',83,0),
(779,111,13,'Herman, Farrell and Fisher','Ashlee Beier',42,NULL,'2025-04-06 14:00:00',63,0),
(780,112,13,'Herman, Farrell and Fisher','Mr. Broderick Hauck',42,NULL,'2025-04-06 14:00:00',51,0),
(781,508,5,'Herman, Farrell and Fisher','Involved in this way! Stop this moment, and fetch me a pair of the room again, no wonder she...',32,NULL,'2025-03-28 13:32:42',83,0),
(782,509,5,'Herman, Farrell and Fisher','Dormouse shall!\' they both bowed low, and their curls got entangled together. Alice laughed so...',32,NULL,'2025-03-28 13:32:42',83,0),
(783,510,5,'Herman, Farrell and Fisher','YOU, and no room to grow up again! Let me see: that would be grand, certainly,\' said Alice, who...',32,NULL,'2025-03-28 13:32:42',83,0),
(784,113,13,'Torp and Sons','Mr. Shayne Zemlak',42,NULL,'2025-04-12 07:00:00',88,0),
(785,114,13,'Torp and Sons','Burdette Stamm',42,NULL,'2025-04-12 07:00:00',78,0),
(786,115,13,'Torp and Sons','System Administrator',42,NULL,'2025-04-12 07:00:00',47,0),
(787,511,5,'Torp and Sons','It was the first verse,\' said the Dormouse; \'VERY ill.\' Alice tried to curtsey as she could, \'If...',32,NULL,'2025-03-28 13:32:43',88,0),
(788,116,13,'Koepp, Schinner and Reichert','Mr. Shayne Zemlak',42,NULL,'2025-04-12 16:00:00',88,0),
(789,117,13,'Koepp, Schinner and Reichert','Ashlee Beier',42,NULL,'2025-04-12 16:00:00',63,0),
(790,118,13,'Koepp, Schinner and Reichert','Prof. Johnny Kirlin',42,NULL,'2025-04-12 16:00:00',73,0),
(791,512,5,'Koepp, Schinner and Reichert','WILL be a person of authority over Alice. \'Stand up and to hear it say, as it spoke. \'As wet as...',32,NULL,'2025-03-28 13:32:43',88,0),
(792,513,5,'Koepp, Schinner and Reichert','There ought to be almost out of its right ear and left off sneezing by this time). \'Don\'t...',32,NULL,'2025-03-28 13:32:43',88,0),
(793,119,13,'Wolff Ltd','Mr. Shayne Zemlak',42,NULL,'2025-04-03 11:00:00',88,0),
(794,120,13,'Wolff Ltd','Mr. Broderick Hauck',42,NULL,'2025-04-03 11:00:00',51,0),
(795,121,13,'Wolff Ltd','System Administrator',42,NULL,'2025-04-03 11:00:00',47,0),
(796,514,5,'Wolff Ltd','Dormouse. \'Fourteenth of March, I think I can remember feeling a little hot tea upon its nose....',32,NULL,'2025-03-28 13:32:43',88,0),
(797,515,5,'Wolff Ltd','Dormouse shall!\' they both bowed low, and their curls got entangled together. Alice laughed so...',32,NULL,'2025-03-28 13:32:43',88,0),
(798,122,13,'Purdy and Sons','Mr. Shayne Zemlak',42,NULL,'2025-04-06 07:00:00',88,0),
(799,123,13,'Purdy and Sons','Burdette Stamm',42,NULL,'2025-04-06 07:00:00',78,0),
(800,516,5,'Purdy and Sons','She was looking at it uneasily, shaking it every now and then raised himself upon tiptoe, put...',32,NULL,'2025-03-28 13:32:43',88,0),
(801,517,5,'Purdy and Sons','Rabbit\'s voice; and the Mock Turtle. \'Seals, turtles, salmon, and so on; then, when you\'ve...',32,NULL,'2025-03-28 13:32:43',88,0),
(802,518,5,'Purdy and Sons','Let me think: was I the same solemn tone, \'For the Duchess. \'I make you grow shorter.\' \'One side...',32,NULL,'2025-03-28 13:32:43',88,0),
(803,519,5,'Purdy and Sons','Dormouse shall!\' they both bowed low, and their curls got entangled together. Alice laughed so...',32,NULL,'2025-03-28 13:32:43',88,0),
(804,124,13,'Hane-Lesch','Mr. Shayne Zemlak',42,NULL,'2025-04-03 17:00:00',88,0),
(805,125,13,'Hane-Lesch','Mrs. Elizabeth Cartwright',42,NULL,'2025-04-03 17:00:00',93,0),
(806,520,5,'Hane-Lesch','YOU, and no room to grow up again! Let me see: that would be grand, certainly,\' said Alice, who...',32,NULL,'2025-03-28 13:32:43',88,0),
(807,521,5,'Hane-Lesch','There ought to be almost out of its right ear and left off sneezing by this time). \'Don\'t...',32,NULL,'2025-03-28 13:32:43',88,0),
(808,522,5,'Hane-Lesch','WHAT? The other guests had taken his watch out of the cattle in the air: it puzzled her very...',32,NULL,'2025-03-28 13:32:43',88,0),
(809,126,13,'McClure-Aufderhar','Mrs. Elizabeth Cartwright',42,NULL,'2025-03-27 11:00:00',93,0),
(810,127,13,'McClure-Aufderhar','Camron Heller Sr.',42,NULL,'2025-03-27 11:00:00',83,0),
(811,523,5,'McClure-Aufderhar','Alice in a shrill, passionate voice. \'Would YOU like cats if you cut your finger VERY deeply...',32,NULL,'2025-03-28 13:32:43',93,0),
(812,524,5,'McClure-Aufderhar','YOU, and no room to grow up again! Let me see: that would be grand, certainly,\' said Alice, who...',32,NULL,'2025-03-28 13:32:43',93,0),
(813,525,5,'McClure-Aufderhar','Rabbit\'s voice; and the Mock Turtle. \'Seals, turtles, salmon, and so on; then, when you\'ve...',32,NULL,'2025-03-28 13:32:43',93,0),
(814,526,5,'McClure-Aufderhar','White Rabbit was still in existence; \'and now for the moment how large she had asked it aloud;...',32,NULL,'2025-03-28 13:32:43',93,0),
(815,128,13,'Marquardt, Ratke and Kuvalis','Mrs. Elizabeth Cartwright',42,NULL,'2025-04-11 12:00:00',93,0),
(816,129,13,'Marquardt, Ratke and Kuvalis','Camron Heller Sr.',42,NULL,'2025-04-11 12:00:00',83,0),
(817,130,13,'Marquardt, Ratke and Kuvalis','Burdette Stamm',42,NULL,'2025-04-11 12:00:00',78,0),
(818,527,5,'Marquardt, Ratke and Kuvalis','She was looking at it uneasily, shaking it every now and then raised himself upon tiptoe, put...',32,NULL,'2025-03-28 13:32:43',93,0),
(819,528,5,'Marquardt, Ratke and Kuvalis','WILL be a person of authority over Alice. \'Stand up and to hear it say, as it spoke. \'As wet as...',32,NULL,'2025-03-28 13:32:43',93,0),
(820,131,13,'Murray, Hudson and Kshlerin','Mrs. Elizabeth Cartwright',42,NULL,'2025-04-08 09:00:00',93,0),
(821,132,13,'Murray, Hudson and Kshlerin','Mr. Broderick Hauck',42,NULL,'2025-04-08 09:00:00',51,0),
(822,133,13,'Murray, Hudson and Kshlerin','Mr. Jedidiah Tromp',42,NULL,'2025-04-08 09:00:00',58,0),
(823,529,5,'Murray, Hudson and Kshlerin','She said this last remark, \'it\'s a vegetable. It doesn\'t look like it?\' he said. \'Fifteenth,\'...',32,NULL,'2025-03-28 13:32:44',93,0),
(824,134,13,'Gerhold-Hand','Mrs. Elizabeth Cartwright',42,NULL,'2025-03-25 11:00:00',93,0),
(825,135,13,'Gerhold-Hand','Camron Heller Sr.',42,NULL,'2025-03-25 11:00:00',83,0),
(826,136,13,'Gerhold-Hand','Mr. Shayne Zemlak',42,NULL,'2025-03-25 11:00:00',88,0),
(827,530,5,'Gerhold-Hand','WHAT? The other guests had taken his watch out of the cattle in the air: it puzzled her very...',32,NULL,'2025-03-28 13:32:44',93,0),
(828,531,5,'Gerhold-Hand','I learn music.\' \'Ah! that accounts for it,\' said Five, in a pleased tone. \'Pray don\'t trouble...',32,NULL,'2025-03-28 13:32:44',93,0),
(829,532,5,'Gerhold-Hand','She was looking at it uneasily, shaking it every now and then raised himself upon tiptoe, put...',32,NULL,'2025-03-28 13:32:44',93,0),
(830,137,13,'Aufderhar LLC','Mrs. Elizabeth Cartwright',42,NULL,'2025-04-08 18:00:00',93,0),
(831,138,13,'Aufderhar LLC','Mr. Broderick Hauck',42,NULL,'2025-04-08 18:00:00',51,0),
(832,533,5,'Aufderhar LLC','I learn music.\' \'Ah! that accounts for it,\' said Five, in a pleased tone. \'Pray don\'t trouble...',32,NULL,'2025-03-28 13:32:44',93,0),
(833,139,13,'Beatty, Bergnaum and Runolfsson','Prof. Simone Kirlin Jr.',42,NULL,'2025-04-02 12:00:00',98,0),
(834,140,13,'Beatty, Bergnaum and Runolfsson','Camron Heller Sr.',42,NULL,'2025-04-02 12:00:00',83,0),
(835,534,5,'Beatty, Bergnaum and Runolfsson','White Rabbit was still in existence; \'and now for the moment how large she had asked it aloud;...',32,NULL,'2025-03-28 13:32:44',98,0),
(836,535,5,'Beatty, Bergnaum and Runolfsson','Dormouse. \'Fourteenth of March, I think I can remember feeling a little hot tea upon its nose....',32,NULL,'2025-03-28 13:32:44',98,0),
(837,141,13,'Lynch-Greenholt','Prof. Simone Kirlin Jr.',42,NULL,'2025-04-02 07:00:00',98,0),
(838,142,13,'Lynch-Greenholt','Ashlee Beier',42,NULL,'2025-04-02 07:00:00',63,0),
(839,143,13,'Lynch-Greenholt','Burdette Stamm',42,NULL,'2025-04-02 07:00:00',78,0),
(840,536,5,'Lynch-Greenholt','Involved in this way! Stop this moment, and fetch me a pair of the room again, no wonder she...',32,NULL,'2025-03-28 13:32:44',98,0),
(841,144,13,'Goldner, Barton and Dach','Prof. Simone Kirlin Jr.',42,NULL,'2025-04-03 08:00:00',98,0),
(842,145,13,'Goldner, Barton and Dach','Ashlee Beier',42,NULL,'2025-04-03 08:00:00',63,0),
(843,146,13,'Goldner, Barton and Dach','Tony Howe',42,NULL,'2025-04-03 08:00:00',68,0),
(844,537,5,'Goldner, Barton and Dach','Alice in a shrill, passionate voice. \'Would YOU like cats if you cut your finger VERY deeply...',32,NULL,'2025-03-28 13:32:44',98,0),
(845,538,5,'Goldner, Barton and Dach','WILL be a person of authority over Alice. \'Stand up and to hear it say, as it spoke. \'As wet as...',32,NULL,'2025-03-28 13:32:44',98,0),
(846,539,5,'Goldner, Barton and Dach','WHAT? The other guests had taken his watch out of the cattle in the air: it puzzled her very...',32,NULL,'2025-03-28 13:32:44',98,0),
(847,540,5,'Goldner, Barton and Dach','Involved in this way! Stop this moment, and fetch me a pair of the room again, no wonder she...',32,NULL,'2025-03-28 13:32:44',98,0),
(848,541,5,'Goldner, Barton and Dach','There ought to be almost out of its right ear and left off sneezing by this time). \'Don\'t...',32,NULL,'2025-03-28 13:32:44',98,0),
(849,147,13,'Hintz PLC','Prof. Simone Kirlin Jr.',42,NULL,'2025-04-01 07:00:00',98,0),
(850,148,13,'Hintz PLC','Tony Howe',42,NULL,'2025-04-01 07:00:00',68,0),
(851,149,13,'Hintz PLC','System Administrator',42,NULL,'2025-04-01 07:00:00',47,0),
(852,542,5,'Hintz PLC','Involved in this way! Stop this moment, and fetch me a pair of the room again, no wonder she...',32,NULL,'2025-03-28 13:32:44',98,0),
(853,150,13,'Cruickshank-Terry','Prof. Simone Kirlin Jr.',42,NULL,'2025-04-05 12:00:00',98,0),
(854,151,13,'Cruickshank-Terry','Mr. Shayne Zemlak',42,NULL,'2025-04-05 12:00:00',88,0),
(855,543,5,'Cruickshank-Terry','Dormouse. \'Fourteenth of March, I think I can remember feeling a little hot tea upon its nose....',32,NULL,'2025-03-28 13:32:44',98,0),
(856,152,13,'Bergnaum, Hammes and Hettinger','Nicklaus Durgan',42,NULL,'2025-03-31 19:00:00',103,0),
(857,153,13,'Bergnaum, Hammes and Hettinger','Mrs. Elizabeth Cartwright',42,NULL,'2025-03-31 19:00:00',93,0),
(858,154,13,'Bergnaum, Hammes and Hettinger','Mr. Jedidiah Tromp',42,NULL,'2025-03-31 19:00:00',58,0),
(859,544,5,'Bergnaum, Hammes and Hettinger','Still she went on, \'What HAVE you been doing here?\' \'May it please your Majesty,\' said the March...',32,NULL,'2025-03-28 13:32:45',103,0),
(860,155,13,'Hill-Gislason','Nicklaus Durgan',42,NULL,'2025-04-01 11:00:00',103,0),
(861,156,13,'Hill-Gislason','Ashlee Beier',42,NULL,'2025-04-01 11:00:00',63,0),
(862,545,5,'Hill-Gislason','WILL be a person of authority over Alice. \'Stand up and to hear it say, as it spoke. \'As wet as...',32,NULL,'2025-03-28 13:32:45',103,0),
(863,157,13,'Hill, Koelpin and Pacocha','Nicklaus Durgan',42,NULL,'2025-04-01 11:00:00',103,0),
(864,158,13,'Hill, Koelpin and Pacocha','Mr. Jedidiah Tromp',42,NULL,'2025-04-01 11:00:00',58,0),
(865,159,13,'Hill, Koelpin and Pacocha','Burdette Stamm',42,NULL,'2025-04-01 11:00:00',78,0),
(866,546,5,'Hill, Koelpin and Pacocha','YOU, and no room to grow up again! Let me see: that would be grand, certainly,\' said Alice, who...',32,NULL,'2025-03-28 13:32:45',103,0),
(867,547,5,'Hill, Koelpin and Pacocha','She said this last remark, \'it\'s a vegetable. It doesn\'t look like it?\' he said. \'Fifteenth,\'...',32,NULL,'2025-03-28 13:32:45',103,0),
(868,548,5,'Hill, Koelpin and Pacocha','It was the first verse,\' said the Dormouse; \'VERY ill.\' Alice tried to curtsey as she could, \'If...',32,NULL,'2025-03-28 13:32:45',103,0),
(869,549,5,'Hill, Koelpin and Pacocha','WHAT? The other guests had taken his watch out of the cattle in the air: it puzzled her very...',32,NULL,'2025-03-28 13:32:45',103,0),
(870,550,5,'Hill, Koelpin and Pacocha','WILL be a person of authority over Alice. \'Stand up and to hear it say, as it spoke. \'As wet as...',32,NULL,'2025-03-28 13:32:45',103,0),
(871,160,13,'Koch, Gorczany and Murphy','Nicklaus Durgan',42,NULL,'2025-03-25 10:00:00',103,0),
(872,161,13,'Koch, Gorczany and Murphy','Mrs. Elizabeth Cartwright',42,NULL,'2025-03-25 10:00:00',93,0),
(873,162,13,'Koch, Gorczany and Murphy','Mr. Broderick Hauck',42,NULL,'2025-03-25 10:00:00',51,0),
(874,551,5,'Koch, Gorczany and Murphy','WILL be a person of authority over Alice. \'Stand up and to hear it say, as it spoke. \'As wet as...',32,NULL,'2025-03-28 13:32:45',103,0),
(875,552,5,'Koch, Gorczany and Murphy','ALL RETURNED FROM HIM TO YOU,\"\' said Alice. \'Of course twinkling begins with a trumpet in one...',32,NULL,'2025-03-28 13:32:45',103,0),
(876,553,5,'Koch, Gorczany and Murphy','Alice looked down at her side. She was close behind it when she had gone through that day. \'That...',32,NULL,'2025-03-28 13:32:45',103,0),
(877,554,5,'Koch, Gorczany and Murphy','Alice looked down at her side. She was close behind it when she had gone through that day. \'That...',32,NULL,'2025-03-28 13:32:45',103,0),
(878,555,5,'Koch, Gorczany and Murphy','Rabbit\'s voice; and the Mock Turtle. \'Seals, turtles, salmon, and so on; then, when you\'ve...',32,NULL,'2025-03-28 13:32:45',103,0),
(879,163,13,'Simonis, Kuhlman and Prosacco','Nicklaus Durgan',42,NULL,'2025-03-30 13:00:00',103,0),
(880,164,13,'Simonis, Kuhlman and Prosacco','Mr. Jedidiah Tromp',42,NULL,'2025-03-30 13:00:00',58,0),
(881,165,13,'Simonis, Kuhlman and Prosacco','Tony Howe',42,NULL,'2025-03-30 13:00:00',68,0),
(882,556,5,'Simonis, Kuhlman and Prosacco','Alice looked down at her side. She was close behind it when she had gone through that day. \'That...',32,NULL,'2025-03-28 13:32:45',103,0),
(883,557,5,'Simonis, Kuhlman and Prosacco','Involved in this way! Stop this moment, and fetch me a pair of the room again, no wonder she...',32,NULL,'2025-03-28 13:32:45',103,0),
(884,17,16,'Road Runner Room','calendar/Road Runner Room',44,NULL,'2025-03-28 13:32:45',109,0),
(885,18,16,'Don Coyote Room','calendar/Don Coyote Room',44,NULL,'2025-03-28 13:32:45',110,0),
(886,19,16,'demo','users/demo',44,NULL,'2025-03-28 13:32:46',111,0),
(887,1,16,'noperson.jpg','users/demo/noperson.jpg',43,'1/19/','2025-03-28 13:32:46',111,0),
(888,2,16,'Demo letter.docx','users/demo/Demo letter.docx',43,'1/19/','2025-03-28 13:32:46',111,0),
(889,3,16,'empty.odt','users/demo/empty.odt',43,'1/19/','2025-03-28 13:32:46',111,0),
(890,4,16,'wecoyote.png','users/demo/wecoyote.png',43,'1/19/','2025-03-28 13:32:46',111,0),
(891,5,16,'empty.docx','users/demo/empty.docx',43,'1/19/','2025-03-28 13:32:46',111,0),
(892,6,16,'test.odt','users/admin/test.odt',43,'1/2/','2025-03-31 14:10:02',18,0),
(893,22,16,'1','tmp/1',44,NULL,'2025-03-31 10:17:32',124,0),
(899,12,16,'Beindigen overeenkomst Kemkens.odt','tmp/1/Beindigen overeenkomst Kemkens.odt',43,'21/22/','2025-03-31 10:21:11',124,0);
/*!40000 ALTER TABLE `core_search` ENABLE KEYS */;
UNLOCK TABLES;

--
-- Table structure for table `core_search_word`
--

DROP TABLE IF EXISTS `core_search_word`;
/*!40101 SET @saved_cs_client     = @@character_set_client */;
/*!40101 SET character_set_client = utf8 */;
CREATE TABLE `core_search_word` (
  `searchId` int(11) NOT NULL,
  `word` varchar(100) NOT NULL,
  PRIMARY KEY (`word`,`searchId`),
  KEY `searchId` (`searchId`),
  CONSTRAINT `core_search_word_ibfk_1` FOREIGN KEY (`searchId`) REFERENCES `core_search` (`id`) ON DELETE CASCADE
) ENGINE=InnoDB DEFAULT CHARSET=utf8mb4 COLLATE=utf8mb4_unicode_ci;
/*!40101 SET character_set_client = @saved_cs_client */;

--
-- Dumping data for table `core_search_word`
--

LOCK TABLES `core_search_word` WRITE;
/*!40000 ALTER TABLE `core_search_word` DISABLE KEYS */;
INSERT INTO `core_search_word` VALUES
(1,'2'),
(1,'admin'),
(1,'folder'),
(1,'users/admin'),
(2,'3'),
(2,'folder'),
(2,'public'),
(2,'users/admin/public'),
(3,'1'),
(3,'admin@intermesh.localhost'),
(3,'administrator'),
(3,'intermesh'),
(3,'localhost'),
(3,'system'),
(4,'5'),
(4,'administrator'),
(4,'calendar/system'),
(4,'folder'),
(4,'system'),
(5,'2'),
(5,'broderick'),
(5,'com'),
(5,'demo@group-office.com'),
(5,'group'),
(5,'hauck'),
(5,'mr.'),
(5,'office'),
(6,'6'),
(6,'broderick'),
(6,'calendar/mr.'),
(6,'folder'),
(6,'hauck'),
(6,'mr.'),
(7,'3'),
(7,'jedidiah'),
(7,'kiehn'),
(7,'lavada77@kiehn.org'),
(7,'mr.'),
(7,'org'),
(7,'tromp'),
(8,'7'),
(8,'calendar/mr.'),
(8,'folder'),
(8,'jedidiah'),
(8,'mr.'),
(8,'tromp'),
(9,'4'),
(9,'ashlee'),
(9,'beier'),
(9,'com'),
(9,'emacejkovic@heathcote.com'),
(9,'heathcote'),
(10,'8'),
(10,'ashlee'),
(10,'beier'),
(10,'calendar/ashlee'),
(10,'folder'),
(11,'5'),
(11,'carter'),
(11,'com'),
(11,'ferne'),
(11,'howe'),
(11,'inc'),
(11,'nikolaus.ferne@rolfson.com'),
(11,'rolfson'),
(11,'tony'),
(12,'9'),
(12,'calendar/tony'),
(12,'folder'),
(12,'howe'),
(12,'tony'),
(13,'6'),
(13,'botsford'),
(13,'com'),
(13,'johnny'),
(13,'kirlin'),
(13,'prof.'),
(13,'zzieme@botsford.com'),
(14,'10'),
(14,'calendar/prof.'),
(14,'folder'),
(14,'johnny'),
(14,'kirlin'),
(14,'prof.'),
(15,'7'),
(15,'burdette'),
(15,'com'),
(15,'dickinson.newell@rau.com'),
(15,'newell'),
(15,'rau'),
(15,'stamm'),
(16,'11'),
(16,'burdette'),
(16,'calendar/burdette'),
(16,'folder'),
(16,'stamm'),
(17,'8'),
(17,'camron'),
(17,'gerardo.schulist@quigley.net'),
(17,'heller'),
(17,'net'),
(17,'quigley'),
(17,'schulist'),
(17,'sr.'),
(18,'12'),
(18,'calendar/camron'),
(18,'camron'),
(18,'folder'),
(18,'heller'),
(18,'sr'),
(19,'9'),
(19,'abbott'),
(19,'com'),
(19,'mcclure'),
(19,'mr.'),
(19,'rodrigo.mcclure@abbott.com'),
(19,'shayne'),
(19,'zemlak'),
(20,'13'),
(20,'calendar/mr.'),
(20,'folder'),
(20,'mr.'),
(20,'shayne'),
(20,'zemlak'),
(21,'10'),
(21,'cartwright'),
(21,'com'),
(21,'elizabeth'),
(21,'emmerich'),
(21,'mrs.'),
(21,'nella.reichel@emmerich.com'),
(21,'reichel'),
(22,'14'),
(22,'calendar/mrs.'),
(22,'cartwright'),
(22,'elizabeth'),
(22,'folder'),
(22,'mrs.'),
(23,'11'),
(23,'com'),
(23,'conn'),
(23,'jr.'),
(23,'kirlin'),
(23,'llc'),
(23,'lora94@pollich.com'),
(23,'ltd'),
(23,'mante'),
(23,'pollich'),
(23,'prof.'),
(23,'simone'),
(24,'15'),
(24,'calendar/prof.'),
(24,'folder'),
(24,'jr'),
(24,'kirlin'),
(24,'prof.'),
(24,'simone'),
(25,'12'),
(25,'durgan'),
(25,'emmerich'),
(25,'jaskolski'),
(25,'kuphal'),
(25,'ltd'),
(25,'maryse.kuphal@jaskolski.org'),
(25,'nicklaus'),
(25,'org'),
(26,'16'),
(26,'calendar/nicklaus'),
(26,'durgan'),
(26,'folder'),
(26,'nicklaus'),
(27,'13'),
(27,'80390'),
(27,'alices'),
(27,'all'),
(27,'and'),
(27,'applications'),
(27,'at'),
(27,'business'),
(27,'cant'),
(27,'come'),
(27,'conn'),
(27,'did:'),
(27,'doors'),
(27,'down'),
(27,'e-business'),
(27,'ebert'),
(27,'eichmann'),
(27,'end'),
(27,'from'),
(27,'georgia'),
(27,'info'),
(27,'last'),
(27,'latvia'),
(27,'linwood.eichmann@ebert.info'),
(27,'llc'),
(27,'mcdermottburgh'),
(27,'must'),
(27,'name'),
(27,'needs'),
(27,'no'),
(27,'of'),
(27,'prove'),
(27,'roof.'),
(27,'round'),
(27,'scale'),
(27,'signed'),
(27,'some'),
(27,'the.'),
(27,'them'),
(27,'theres'),
(27,'they'),
(27,'were'),
(27,'window'),
(27,'wriggling'),
(28,'1'),
(28,'and'),
(28,'antipathies'),
(28,'coast'),
(28,'despair'),
(28,'downward'),
(28,'english'),
(28,'find'),
(28,'gryphon'),
(28,'hand'),
(28,'hatter:'),
(28,'heads'),
(28,'her'),
(28,'in'),
(28,'long'),
(28,'on'),
(28,'put'),
(28,'said'),
(28,'she'),
(28,'so'),
(28,'that'),
(28,'their'),
(28,'they.'),
(28,'thing'),
(28,'think--'),
(28,'was'),
(28,'would'),
(28,'you'),
(29,'2'),
(29,'accounts'),
(29,'ah'),
(29,'be'),
(29,'but'),
(29,'chain'),
(29,'daisy-chain'),
(29,'dont'),
(29,'five'),
(29,'for'),
(29,'in'),
(29,'it'),
(29,'learn'),
(29,'like'),
(29,'making'),
(29,'music.'),
(29,'of'),
(29,'pleased'),
(29,'pleasure'),
(29,'pray'),
(29,'said'),
(29,'say'),
(29,'soothing.'),
(29,'that'),
(29,'the'),
(29,'tone.'),
(29,'trouble'),
(29,'whether'),
(29,'would'),
(29,'yourself'),
(30,'026752552'),
(30,'14'),
(30,'16026752552'),
(30,'2552'),
(30,'26752552'),
(30,'52552'),
(30,'552'),
(30,'6026752552'),
(30,'60517'),
(30,'6752552'),
(30,'752552'),
(30,'arizona'),
(30,'aubrey'),
(30,'bashirianchester'),
(30,'blick.creola@hotmail.com'),
(30,'com'),
(30,'conn'),
(30,'creola'),
(30,'eldora'),
(30,'gislason'),
(30,'gmail'),
(30,'hotmail'),
(30,'india'),
(30,'ledner.eldora@gmail.com'),
(30,'llc'),
(30,'lwunsch@yahoo.com'),
(30,'yahoo'),
(31,'3'),
(31,'all'),
(31,'aloud'),
(31,'and'),
(31,'asked'),
(31,'both'),
(31,'creatures'),
(31,'existence'),
(31,'faces'),
(31,'for'),
(31,'had'),
(31,'he'),
(31,'hid'),
(31,'his'),
(31,'how'),
(31,'in'),
(31,'it'),
(31,'large'),
(31,'moment'),
(31,'now'),
(31,'places--all'),
(31,'proper'),
(31,'rabbit'),
(31,'repeated'),
(31,'she'),
(31,'still'),
(31,'their'),
(31,'turn'),
(31,'was'),
(31,'white'),
(31,'with.'),
(32,'04147-3368'),
(32,'15'),
(32,'3368'),
(32,'abby'),
(32,'about'),
(32,'alice.'),
(32,'and'),
(32,'called'),
(32,'canary'),
(32,'champlin.maudie@hotmail.com'),
(32,'com'),
(32,'delaware'),
(32,'dont'),
(32,'duchess.'),
(32,'generation'),
(32,'gloves'),
(32,'grow'),
(32,'hand'),
(32,'hotmail'),
(32,'in'),
(32,'kid'),
(32,'lake'),
(32,'make'),
(32,'maudie'),
(32,'models'),
(32,'next-generation'),
(32,'of'),
(32,'oh'),
(32,'one'),
(32,'ortiz'),
(32,'out'),
(32,'pair'),
(32,'paraguay'),
(32,'revolutionize'),
(32,'said'),
(32,'shorter.'),
(32,'side'),
(32,'talk'),
(32,'taller'),
(32,'the.'),
(32,'trouble'),
(32,'white'),
(32,'will'),
(32,'wolf-ortiz'),
(32,'you'),
(33,'4'),
(33,'all'),
(33,'be.'),
(33,'dry'),
(33,'duchess.'),
(33,'enough'),
(33,'for'),
(33,'from'),
(33,'grow'),
(33,'him'),
(33,'i'),
(33,'let'),
(33,'make'),
(33,'me'),
(33,'nowhere'),
(33,'one'),
(33,'returned'),
(33,'same'),
(33,'shorter.'),
(33,'side'),
(33,'solemn'),
(33,'they'),
(33,'think:'),
(33,'though'),
(33,'tone'),
(33,'was'),
(33,'were'),
(33,'will'),
(33,'you'),
(34,'5'),
(34,'air.'),
(34,'alice'),
(34,'but'),
(34,'cats'),
(34,'cut'),
(34,'deeply'),
(34,'duchess'),
(34,'even'),
(34,'finger'),
(34,'got'),
(34,'if'),
(34,'in'),
(34,'ive'),
(34,'knave'),
(34,'like'),
(34,'minute'),
(34,'nurse'),
(34,'of.'),
(34,'passionate'),
(34,'replied'),
(34,'shrill'),
(34,'table'),
(34,'the'),
(34,'to'),
(34,'very'),
(34,'voice.'),
(34,'with'),
(34,'would'),
(34,'your'),
(35,'--and'),
(35,'6'),
(35,'and'),
(35,'at'),
(35,'contemptuously.'),
(35,'dare'),
(35,'even'),
(35,'every'),
(35,'head'),
(35,'himself'),
(35,'his'),
(35,'it'),
(35,'just'),
(35,'looking'),
(35,'never'),
(35,'now'),
(35,'on.'),
(35,'put'),
(35,'raised'),
(35,'say'),
(35,'shaking'),
(35,'she'),
(35,'shoes'),
(35,'spoke'),
(35,'take'),
(35,'then'),
(35,'time.'),
(35,'tiptoe'),
(35,'to'),
(35,'uneasily'),
(35,'upon'),
(35,'was'),
(35,'you'),
(36,'+19713441814'),
(36,'08275'),
(36,'13441814'),
(36,'16'),
(36,'1814'),
(36,'19713441814'),
(36,'3441814'),
(36,'41814'),
(36,'441814'),
(36,'713441814'),
(36,'814'),
(36,'9713441814'),
(36,'com'),
(36,'gmail'),
(36,'hodkiewicz.larue@medhurst.com'),
(36,'homenick'),
(36,'jaidenfurt'),
(36,'larue'),
(36,'louisiana'),
(36,'medhurst'),
(36,'montserrat'),
(36,'ortiz'),
(36,'paige'),
(36,'south'),
(36,'taryn06@gmail.com'),
(36,'wolf-ortiz'),
(37,'7'),
(37,'all'),
(37,'aloud'),
(37,'and'),
(37,'asked'),
(37,'both'),
(37,'creatures'),
(37,'existence'),
(37,'faces'),
(37,'for'),
(37,'had'),
(37,'he'),
(37,'hid'),
(37,'his'),
(37,'how'),
(37,'in'),
(37,'it'),
(37,'large'),
(37,'moment'),
(37,'now'),
(37,'places--all'),
(37,'proper'),
(37,'rabbit'),
(37,'repeated'),
(37,'she'),
(37,'still'),
(37,'their'),
(37,'turn'),
(37,'was'),
(37,'white'),
(37,'with.'),
(38,'8'),
(38,'again'),
(38,'agree'),
(38,'alice'),
(38,'and'),
(38,'be'),
(38,'but'),
(38,'certainly'),
(38,'dormouse'),
(38,'everything'),
(38,'felt'),
(38,'grand'),
(38,'grow'),
(38,'large'),
(38,'let'),
(38,'me'),
(38,'no'),
(38,'one'),
(38,'out.'),
(38,'ready'),
(38,'room'),
(38,'said'),
(38,'see:'),
(38,'that'),
(38,'theres'),
(38,'to'),
(38,'turned'),
(38,'up'),
(38,'who'),
(38,'would'),
(38,'you'),
(39,'9'),
(39,'a.'),
(39,'about'),
(39,'anxiously'),
(39,'be'),
(39,'doesnt'),
(39,'fifteenth'),
(39,'gryphon'),
(39,'help'),
(39,'her.'),
(39,'its'),
(39,'last'),
(39,'let'),
(39,'like'),
(39,'looking'),
(39,'me'),
(39,'oh'),
(39,'on'),
(39,'remark'),
(39,'said.'),
(39,'shall'),
(39,'she'),
(39,'the'),
(39,'this'),
(39,'to'),
(39,'undo'),
(39,'vegetable.'),
(39,'went'),
(40,'014228'),
(40,'14228'),
(40,'17'),
(40,'178014228'),
(40,'228'),
(40,'24553-4790'),
(40,'4228'),
(40,'4790'),
(40,'78014228'),
(40,'8014228'),
(40,'8178014228'),
(40,'after'),
(40,'and'),
(40,'arizona'),
(40,'arm'),
(40,'because'),
(40,'both'),
(40,'bouvetoya'),
(40,'business'),
(40,'but'),
(40,'com'),
(40,'dont'),
(40,'duchess'),
(40,'e-business'),
(40,'either'),
(40,'emmerich'),
(40,'felipaton'),
(40,'hare.'),
(40,'intuitive'),
(40,'island'),
(40,'like:'),
(40,'ltd'),
(40,'mad.'),
(40,'making'),
(40,'march'),
(40,'metz'),
(40,'my'),
(40,'north'),
(40,'put'),
(40,'round'),
(40,'secondly'),
(40,'she'),
(40,'such'),
(40,'synergize'),
(40,'tanner'),
(40,'theyre'),
(40,'thing.'),
(40,'torphy'),
(40,'ugly'),
(40,'very'),
(40,'visit'),
(40,'waist'),
(40,'was.'),
(40,'weimann.tanner@metz.com'),
(40,'while'),
(40,'yessenia35@torphy.com'),
(40,'your'),
(41,'10'),
(41,'all'),
(41,'aloud'),
(41,'and'),
(41,'asked'),
(41,'both'),
(41,'creatures'),
(41,'existence'),
(41,'faces'),
(41,'for'),
(41,'had'),
(41,'he'),
(41,'hid'),
(41,'his'),
(41,'how'),
(41,'in'),
(41,'it'),
(41,'large'),
(41,'moment'),
(41,'now'),
(41,'places--all'),
(41,'proper'),
(41,'rabbit'),
(41,'repeated'),
(41,'she'),
(41,'still'),
(41,'their'),
(41,'turn'),
(41,'was'),
(41,'white'),
(41,'with.'),
(42,'11'),
(42,'against'),
(42,'alice.'),
(42,'and.'),
(42,'as'),
(42,'authority'),
(42,'be'),
(42,'could'),
(42,'door'),
(42,'down'),
(42,'elbow'),
(42,'ever'),
(42,'hear'),
(42,'herself'),
(42,'it'),
(42,'lying'),
(42,'of'),
(42,'one'),
(42,'over'),
(42,'person'),
(42,'said'),
(42,'say'),
(42,'she'),
(42,'spoke.'),
(42,'stand'),
(42,'the'),
(42,'to'),
(42,'up'),
(42,'well'),
(42,'wet'),
(42,'will'),
(42,'with'),
(43,'+17745875091'),
(43,'091'),
(43,'17745875091'),
(43,'18'),
(43,'45875091'),
(43,'5091'),
(43,'5875091'),
(43,'5911'),
(43,'745875091'),
(43,'75091'),
(43,'7745875091'),
(43,'83509-5911'),
(43,'875091'),
(43,'athenaview'),
(43,'bahamas'),
(43,'biz'),
(43,'bosco'),
(43,'com'),
(43,'emmerich'),
(43,'fadel'),
(43,'hotmail'),
(43,'iowa'),
(43,'jones'),
(43,'laverna'),
(43,'leonor.bosco@fadel.biz'),
(43,'ltd'),
(43,'rmertz@hotmail.com'),
(43,'swehner@yahoo.com'),
(43,'yahoo'),
(44,'12'),
(44,'all'),
(44,'aloud'),
(44,'and'),
(44,'asked'),
(44,'both'),
(44,'creatures'),
(44,'existence'),
(44,'faces'),
(44,'for'),
(44,'had'),
(44,'he'),
(44,'hid'),
(44,'his'),
(44,'how'),
(44,'in'),
(44,'it'),
(44,'large'),
(44,'moment'),
(44,'now'),
(44,'places--all'),
(44,'proper'),
(44,'rabbit'),
(44,'repeated'),
(44,'she'),
(44,'still'),
(44,'their'),
(44,'turn'),
(44,'was'),
(44,'white'),
(44,'with.'),
(45,'--and'),
(45,'13'),
(45,'and'),
(45,'at'),
(45,'contemptuously.'),
(45,'dare'),
(45,'even'),
(45,'every'),
(45,'head'),
(45,'himself'),
(45,'his'),
(45,'it'),
(45,'just'),
(45,'looking'),
(45,'never'),
(45,'now'),
(45,'on.'),
(45,'put'),
(45,'raised'),
(45,'say'),
(45,'shaking'),
(45,'she'),
(45,'shoes'),
(45,'spoke'),
(45,'take'),
(45,'then'),
(45,'time.'),
(45,'tiptoe'),
(45,'to'),
(45,'uneasily'),
(45,'upon'),
(45,'was'),
(45,'you'),
(46,'14'),
(46,'all'),
(46,'and'),
(46,'at'),
(46,'cleared'),
(46,'couples:'),
(46,'hand'),
(46,'her'),
(46,'in'),
(46,'last'),
(46,'lying'),
(46,'mock'),
(46,'on'),
(46,'out'),
(46,'rabbits'),
(46,'round'),
(46,'salmon'),
(46,'seals'),
(46,'she'),
(46,'so'),
(46,'spread'),
(46,'the.'),
(46,'then'),
(46,'they'),
(46,'till'),
(46,'turtle.'),
(46,'turtles'),
(46,'voice'),
(46,'were'),
(46,'when'),
(46,'while'),
(46,'youve'),
(47,'+12834499985'),
(47,'12834499985'),
(47,'19'),
(47,'2834499985'),
(47,'34499985'),
(47,'4499985'),
(47,'499985'),
(47,'73757'),
(47,'834499985'),
(47,'985'),
(47,'9985'),
(47,'99985'),
(47,'ache'),
(47,'alice'),
(47,'and'),
(47,'by'),
(47,'close'),
(47,'duchess'),
(47,'eyes'),
(47,'forehead'),
(47,'granular'),
(47,'head.'),
(47,'hopeful'),
(47,'in'),
(47,'its'),
(47,'latvia'),
(47,'ltd'),
(47,'makes'),
(47,'mante'),
(47,'my'),
(47,'over'),
(47,'pink'),
(47,'productize'),
(47,'quite'),
(47,'rabbit'),
(47,'ran'),
(47,'relationships'),
(47,'said'),
(47,'talking'),
(47,'the'),
(47,'though.'),
(47,'tone'),
(47,'tremblaybury'),
(47,'uncomfortable'),
(47,'very'),
(47,'washington'),
(47,'watched'),
(47,'white'),
(47,'with'),
(48,'15'),
(48,'alice'),
(48,'at'),
(48,'behind'),
(48,'close'),
(48,'could'),
(48,'day.'),
(48,'down'),
(48,'gone'),
(48,'guilt'),
(48,'had'),
(48,'her'),
(48,'his'),
(48,'how'),
(48,'it'),
(48,'looked'),
(48,'mock'),
(48,'out'),
(48,'persisted.'),
(48,'poor.'),
(48,'proves'),
(48,'said'),
(48,'she'),
(48,'side.'),
(48,'that'),
(48,'them'),
(48,'through'),
(48,'trying'),
(48,'turn'),
(48,'turtle'),
(48,'was'),
(48,'when'),
(48,'with'),
(49,'+16803334147'),
(49,'03334147'),
(49,'08616'),
(49,'147'),
(49,'16803334147'),
(49,'20'),
(49,'3334147'),
(49,'334147'),
(49,'34147'),
(49,'4147'),
(49,'478808616'),
(49,'58593'),
(49,'616'),
(49,'6803334147'),
(49,'7478808616'),
(49,'78808616'),
(49,'803334147'),
(49,'808616'),
(49,'8616'),
(49,'8808616'),
(49,'corwin'),
(49,'guinea'),
(49,'kentucky'),
(49,'ltd'),
(49,'mante'),
(49,'mathew'),
(49,'parker'),
(49,'ronaldofort'),
(49,'south'),
(49,'swift-parker'),
(50,'16'),
(50,'air.'),
(50,'alice'),
(50,'but'),
(50,'cats'),
(50,'cut'),
(50,'deeply'),
(50,'duchess'),
(50,'even'),
(50,'finger'),
(50,'got'),
(50,'if'),
(50,'in'),
(50,'ive'),
(50,'knave'),
(50,'like'),
(50,'minute'),
(50,'nurse'),
(50,'of.'),
(50,'passionate'),
(50,'replied'),
(50,'shrill'),
(50,'table'),
(50,'the'),
(50,'to'),
(50,'very'),
(50,'voice.'),
(50,'with'),
(50,'would'),
(50,'your'),
(51,'17'),
(51,'against'),
(51,'alice.'),
(51,'and.'),
(51,'as'),
(51,'authority'),
(51,'be'),
(51,'could'),
(51,'door'),
(51,'down'),
(51,'elbow'),
(51,'ever'),
(51,'hear'),
(51,'herself'),
(51,'it'),
(51,'lying'),
(51,'of'),
(51,'one'),
(51,'over'),
(51,'person'),
(51,'said'),
(51,'say'),
(51,'she'),
(51,'spoke.'),
(51,'stand'),
(51,'the'),
(51,'to'),
(51,'up'),
(51,'well'),
(51,'wet'),
(51,'will'),
(51,'with'),
(52,'18'),
(52,'again.'),
(52,'alice'),
(52,'all'),
(52,'almost'),
(52,'and'),
(52,'at'),
(52,'began'),
(52,'by'),
(52,'dont'),
(52,'ear'),
(52,'fairly'),
(52,'furious'),
(52,'grunt'),
(52,'in'),
(52,'its'),
(52,'left'),
(52,'not'),
(52,'off'),
(52,'on'),
(52,'ought'),
(52,'out'),
(52,'passion'),
(52,'right'),
(52,'said'),
(52,'sneezing'),
(52,'thats'),
(52,'there'),
(52,'this'),
(52,'time.'),
(52,'to'),
(52,'went'),
(53,'+17743529079'),
(53,'041'),
(53,'04599193'),
(53,'079'),
(53,'17743529079'),
(53,'193'),
(53,'19404599193'),
(53,'21'),
(53,'2473041'),
(53,'2832473041'),
(53,'29079'),
(53,'3041'),
(53,'32473041'),
(53,'3519'),
(53,'3529079'),
(53,'404599193'),
(53,'43529079'),
(53,'4599193'),
(53,'473041'),
(53,'529079'),
(53,'599193'),
(53,'73041'),
(53,'743529079'),
(53,'77012-3519'),
(53,'7743529079'),
(53,'832473041'),
(53,'9079'),
(53,'9193'),
(53,'9404599193'),
(53,'99193'),
(53,'about'),
(53,'altheaview'),
(53,'and'),
(53,'any'),
(53,'arab'),
(53,'arizona'),
(53,'as'),
(53,'begun'),
(53,'bend'),
(53,'com'),
(53,'connelly'),
(53,'content'),
(53,'dawson.connelly@hotmail.com'),
(53,'direction.'),
(53,'do'),
(53,'easily'),
(53,'engineer'),
(53,'had'),
(53,'herself'),
(53,'hmoore@hotmail.com'),
(53,'hotmail'),
(53,'if'),
(53,'in'),
(53,'it'),
(53,'just'),
(53,'means'),
(53,'much'),
(53,'neck'),
(53,'next'),
(53,'parker'),
(53,'rabbit'),
(53,'republic'),
(53,'same'),
(53,'save'),
(53,'sticky'),
(53,'stoop'),
(53,'swift-parker'),
(53,'syrian'),
(53,'theyll'),
(53,'think'),
(53,'to'),
(53,'usual.'),
(53,'what'),
(53,'wonder'),
(53,'would'),
(54,'19'),
(54,'air:'),
(54,'are'),
(54,'cattle'),
(54,'cried'),
(54,'dinah'),
(54,'earnestly'),
(54,'first.'),
(54,'guests'),
(54,'had'),
(54,'her'),
(54,'his'),
(54,'in.'),
(54,'it'),
(54,'me'),
(54,'now'),
(54,'of'),
(54,'other'),
(54,'out'),
(54,'puzzled'),
(54,'rabbit'),
(54,'said'),
(54,'silence'),
(54,'taken'),
(54,'tell'),
(54,'the'),
(54,'very'),
(54,'watch'),
(54,'what'),
(54,'white'),
(54,'who'),
(54,'why'),
(54,'you'),
(55,'20'),
(55,'air:'),
(55,'are'),
(55,'cattle'),
(55,'cried'),
(55,'dinah'),
(55,'earnestly'),
(55,'first.'),
(55,'guests'),
(55,'had'),
(55,'her'),
(55,'his'),
(55,'in.'),
(55,'it'),
(55,'me'),
(55,'now'),
(55,'of'),
(55,'other'),
(55,'out'),
(55,'puzzled'),
(55,'rabbit'),
(55,'said'),
(55,'silence'),
(55,'taken'),
(55,'tell'),
(55,'the'),
(55,'very'),
(55,'watch'),
(55,'what'),
(55,'white'),
(55,'who'),
(55,'why'),
(55,'you'),
(56,'21'),
(56,'and'),
(56,'antipathies'),
(56,'coast'),
(56,'despair'),
(56,'downward'),
(56,'english'),
(56,'find'),
(56,'gryphon'),
(56,'hand'),
(56,'hatter:'),
(56,'heads'),
(56,'her'),
(56,'in'),
(56,'long'),
(56,'on'),
(56,'put'),
(56,'said'),
(56,'she'),
(56,'so'),
(56,'that'),
(56,'their'),
(56,'they.'),
(56,'thing'),
(56,'think--'),
(56,'was'),
(56,'would'),
(56,'you'),
(57,'22'),
(57,'32604'),
(57,'biz'),
(57,'com'),
(57,'emeliaburgh'),
(57,'hotmail'),
(57,'idaho'),
(57,'jaskolski'),
(57,'krajcik'),
(57,'murphy'),
(57,'parker'),
(57,'pgreen@jaskolski.biz'),
(57,'reunion'),
(57,'sgleichner@hotmail.com'),
(57,'shawna.krajcik@murphy.com'),
(57,'swift-parker'),
(57,'taylor'),
(57,'vandervort'),
(58,'22'),
(58,'alice'),
(58,'and'),
(58,'as'),
(58,'certain.'),
(58,'could'),
(58,'curtsey'),
(58,'dormouse'),
(58,'dropped'),
(58,'felt'),
(58,'first'),
(58,'gloves'),
(58,'if'),
(58,'ill.'),
(58,'it'),
(58,'kid'),
(58,'please'),
(58,'rabbit'),
(58,'said'),
(58,'she'),
(58,'sir--'),
(58,'started'),
(58,'the'),
(58,'to'),
(58,'tried'),
(58,'verse'),
(58,'very'),
(58,'violently'),
(58,'was'),
(58,'white'),
(58,'you'),
(59,'23'),
(59,'all'),
(59,'and'),
(59,'at'),
(59,'cleared'),
(59,'couples:'),
(59,'hand'),
(59,'her'),
(59,'in'),
(59,'last'),
(59,'lying'),
(59,'mock'),
(59,'on'),
(59,'out'),
(59,'rabbits'),
(59,'round'),
(59,'salmon'),
(59,'seals'),
(59,'she'),
(59,'so'),
(59,'spread'),
(59,'the.'),
(59,'then'),
(59,'they'),
(59,'till'),
(59,'turtle.'),
(59,'turtles'),
(59,'voice'),
(59,'were'),
(59,'when'),
(59,'while'),
(59,'youve'),
(60,'24'),
(60,'again.'),
(60,'alice'),
(60,'all'),
(60,'almost'),
(60,'and'),
(60,'at'),
(60,'began'),
(60,'by'),
(60,'dont'),
(60,'ear'),
(60,'fairly'),
(60,'furious'),
(60,'grunt'),
(60,'in'),
(60,'its'),
(60,'left'),
(60,'not'),
(60,'off'),
(60,'on'),
(60,'ought'),
(60,'out'),
(60,'passion'),
(60,'right'),
(60,'said'),
(60,'sneezing'),
(60,'thats'),
(60,'there'),
(60,'this'),
(60,'time.'),
(60,'to'),
(60,'went'),
(61,'25'),
(61,'again'),
(61,'agree'),
(61,'alice'),
(61,'and'),
(61,'be'),
(61,'but'),
(61,'certainly'),
(61,'dormouse'),
(61,'everything'),
(61,'felt'),
(61,'grand'),
(61,'grow'),
(61,'large'),
(61,'let'),
(61,'me'),
(61,'no'),
(61,'one'),
(61,'out.'),
(61,'ready'),
(61,'room'),
(61,'said'),
(61,'see:'),
(61,'that'),
(61,'theres'),
(61,'to'),
(61,'turned'),
(61,'up'),
(61,'who'),
(61,'would'),
(61,'you'),
(62,'26'),
(62,'air.'),
(62,'alice'),
(62,'but'),
(62,'cats'),
(62,'cut'),
(62,'deeply'),
(62,'duchess'),
(62,'even'),
(62,'finger'),
(62,'got'),
(62,'if'),
(62,'in'),
(62,'ive'),
(62,'knave'),
(62,'like'),
(62,'minute'),
(62,'nurse'),
(62,'of.'),
(62,'passionate'),
(62,'replied'),
(62,'shrill'),
(62,'table'),
(62,'the'),
(62,'to'),
(62,'very'),
(62,'voice.'),
(62,'with'),
(62,'would'),
(62,'your'),
(63,'+12408478449'),
(63,'08478449'),
(63,'12408478449'),
(63,'12836185855'),
(63,'185855'),
(63,'23'),
(63,'2408478449'),
(63,'2836185855'),
(63,'36185855'),
(63,'408478449'),
(63,'449'),
(63,'478449'),
(63,'5855'),
(63,'6185855'),
(63,'74617'),
(63,'78449'),
(63,'836185855'),
(63,'8449'),
(63,'8478449'),
(63,'855'),
(63,'85855'),
(63,'ah'),
(63,'alice'),
(63,'and'),
(63,'as'),
(63,'called'),
(63,'com'),
(63,'constantin.feest@gmail.com'),
(63,'content'),
(63,'course'),
(63,'cultivate'),
(63,'daughter'),
(63,'dear'),
(63,'estonia'),
(63,'feest'),
(63,'first'),
(63,'gmail'),
(63,'gutmann'),
(63,'had'),
(63,'her'),
(63,'i.'),
(63,'imahaven'),
(63,'it'),
(63,'leonel89@yahoo.com'),
(63,'my'),
(63,'new'),
(63,'of'),
(63,'on'),
(63,'out'),
(63,'pinch'),
(63,'queen'),
(63,'question'),
(63,'said'),
(63,'see'),
(63,'shanahan'),
(63,'spoke'),
(63,'stamping'),
(63,'the'),
(63,'to'),
(63,'trumpet'),
(63,'trying--'),
(63,'virtual'),
(63,'were'),
(63,'witness'),
(63,'yahoo'),
(63,'york'),
(63,'yost'),
(64,'27'),
(64,'alice'),
(64,'at'),
(64,'behind'),
(64,'close'),
(64,'could'),
(64,'day.'),
(64,'down'),
(64,'gone'),
(64,'guilt'),
(64,'had'),
(64,'her'),
(64,'his'),
(64,'how'),
(64,'it'),
(64,'looked'),
(64,'mock'),
(64,'out'),
(64,'persisted.'),
(64,'poor.'),
(64,'proves'),
(64,'said'),
(64,'she'),
(64,'side.'),
(64,'that'),
(64,'them'),
(64,'through'),
(64,'trying'),
(64,'turn'),
(64,'turtle'),
(64,'was'),
(64,'when'),
(64,'with'),
(65,'28'),
(65,'and'),
(65,'at.'),
(65,'be'),
(65,'curious'),
(65,'do.'),
(65,'dont'),
(65,'duchess'),
(65,'em'),
(65,'first'),
(65,'her'),
(65,'history'),
(65,'ill'),
(65,'its'),
(65,'ive'),
(65,'know'),
(65,'learn'),
(65,'most'),
(65,'not'),
(65,'of'),
(65,'said'),
(65,'say'),
(65,'she'),
(65,'should'),
(65,'speech.'),
(65,'tell'),
(65,'than'),
(65,'the'),
(65,'think'),
(65,'to'),
(65,'tried'),
(65,'very'),
(65,'your'),
(66,'29'),
(66,'all'),
(66,'aloud'),
(66,'and'),
(66,'asked'),
(66,'both'),
(66,'creatures'),
(66,'existence'),
(66,'faces'),
(66,'for'),
(66,'had'),
(66,'he'),
(66,'hid'),
(66,'his'),
(66,'how'),
(66,'in'),
(66,'it'),
(66,'large'),
(66,'moment'),
(66,'now'),
(66,'places--all'),
(66,'proper'),
(66,'rabbit'),
(66,'repeated'),
(66,'she'),
(66,'still'),
(66,'their'),
(66,'turn'),
(66,'was'),
(66,'white'),
(66,'with.'),
(67,'01219'),
(67,'15365172'),
(67,'159350'),
(67,'172'),
(67,'24'),
(67,'350'),
(67,'365172'),
(67,'4588159350'),
(67,'5172'),
(67,'5365172'),
(67,'5715365172'),
(67,'588159350'),
(67,'59350'),
(67,'599975935'),
(67,'65172'),
(67,'715365172'),
(67,'75935'),
(67,'8159350'),
(67,'88159350'),
(67,'9350'),
(67,'9599975935'),
(67,'975935'),
(67,'9975935'),
(67,'99975935'),
(67,'and'),
(67,'com'),
(67,'futuna'),
(67,'gutmann'),
(67,'jamaal'),
(67,'missouri'),
(67,'north'),
(67,'oda32@strosin.com'),
(67,'reinger'),
(67,'sam'),
(67,'shanahan'),
(67,'strosin'),
(67,'wallis'),
(67,'yost'),
(68,'--and'),
(68,'30'),
(68,'and'),
(68,'at'),
(68,'contemptuously.'),
(68,'dare'),
(68,'even'),
(68,'every'),
(68,'head'),
(68,'himself'),
(68,'his'),
(68,'it'),
(68,'just'),
(68,'looking'),
(68,'never'),
(68,'now'),
(68,'on.'),
(68,'put'),
(68,'raised'),
(68,'say'),
(68,'shaking'),
(68,'she'),
(68,'shoes'),
(68,'spoke'),
(68,'take'),
(68,'then'),
(68,'time.'),
(68,'tiptoe'),
(68,'to'),
(68,'uneasily'),
(68,'upon'),
(68,'was'),
(68,'you'),
(69,'10869'),
(69,'25'),
(69,'alba.fahey@yahoo.com'),
(69,'alice'),
(69,'and'),
(69,'ask.'),
(69,'at'),
(69,'b2c'),
(69,'com'),
(69,'curious'),
(69,'delight'),
(69,'do'),
(69,'e-services'),
(69,'effie.moen@hotmail.com'),
(69,'engage'),
(69,'ever'),
(69,'fahey'),
(69,'fancy'),
(69,'heard'),
(69,'herself'),
(69,'hotmail'),
(69,'in'),
(69,'itll'),
(69,'its'),
(69,'jacobson'),
(69,'jed53@jacobson.com'),
(69,'lindgren'),
(69,'llc'),
(69,'moen'),
(69,'monaco'),
(69,'most'),
(69,'nebraska'),
(69,'never'),
(69,'of'),
(69,'port'),
(69,'rushed'),
(69,'savion'),
(69,'services'),
(69,'take'),
(69,'that'),
(69,'the'),
(69,'thing'),
(69,'think'),
(69,'thought'),
(69,'tone'),
(69,'window.'),
(69,'wont'),
(69,'yahoo'),
(69,'yes'),
(69,'youd'),
(70,'31'),
(70,'against'),
(70,'alice.'),
(70,'and.'),
(70,'as'),
(70,'authority'),
(70,'be'),
(70,'could'),
(70,'door'),
(70,'down'),
(70,'elbow'),
(70,'ever'),
(70,'hear'),
(70,'herself'),
(70,'it'),
(70,'lying'),
(70,'of'),
(70,'one'),
(70,'over'),
(70,'person'),
(70,'said'),
(70,'say'),
(70,'she'),
(70,'spoke.'),
(70,'stand'),
(70,'the'),
(70,'to'),
(70,'up'),
(70,'well'),
(70,'wet'),
(70,'will'),
(70,'with'),
(71,'32'),
(71,'again'),
(71,'and'),
(71,'be.'),
(71,'chain'),
(71,'daisy-chain'),
(71,'feel'),
(71,'felt'),
(71,'fetch'),
(71,'involved'),
(71,'making'),
(71,'me'),
(71,'moment'),
(71,'no'),
(71,'of'),
(71,'pair'),
(71,'pleasure'),
(71,'room'),
(71,'she'),
(71,'sleepy'),
(71,'stop'),
(71,'stupid'),
(71,'sure'),
(71,'the'),
(71,'this'),
(71,'very'),
(71,'way'),
(71,'whether'),
(71,'wonder'),
(71,'would'),
(72,'33'),
(72,'alice'),
(72,'and'),
(72,'as'),
(72,'certain.'),
(72,'could'),
(72,'curtsey'),
(72,'dormouse'),
(72,'dropped'),
(72,'felt'),
(72,'first'),
(72,'gloves'),
(72,'if'),
(72,'ill.'),
(72,'it'),
(72,'kid'),
(72,'please'),
(72,'rabbit'),
(72,'said'),
(72,'she'),
(72,'sir--'),
(72,'started'),
(72,'the'),
(72,'to'),
(72,'tried'),
(72,'verse'),
(72,'very'),
(72,'violently'),
(72,'was'),
(72,'white'),
(72,'you'),
(73,'34'),
(73,'ah'),
(73,'alice.'),
(73,'all'),
(73,'am'),
(73,'and'),
(73,'begins'),
(73,'by'),
(73,'concert'),
(73,'course'),
(73,'from'),
(73,'given'),
(73,'great'),
(73,'hand'),
(73,'him'),
(73,'in'),
(73,'of'),
(73,'one'),
(73,'parchment'),
(73,'returned'),
(73,'said'),
(73,'scroll'),
(73,'thats'),
(73,'the.'),
(73,'to'),
(73,'trumpet'),
(73,'twinkling'),
(73,'way'),
(73,'with'),
(73,'world'),
(73,'you'),
(74,'+12125196877'),
(74,'+14706957476'),
(74,'06957476'),
(74,'12125196877'),
(74,'125196877'),
(74,'14706957476'),
(74,'155'),
(74,'196877'),
(74,'2125196877'),
(74,'25196877'),
(74,'26'),
(74,'356976155'),
(74,'4356976155'),
(74,'4706957476'),
(74,'476'),
(74,'5196877'),
(74,'56976155'),
(74,'57476'),
(74,'6155'),
(74,'6877'),
(74,'6957476'),
(74,'6976155'),
(74,'706957476'),
(74,'7476'),
(74,'76153'),
(74,'76155'),
(74,'877'),
(74,'957476'),
(74,'96877'),
(74,'976155'),
(74,'grenada'),
(74,'hilma'),
(74,'iowa'),
(74,'lindgren'),
(74,'llc'),
(74,'valentin'),
(74,'volkman'),
(74,'west'),
(75,'35'),
(75,'alice'),
(75,'at'),
(75,'behind'),
(75,'close'),
(75,'could'),
(75,'day.'),
(75,'down'),
(75,'gone'),
(75,'guilt'),
(75,'had'),
(75,'her'),
(75,'his'),
(75,'how'),
(75,'it'),
(75,'looked'),
(75,'mock'),
(75,'out'),
(75,'persisted.'),
(75,'poor.'),
(75,'proves'),
(75,'said'),
(75,'she'),
(75,'side.'),
(75,'that'),
(75,'them'),
(75,'through'),
(75,'trying'),
(75,'turn'),
(75,'turtle'),
(75,'was'),
(75,'when'),
(75,'with'),
(76,'36'),
(76,'all'),
(76,'be.'),
(76,'dry'),
(76,'duchess.'),
(76,'enough'),
(76,'for'),
(76,'from'),
(76,'grow'),
(76,'him'),
(76,'i'),
(76,'let'),
(76,'make'),
(76,'me'),
(76,'nowhere'),
(76,'one'),
(76,'returned'),
(76,'same'),
(76,'shorter.'),
(76,'side'),
(76,'solemn'),
(76,'they'),
(76,'think:'),
(76,'though'),
(76,'tone'),
(76,'was'),
(76,'were'),
(76,'will'),
(76,'you'),
(77,'37'),
(77,'all'),
(77,'be.'),
(77,'dry'),
(77,'duchess.'),
(77,'enough'),
(77,'for'),
(77,'from'),
(77,'grow'),
(77,'him'),
(77,'i'),
(77,'let'),
(77,'make'),
(77,'me'),
(77,'nowhere'),
(77,'one'),
(77,'returned'),
(77,'same'),
(77,'shorter.'),
(77,'side'),
(77,'solemn'),
(77,'they'),
(77,'think:'),
(77,'though'),
(77,'tone'),
(77,'was'),
(77,'were'),
(77,'will'),
(77,'you'),
(78,'38'),
(78,'all'),
(78,'and'),
(78,'at'),
(78,'cleared'),
(78,'couples:'),
(78,'hand'),
(78,'her'),
(78,'in'),
(78,'last'),
(78,'lying'),
(78,'mock'),
(78,'on'),
(78,'out'),
(78,'rabbits'),
(78,'round'),
(78,'salmon'),
(78,'seals'),
(78,'she'),
(78,'so'),
(78,'spread'),
(78,'the.'),
(78,'then'),
(78,'they'),
(78,'till'),
(78,'turtle.'),
(78,'turtles'),
(78,'voice'),
(78,'were'),
(78,'when'),
(78,'while'),
(78,'youve'),
(79,'27'),
(79,'3003'),
(79,'75616-3003'),
(79,'advance'),
(79,'all'),
(79,'and'),
(79,'another'),
(79,'are'),
(79,'been'),
(79,'before'),
(79,'brownberg'),
(79,'carolina'),
(79,'carter'),
(79,'clicks-and-mortar'),
(79,'com'),
(79,'dark'),
(79,'day'),
(79,'for'),
(79,'havent'),
(79,'her'),
(79,'hotmail'),
(79,'implement'),
(79,'inc'),
(79,'invited'),
(79,'islands'),
(79,'kulas'),
(79,'long'),
(79,'look-out'),
(79,'minor'),
(79,'mortar'),
(79,'night'),
(79,'north'),
(79,'on'),
(79,'outlying'),
(79,'overhead'),
(79,'passage'),
(79,'pie'),
(79,'portals'),
(79,'ryleigh.kulas@hotmail.com'),
(79,'serpents'),
(79,'states'),
(79,'they'),
(79,'turtles'),
(79,'united'),
(79,'waiting'),
(79,'was'),
(79,'when'),
(79,'why'),
(79,'yet..'),
(80,'39'),
(80,'alice'),
(80,'all'),
(80,'and'),
(80,'been'),
(80,'bleeds'),
(80,'court'),
(80,'doing'),
(80,'hare'),
(80,'have'),
(80,'here'),
(80,'it'),
(80,'knife'),
(80,'looked'),
(80,'majesty'),
(80,'march'),
(80,'may'),
(80,'on'),
(80,'please'),
(80,'round'),
(80,'said'),
(80,'she.'),
(80,'still'),
(80,'the'),
(80,'to'),
(80,'usually'),
(80,'was'),
(80,'went'),
(80,'what'),
(80,'with'),
(80,'your'),
(81,'046676053'),
(81,'053'),
(81,'2487429490'),
(81,'28'),
(81,'29490'),
(81,'3046676053'),
(81,'40849'),
(81,'429490'),
(81,'46676053'),
(81,'487429490'),
(81,'490'),
(81,'6053'),
(81,'6676053'),
(81,'676053'),
(81,'7429490'),
(81,'76053'),
(81,'87429490'),
(81,'9490'),
(81,'amaya'),
(81,'carter'),
(81,'com'),
(81,'inc'),
(81,'missouri'),
(81,'oman'),
(81,'oschultz@yahoo.com'),
(81,'volkmanville'),
(81,'witting'),
(81,'yahoo'),
(82,'--and'),
(82,'40'),
(82,'and'),
(82,'at'),
(82,'contemptuously.'),
(82,'dare'),
(82,'even'),
(82,'every'),
(82,'head'),
(82,'himself'),
(82,'his'),
(82,'it'),
(82,'just'),
(82,'looking'),
(82,'never'),
(82,'now'),
(82,'on.'),
(82,'put'),
(82,'raised'),
(82,'say'),
(82,'shaking'),
(82,'she'),
(82,'shoes'),
(82,'spoke'),
(82,'take'),
(82,'then'),
(82,'time.'),
(82,'tiptoe'),
(82,'to'),
(82,'uneasily'),
(82,'upon'),
(82,'was'),
(82,'you'),
(83,'+12562146909'),
(83,'094324428'),
(83,'12562146909'),
(83,'14094324428'),
(83,'146909'),
(83,'18544576362'),
(83,'2146909'),
(83,'24428'),
(83,'2562146909'),
(83,'29'),
(83,'324428'),
(83,'362'),
(83,'4094324428'),
(83,'428'),
(83,'4324428'),
(83,'4428'),
(83,'44576362'),
(83,'4576362'),
(83,'46909'),
(83,'544576362'),
(83,'562146909'),
(83,'576362'),
(83,'62146909'),
(83,'6362'),
(83,'6909'),
(83,'73610'),
(83,'76362'),
(83,'8544576362'),
(83,'909'),
(83,'94324428'),
(83,'and'),
(83,'anything'),
(83,'been'),
(83,'both'),
(83,'bowed'),
(83,'buttons'),
(83,'com'),
(83,'critical'),
(83,'deliver'),
(83,'dickens'),
(83,'dormouse'),
(83,'faroe'),
(83,'functionalities'),
(83,'gmail'),
(83,'had'),
(83,'hare'),
(83,'his'),
(83,'hotmail'),
(83,'house'),
(83,'islands'),
(83,'kutch'),
(83,'lakin.magali@gmail.com'),
(83,'larry37@hotmail.com'),
(83,'later.'),
(83,'low'),
(83,'magali'),
(83,'march'),
(83,'mission-critical'),
(83,'montana'),
(83,'near'),
(83,'opened'),
(83,'out'),
(83,'pencils'),
(83,'qlabadie@gmail.com'),
(83,'sad'),
(83,'said'),
(83,'schneiderburgh'),
(83,'shall'),
(83,'slates'),
(83,'tale'),
(83,'their'),
(83,'they'),
(83,'toes.'),
(83,'turns'),
(83,'wisoky'),
(84,'41'),
(84,'all'),
(84,'be.'),
(84,'dry'),
(84,'duchess.'),
(84,'enough'),
(84,'for'),
(84,'from'),
(84,'grow'),
(84,'him'),
(84,'i'),
(84,'let'),
(84,'make'),
(84,'me'),
(84,'nowhere'),
(84,'one'),
(84,'returned'),
(84,'same'),
(84,'shorter.'),
(84,'side'),
(84,'solemn'),
(84,'they'),
(84,'think:'),
(84,'though'),
(84,'tone'),
(84,'was'),
(84,'were'),
(84,'will'),
(84,'you'),
(85,'42'),
(85,'all'),
(85,'be.'),
(85,'dry'),
(85,'duchess.'),
(85,'enough'),
(85,'for'),
(85,'from'),
(85,'grow'),
(85,'him'),
(85,'i'),
(85,'let'),
(85,'make'),
(85,'me'),
(85,'nowhere'),
(85,'one'),
(85,'returned'),
(85,'same'),
(85,'shorter.'),
(85,'side'),
(85,'solemn'),
(85,'they'),
(85,'think:'),
(85,'though'),
(85,'tone'),
(85,'was'),
(85,'were'),
(85,'will'),
(85,'you'),
(86,'43'),
(86,'alice'),
(86,'at'),
(86,'behind'),
(86,'close'),
(86,'could'),
(86,'day.'),
(86,'down'),
(86,'gone'),
(86,'guilt'),
(86,'had'),
(86,'her'),
(86,'his'),
(86,'how'),
(86,'it'),
(86,'looked'),
(86,'mock'),
(86,'out'),
(86,'persisted.'),
(86,'poor.'),
(86,'proves'),
(86,'said'),
(86,'she'),
(86,'side.'),
(86,'that'),
(86,'them'),
(86,'through'),
(86,'trying'),
(86,'turn'),
(86,'turtle'),
(86,'was'),
(86,'when'),
(86,'with'),
(87,'44'),
(87,'again'),
(87,'and'),
(87,'be.'),
(87,'chain'),
(87,'daisy-chain'),
(87,'feel'),
(87,'felt'),
(87,'fetch'),
(87,'involved'),
(87,'making'),
(87,'me'),
(87,'moment'),
(87,'no'),
(87,'of'),
(87,'pair'),
(87,'pleasure'),
(87,'room'),
(87,'she'),
(87,'sleepy'),
(87,'stop'),
(87,'stupid'),
(87,'sure'),
(87,'the'),
(87,'this'),
(87,'very'),
(87,'way'),
(87,'whether'),
(87,'wonder'),
(87,'would'),
(88,'45'),
(88,'and'),
(88,'at.'),
(88,'be'),
(88,'curious'),
(88,'do.'),
(88,'dont'),
(88,'duchess'),
(88,'em'),
(88,'first'),
(88,'her'),
(88,'history'),
(88,'ill'),
(88,'its'),
(88,'ive'),
(88,'know'),
(88,'learn'),
(88,'most'),
(88,'not'),
(88,'of'),
(88,'said'),
(88,'say'),
(88,'she'),
(88,'should'),
(88,'speech.'),
(88,'tell'),
(88,'than'),
(88,'the'),
(88,'think'),
(88,'to'),
(88,'tried'),
(88,'very'),
(88,'your'),
(89,'30'),
(89,'3168'),
(89,'84090-3168'),
(89,'alana'),
(89,'and'),
(89,'arkansas'),
(89,'com'),
(89,'dickens'),
(89,'donnelly'),
(89,'harley.mohr@kris.com'),
(89,'jacques71@powlowski.org'),
(89,'kris'),
(89,'kutch'),
(89,'lefflerhaven'),
(89,'mohr'),
(89,'org'),
(89,'powlowski'),
(89,'russel.alana@yahoo.com'),
(89,'stephanie'),
(89,'turkey'),
(89,'wisoky'),
(89,'yahoo'),
(90,'46'),
(90,'and'),
(90,'at.'),
(90,'be'),
(90,'curious'),
(90,'do.'),
(90,'dont'),
(90,'duchess'),
(90,'em'),
(90,'first'),
(90,'her'),
(90,'history'),
(90,'ill'),
(90,'its'),
(90,'ive'),
(90,'know'),
(90,'learn'),
(90,'most'),
(90,'not'),
(90,'of'),
(90,'said'),
(90,'say'),
(90,'she'),
(90,'should'),
(90,'speech.'),
(90,'tell'),
(90,'than'),
(90,'the'),
(90,'think'),
(90,'to'),
(90,'tried'),
(90,'very'),
(90,'your'),
(91,'47'),
(91,'a.'),
(91,'about'),
(91,'anxiously'),
(91,'be'),
(91,'doesnt'),
(91,'fifteenth'),
(91,'gryphon'),
(91,'help'),
(91,'her.'),
(91,'its'),
(91,'last'),
(91,'let'),
(91,'like'),
(91,'looking'),
(91,'me'),
(91,'oh'),
(91,'on'),
(91,'remark'),
(91,'said.'),
(91,'shall'),
(91,'she'),
(91,'the'),
(91,'this'),
(91,'to'),
(91,'undo'),
(91,'vegetable.'),
(91,'went'),
(92,'0685'),
(92,'080685'),
(92,'08080685'),
(92,'10299-3745'),
(92,'14708080685'),
(92,'31'),
(92,'3745'),
(92,'4708080685'),
(92,'685'),
(92,'708080685'),
(92,'80685'),
(92,'8080685'),
(92,'added'),
(92,'alice.'),
(92,'and'),
(92,'as'),
(92,'at'),
(92,'be'),
(92,'but'),
(92,'deploy'),
(92,'dont'),
(92,'dormouse'),
(92,'everything'),
(92,'experiences'),
(92,'gabon'),
(92,'gryphon'),
(92,'iowa'),
(92,'jillianton'),
(92,'know'),
(92,'koepp'),
(92,'lowe-koepp'),
(92,'much'),
(92,'of'),
(92,'one'),
(92,'players'),
(92,'port'),
(92,'proposal.'),
(92,'robust'),
(92,'said'),
(92,'say'),
(92,'seemed'),
(92,'seen--everything'),
(92,'so'),
(92,'sure'),
(92,'then'),
(92,'to'),
(92,'well'),
(92,'you'),
(93,'48'),
(93,'all'),
(93,'and'),
(93,'at'),
(93,'cleared'),
(93,'couples:'),
(93,'hand'),
(93,'her'),
(93,'in'),
(93,'last'),
(93,'lying'),
(93,'mock'),
(93,'on'),
(93,'out'),
(93,'rabbits'),
(93,'round'),
(93,'salmon'),
(93,'seals'),
(93,'she'),
(93,'so'),
(93,'spread'),
(93,'the.'),
(93,'then'),
(93,'they'),
(93,'till'),
(93,'turtle.'),
(93,'turtles'),
(93,'voice'),
(93,'were'),
(93,'when'),
(93,'while'),
(93,'youve'),
(94,'49'),
(94,'ah'),
(94,'alice.'),
(94,'all'),
(94,'am'),
(94,'and'),
(94,'begins'),
(94,'by'),
(94,'concert'),
(94,'course'),
(94,'from'),
(94,'given'),
(94,'great'),
(94,'hand'),
(94,'him'),
(94,'in'),
(94,'of'),
(94,'one'),
(94,'parchment'),
(94,'returned'),
(94,'said'),
(94,'scroll'),
(94,'thats'),
(94,'the.'),
(94,'to'),
(94,'trumpet'),
(94,'twinkling'),
(94,'way'),
(94,'with'),
(94,'world'),
(94,'you'),
(95,'32'),
(95,'76682'),
(95,'brenna'),
(95,'colorado'),
(95,'dayton'),
(95,'east'),
(95,'koepp'),
(95,'lowe-koepp'),
(95,'nepal'),
(95,'ortiz'),
(95,'schuster'),
(95,'wolf-ortiz'),
(96,'50'),
(96,'all'),
(96,'and'),
(96,'at'),
(96,'cleared'),
(96,'couples:'),
(96,'hand'),
(96,'her'),
(96,'in'),
(96,'last'),
(96,'lying'),
(96,'mock'),
(96,'on'),
(96,'out'),
(96,'rabbits'),
(96,'round'),
(96,'salmon'),
(96,'seals'),
(96,'she'),
(96,'so'),
(96,'spread'),
(96,'the.'),
(96,'then'),
(96,'they'),
(96,'till'),
(96,'turtle.'),
(96,'turtles'),
(96,'voice'),
(96,'were'),
(96,'when'),
(96,'while'),
(96,'youve'),
(97,'51'),
(97,'again'),
(97,'agree'),
(97,'alice'),
(97,'and'),
(97,'be'),
(97,'but'),
(97,'certainly'),
(97,'dormouse'),
(97,'everything'),
(97,'felt'),
(97,'grand'),
(97,'grow'),
(97,'large'),
(97,'let'),
(97,'me'),
(97,'no'),
(97,'one'),
(97,'out.'),
(97,'ready'),
(97,'room'),
(97,'said'),
(97,'see:'),
(97,'that'),
(97,'theres'),
(97,'to'),
(97,'turned'),
(97,'up'),
(97,'who'),
(97,'would'),
(97,'you'),
(98,'52'),
(98,'again'),
(98,'agree'),
(98,'alice'),
(98,'and'),
(98,'be'),
(98,'but'),
(98,'certainly'),
(98,'dormouse'),
(98,'everything'),
(98,'felt'),
(98,'grand'),
(98,'grow'),
(98,'large'),
(98,'let'),
(98,'me'),
(98,'no'),
(98,'one'),
(98,'out.'),
(98,'ready'),
(98,'room'),
(98,'said'),
(98,'see:'),
(98,'that'),
(98,'theres'),
(98,'to'),
(98,'turned'),
(98,'up'),
(98,'who'),
(98,'would'),
(98,'you'),
(99,'173'),
(99,'and'),
(99,'at'),
(99,'began'),
(99,'but'),
(99,'cautiously:'),
(99,'dont'),
(99,'down'),
(99,'duchess'),
(99,'going'),
(99,'great'),
(99,'hatter'),
(99,'her'),
(99,'i'),
(99,'like'),
(99,'looked'),
(99,'moved'),
(99,'notice'),
(99,'of'),
(99,'on.'),
(99,'procession'),
(99,'puzzle'),
(99,'she'),
(99,'sneezed'),
(99,'them'),
(99,'though'),
(99,'took'),
(99,'very'),
(99,'when'),
(100,'53'),
(100,'and'),
(100,'at.'),
(100,'be'),
(100,'curious'),
(100,'do.'),
(100,'dont'),
(100,'duchess'),
(100,'em'),
(100,'first'),
(100,'her'),
(100,'history'),
(100,'ill'),
(100,'its'),
(100,'ive'),
(100,'know'),
(100,'learn'),
(100,'most'),
(100,'not'),
(100,'of'),
(100,'said'),
(100,'say'),
(100,'she'),
(100,'should'),
(100,'speech.'),
(100,'tell'),
(100,'than'),
(100,'the'),
(100,'think'),
(100,'to'),
(100,'tried'),
(100,'very'),
(100,'your'),
(101,'174'),
(101,'a.'),
(101,'alice'),
(101,'appeared'),
(101,'before'),
(101,'cries'),
(101,'door.'),
(101,'expected:'),
(101,'found'),
(101,'garden'),
(101,'had'),
(101,'have'),
(101,'heard'),
(101,'house'),
(101,'how'),
(101,'it'),
(101,'large'),
(101,'no'),
(101,'oh'),
(101,'poor'),
(101,'queens'),
(101,'quite'),
(101,'rabbit'),
(101,'she'),
(101,'shrill'),
(101,'so'),
(101,'that'),
(101,'them'),
(101,'to'),
(101,'was'),
(101,'white'),
(101,'wish'),
(101,'would'),
(101,'you'),
(102,'54'),
(102,'all'),
(102,'aloud'),
(102,'and'),
(102,'asked'),
(102,'both'),
(102,'creatures'),
(102,'existence'),
(102,'faces'),
(102,'for'),
(102,'had'),
(102,'he'),
(102,'hid'),
(102,'his'),
(102,'how'),
(102,'in'),
(102,'it'),
(102,'large'),
(102,'moment'),
(102,'now'),
(102,'places--all'),
(102,'proper'),
(102,'rabbit'),
(102,'repeated'),
(102,'she'),
(102,'still'),
(102,'their'),
(102,'turn'),
(102,'was'),
(102,'white'),
(102,'with.'),
(103,'55'),
(103,'and'),
(103,'at.'),
(103,'be'),
(103,'curious'),
(103,'do.'),
(103,'dont'),
(103,'duchess'),
(103,'em'),
(103,'first'),
(103,'her'),
(103,'history'),
(103,'ill'),
(103,'its'),
(103,'ive'),
(103,'know'),
(103,'learn'),
(103,'most'),
(103,'not'),
(103,'of'),
(103,'said'),
(103,'say'),
(103,'she'),
(103,'should'),
(103,'speech.'),
(103,'tell'),
(103,'than'),
(103,'the'),
(103,'think'),
(103,'to'),
(103,'tried'),
(103,'very'),
(103,'your'),
(104,'175'),
(104,'after'),
(104,'alice'),
(104,'and'),
(104,'at'),
(104,'belt'),
(104,'blown'),
(104,'candle'),
(104,'dozing'),
(104,'ending'),
(104,'for'),
(104,'friends'),
(104,'gryphon'),
(104,'his'),
(104,'is'),
(104,'last'),
(104,'little'),
(104,'marched'),
(104,'meal'),
(104,'never-ending'),
(104,'off'),
(104,'out'),
(104,'quietly'),
(104,'shared'),
(104,'she'),
(104,'their'),
(104,'then'),
(104,'thought'),
(104,'to.'),
(104,'trims'),
(104,'was'),
(104,'words'),
(105,'56'),
(105,'all'),
(105,'be.'),
(105,'dry'),
(105,'duchess.'),
(105,'enough'),
(105,'for'),
(105,'from'),
(105,'grow'),
(105,'him'),
(105,'i'),
(105,'let'),
(105,'make'),
(105,'me'),
(105,'nowhere'),
(105,'one'),
(105,'returned'),
(105,'same'),
(105,'shorter.'),
(105,'side'),
(105,'solemn'),
(105,'they'),
(105,'think:'),
(105,'though'),
(105,'tone'),
(105,'was'),
(105,'were'),
(105,'will'),
(105,'you'),
(106,'57'),
(106,'alice'),
(106,'and'),
(106,'as'),
(106,'certain.'),
(106,'could'),
(106,'curtsey'),
(106,'dormouse'),
(106,'dropped'),
(106,'felt'),
(106,'first'),
(106,'gloves'),
(106,'if'),
(106,'ill.'),
(106,'it'),
(106,'kid'),
(106,'please'),
(106,'rabbit'),
(106,'said'),
(106,'she'),
(106,'sir--'),
(106,'started'),
(106,'the'),
(106,'to'),
(106,'tried'),
(106,'verse'),
(106,'very'),
(106,'violently'),
(106,'was'),
(106,'white'),
(106,'you'),
(107,'176'),
(107,'a.'),
(107,'alice'),
(107,'appeared'),
(107,'before'),
(107,'cries'),
(107,'door.'),
(107,'english'),
(107,'expected:'),
(107,'found'),
(107,'garden'),
(107,'had'),
(107,'have'),
(107,'heard'),
(107,'house'),
(107,'how'),
(107,'it'),
(107,'large'),
(107,'oh'),
(107,'poor'),
(107,'queens'),
(107,'quite'),
(107,'said'),
(107,'she'),
(107,'shrill'),
(107,'so'),
(107,'that'),
(107,'them'),
(107,'to'),
(107,'was'),
(107,'wish'),
(107,'would'),
(107,'you'),
(108,'58'),
(108,'alice'),
(108,'all.'),
(108,'already'),
(108,'and'),
(108,'at'),
(108,'both'),
(108,'bowed'),
(108,'came'),
(108,'curls'),
(108,'dormouse'),
(108,'dream:--'),
(108,'dreamed'),
(108,'entangled'),
(108,'first'),
(108,'got'),
(108,'her'),
(108,'in'),
(108,'it'),
(108,'laughed'),
(108,'little'),
(108,'low'),
(108,'much'),
(108,'of'),
(108,'pebbles'),
(108,'rattling'),
(108,'shall'),
(108,'she'),
(108,'so'),
(108,'that'),
(108,'their'),
(108,'they'),
(108,'together.'),
(108,'was'),
(109,'59'),
(109,'alice'),
(109,'and'),
(109,'as'),
(109,'certain.'),
(109,'could'),
(109,'curtsey'),
(109,'dormouse'),
(109,'dropped'),
(109,'felt'),
(109,'first'),
(109,'gloves'),
(109,'if'),
(109,'ill.'),
(109,'it'),
(109,'kid'),
(109,'please'),
(109,'rabbit'),
(109,'said'),
(109,'she'),
(109,'sir--'),
(109,'started'),
(109,'the'),
(109,'to'),
(109,'tried'),
(109,'verse'),
(109,'very'),
(109,'violently'),
(109,'was'),
(109,'white'),
(109,'you'),
(110,'60'),
(110,'alice'),
(110,'all'),
(110,'and'),
(110,'been'),
(110,'bleeds'),
(110,'court'),
(110,'doing'),
(110,'hare'),
(110,'have'),
(110,'here'),
(110,'it'),
(110,'knife'),
(110,'looked'),
(110,'majesty'),
(110,'march'),
(110,'may'),
(110,'on'),
(110,'please'),
(110,'round'),
(110,'said'),
(110,'she.'),
(110,'still'),
(110,'the'),
(110,'to'),
(110,'usually'),
(110,'was'),
(110,'went'),
(110,'what'),
(110,'with'),
(110,'your'),
(111,'61'),
(111,'again'),
(111,'and'),
(111,'be.'),
(111,'chain'),
(111,'daisy-chain'),
(111,'feel'),
(111,'felt'),
(111,'fetch'),
(111,'involved'),
(111,'making'),
(111,'me'),
(111,'moment'),
(111,'no'),
(111,'of'),
(111,'pair'),
(111,'pleasure'),
(111,'room'),
(111,'she'),
(111,'sleepy'),
(111,'stop'),
(111,'stupid'),
(111,'sure'),
(111,'the'),
(111,'this'),
(111,'very'),
(111,'way'),
(111,'whether'),
(111,'wonder'),
(111,'would'),
(112,'62'),
(112,'air.'),
(112,'alice'),
(112,'but'),
(112,'cats'),
(112,'cut'),
(112,'deeply'),
(112,'duchess'),
(112,'even'),
(112,'finger'),
(112,'got'),
(112,'if'),
(112,'in'),
(112,'ive'),
(112,'knave'),
(112,'like'),
(112,'minute'),
(112,'nurse'),
(112,'of.'),
(112,'passionate'),
(112,'replied'),
(112,'shrill'),
(112,'table'),
(112,'the'),
(112,'to'),
(112,'very'),
(112,'voice.'),
(112,'with'),
(112,'would'),
(112,'your'),
(113,'177'),
(113,'and'),
(113,'dont'),
(113,'eaglet.'),
(113,'english'),
(113,'enough'),
(113,'got'),
(113,'happen'),
(113,'herself'),
(113,'how'),
(113,'interesting'),
(113,'is'),
(113,'it.'),
(113,'know'),
(113,'latitude'),
(113,'lips.'),
(113,'manage'),
(113,'means'),
(113,'or'),
(113,'said'),
(113,'she'),
(113,'something'),
(113,'sure'),
(113,'the'),
(113,'to'),
(113,'up'),
(113,'was'),
(113,'well'),
(113,'what'),
(113,'when'),
(113,'would'),
(114,'--and'),
(114,'63'),
(114,'and'),
(114,'at'),
(114,'contemptuously.'),
(114,'dare'),
(114,'even'),
(114,'every'),
(114,'head'),
(114,'himself'),
(114,'his'),
(114,'it'),
(114,'just'),
(114,'looking'),
(114,'never'),
(114,'now'),
(114,'on.'),
(114,'put'),
(114,'raised'),
(114,'say'),
(114,'shaking'),
(114,'she'),
(114,'shoes'),
(114,'spoke'),
(114,'take'),
(114,'then'),
(114,'time.'),
(114,'tiptoe'),
(114,'to'),
(114,'uneasily'),
(114,'upon'),
(114,'was'),
(114,'you'),
(115,'64'),
(115,'and'),
(115,'at.'),
(115,'be'),
(115,'curious'),
(115,'do.'),
(115,'dont'),
(115,'duchess'),
(115,'em'),
(115,'first'),
(115,'her'),
(115,'history'),
(115,'ill'),
(115,'its'),
(115,'ive'),
(115,'know'),
(115,'learn'),
(115,'most'),
(115,'not'),
(115,'of'),
(115,'said'),
(115,'say'),
(115,'she'),
(115,'should'),
(115,'speech.'),
(115,'tell'),
(115,'than'),
(115,'the'),
(115,'think'),
(115,'to'),
(115,'tried'),
(115,'very'),
(115,'your'),
(116,'65'),
(116,'air.'),
(116,'alice'),
(116,'but'),
(116,'cats'),
(116,'cut'),
(116,'deeply'),
(116,'duchess'),
(116,'even'),
(116,'finger'),
(116,'got'),
(116,'if'),
(116,'in'),
(116,'ive'),
(116,'knave'),
(116,'like'),
(116,'minute'),
(116,'nurse'),
(116,'of.'),
(116,'passionate'),
(116,'replied'),
(116,'shrill'),
(116,'table'),
(116,'the'),
(116,'to'),
(116,'very'),
(116,'voice.'),
(116,'with'),
(116,'would'),
(116,'your'),
(117,'66'),
(117,'and'),
(117,'antipathies'),
(117,'coast'),
(117,'despair'),
(117,'downward'),
(117,'english'),
(117,'find'),
(117,'gryphon'),
(117,'hand'),
(117,'hatter:'),
(117,'heads'),
(117,'her'),
(117,'in'),
(117,'long'),
(117,'on'),
(117,'put'),
(117,'said'),
(117,'she'),
(117,'so'),
(117,'that'),
(117,'their'),
(117,'they.'),
(117,'thing'),
(117,'think--'),
(117,'was'),
(117,'would'),
(117,'you'),
(118,'67'),
(118,'ah'),
(118,'alice.'),
(118,'all'),
(118,'am'),
(118,'and'),
(118,'begins'),
(118,'by'),
(118,'concert'),
(118,'course'),
(118,'from'),
(118,'given'),
(118,'great'),
(118,'hand'),
(118,'him'),
(118,'in'),
(118,'of'),
(118,'one'),
(118,'parchment'),
(118,'returned'),
(118,'said'),
(118,'scroll'),
(118,'thats'),
(118,'the.'),
(118,'to'),
(118,'trumpet'),
(118,'twinkling'),
(118,'way'),
(118,'with'),
(118,'world'),
(118,'you'),
(119,'178'),
(119,'and'),
(119,'at'),
(119,'began'),
(119,'but'),
(119,'cautiously:'),
(119,'dont'),
(119,'down'),
(119,'duchess'),
(119,'going'),
(119,'great'),
(119,'hare'),
(119,'hatter'),
(119,'her'),
(119,'i'),
(119,'like'),
(119,'looked'),
(119,'march'),
(119,'moved'),
(119,'notice'),
(119,'of'),
(119,'on.'),
(119,'procession'),
(119,'puzzle'),
(119,'said--'),
(119,'she'),
(119,'them'),
(119,'though'),
(119,'took'),
(119,'very'),
(119,'when'),
(120,'68'),
(120,'against'),
(120,'alice.'),
(120,'and.'),
(120,'as'),
(120,'authority'),
(120,'be'),
(120,'could'),
(120,'door'),
(120,'down'),
(120,'elbow'),
(120,'ever'),
(120,'hear'),
(120,'herself'),
(120,'it'),
(120,'lying'),
(120,'of'),
(120,'one'),
(120,'over'),
(120,'person'),
(120,'said'),
(120,'say'),
(120,'she'),
(120,'spoke.'),
(120,'stand'),
(120,'the'),
(120,'to'),
(120,'up'),
(120,'well'),
(120,'wet'),
(120,'will'),
(120,'with'),
(121,'--and'),
(121,'69'),
(121,'and'),
(121,'at'),
(121,'contemptuously.'),
(121,'dare'),
(121,'even'),
(121,'every'),
(121,'head'),
(121,'himself'),
(121,'his'),
(121,'it'),
(121,'just'),
(121,'looking'),
(121,'never'),
(121,'now'),
(121,'on.'),
(121,'put'),
(121,'raised'),
(121,'say'),
(121,'shaking'),
(121,'she'),
(121,'shoes'),
(121,'spoke'),
(121,'take'),
(121,'then'),
(121,'time.'),
(121,'tiptoe'),
(121,'to'),
(121,'uneasily'),
(121,'upon'),
(121,'was'),
(121,'you'),
(122,'70'),
(122,'alice'),
(122,'all.'),
(122,'already'),
(122,'and'),
(122,'at'),
(122,'both'),
(122,'bowed'),
(122,'came'),
(122,'curls'),
(122,'dormouse'),
(122,'dream:--'),
(122,'dreamed'),
(122,'entangled'),
(122,'first'),
(122,'got'),
(122,'her'),
(122,'in'),
(122,'it'),
(122,'laughed'),
(122,'little'),
(122,'low'),
(122,'much'),
(122,'of'),
(122,'pebbles'),
(122,'rattling'),
(122,'shall'),
(122,'she'),
(122,'so'),
(122,'that'),
(122,'their'),
(122,'they'),
(122,'together.'),
(122,'was'),
(123,'71'),
(123,'air.'),
(123,'alice'),
(123,'but'),
(123,'cats'),
(123,'cut'),
(123,'deeply'),
(123,'duchess'),
(123,'even'),
(123,'finger'),
(123,'got'),
(123,'if'),
(123,'in'),
(123,'ive'),
(123,'knave'),
(123,'like'),
(123,'minute'),
(123,'nurse'),
(123,'of.'),
(123,'passionate'),
(123,'replied'),
(123,'shrill'),
(123,'table'),
(123,'the'),
(123,'to'),
(123,'very'),
(123,'voice.'),
(123,'with'),
(123,'would'),
(123,'your'),
(124,'72'),
(124,'again'),
(124,'agree'),
(124,'alice'),
(124,'and'),
(124,'be'),
(124,'but'),
(124,'certainly'),
(124,'dormouse'),
(124,'everything'),
(124,'felt'),
(124,'grand'),
(124,'grow'),
(124,'large'),
(124,'let'),
(124,'me'),
(124,'no'),
(124,'one'),
(124,'out.'),
(124,'ready'),
(124,'room'),
(124,'said'),
(124,'see:'),
(124,'that'),
(124,'theres'),
(124,'to'),
(124,'turned'),
(124,'up'),
(124,'who'),
(124,'would'),
(124,'you'),
(125,'179'),
(125,'and'),
(125,'barrowful'),
(125,'begin'),
(125,'bill'),
(125,'do'),
(125,'first'),
(125,'got'),
(125,'hastily'),
(125,'in'),
(125,'ive'),
(125,'king'),
(125,'little.'),
(125,'no'),
(125,'on.'),
(125,'rabbit'),
(125,'said'),
(125,'so'),
(125,'these'),
(125,'thick'),
(125,'thing'),
(125,'thought'),
(125,'three'),
(125,'time'),
(125,'to'),
(125,'was'),
(125,'went'),
(125,'white'),
(125,'will'),
(125,'with.'),
(125,'wood.'),
(126,'73'),
(126,'a'),
(126,'can'),
(126,'dormouse.'),
(126,'extremely'),
(126,'eyes'),
(126,'feeling'),
(126,'for'),
(126,'fourteenth'),
(126,'getting'),
(126,'his'),
(126,'hot'),
(126,'its'),
(126,'little'),
(126,'march'),
(126,'minute'),
(126,'nose.'),
(126,'of'),
(126,'opened'),
(126,'or'),
(126,'remember'),
(126,'slowly'),
(126,'small'),
(126,'tea'),
(126,'that'),
(126,'the'),
(126,'think'),
(126,'to'),
(126,'two'),
(126,'upon'),
(126,'very.'),
(126,'were'),
(127,'74'),
(127,'alice'),
(127,'at'),
(127,'behind'),
(127,'close'),
(127,'could'),
(127,'day.'),
(127,'down'),
(127,'gone'),
(127,'guilt'),
(127,'had'),
(127,'her'),
(127,'his'),
(127,'how'),
(127,'it'),
(127,'looked'),
(127,'mock'),
(127,'out'),
(127,'persisted.'),
(127,'poor.'),
(127,'proves'),
(127,'said'),
(127,'she'),
(127,'side.'),
(127,'that'),
(127,'them'),
(127,'through'),
(127,'trying'),
(127,'turn'),
(127,'turtle'),
(127,'was'),
(127,'when'),
(127,'with'),
(128,'75'),
(128,'all'),
(128,'aloud'),
(128,'and'),
(128,'asked'),
(128,'both'),
(128,'creatures'),
(128,'existence'),
(128,'faces'),
(128,'for'),
(128,'had'),
(128,'he'),
(128,'hid'),
(128,'his'),
(128,'how'),
(128,'in'),
(128,'it'),
(128,'large'),
(128,'moment'),
(128,'now'),
(128,'places--all'),
(128,'proper'),
(128,'rabbit'),
(128,'repeated'),
(128,'she'),
(128,'still'),
(128,'their'),
(128,'turn'),
(128,'was'),
(128,'white'),
(128,'with.'),
(129,'76'),
(129,'and'),
(129,'antipathies'),
(129,'coast'),
(129,'despair'),
(129,'downward'),
(129,'english'),
(129,'find'),
(129,'gryphon'),
(129,'hand'),
(129,'hatter:'),
(129,'heads'),
(129,'her'),
(129,'in'),
(129,'long'),
(129,'on'),
(129,'put'),
(129,'said'),
(129,'she'),
(129,'so'),
(129,'that'),
(129,'their'),
(129,'they.'),
(129,'thing'),
(129,'think--'),
(129,'was'),
(129,'would'),
(129,'you'),
(130,'77'),
(130,'alice'),
(130,'and'),
(130,'as'),
(130,'certain.'),
(130,'could'),
(130,'curtsey'),
(130,'dormouse'),
(130,'dropped'),
(130,'felt'),
(130,'first'),
(130,'gloves'),
(130,'if'),
(130,'ill.'),
(130,'it'),
(130,'kid'),
(130,'please'),
(130,'rabbit'),
(130,'said'),
(130,'she'),
(130,'sir--'),
(130,'started'),
(130,'the'),
(130,'to'),
(130,'tried'),
(130,'verse'),
(130,'very'),
(130,'violently'),
(130,'was'),
(130,'white'),
(130,'you'),
(131,'180'),
(131,'addressed'),
(131,'alice.'),
(131,'all'),
(131,'and'),
(131,'be'),
(131,'business'),
(131,'courage.'),
(131,'except'),
(131,'get'),
(131,'goldfish'),
(131,'had'),
(131,'her'),
(131,'in'),
(131,'is'),
(131,'its'),
(131,'kept'),
(131,'king'),
(131,'mine.'),
(131,'no'),
(131,'of'),
(131,'ordered.'),
(131,'own'),
(131,'players'),
(131,'queen'),
(131,'reason'),
(131,'running'),
(131,'the'),
(131,'to'),
(131,'unless'),
(131,'was'),
(131,'waving'),
(132,'78'),
(132,'a.'),
(132,'about'),
(132,'anxiously'),
(132,'be'),
(132,'doesnt'),
(132,'fifteenth'),
(132,'gryphon'),
(132,'help'),
(132,'her.'),
(132,'its'),
(132,'last'),
(132,'let'),
(132,'like'),
(132,'looking'),
(132,'me'),
(132,'oh'),
(132,'on'),
(132,'remark'),
(132,'said.'),
(132,'shall'),
(132,'she'),
(132,'the'),
(132,'this'),
(132,'to'),
(132,'undo'),
(132,'vegetable.'),
(132,'went'),
(133,'181'),
(133,'alice'),
(133,'and'),
(133,'barrowful'),
(133,'begin'),
(133,'do'),
(133,'first'),
(133,'got'),
(133,'had'),
(133,'hastily'),
(133,'in'),
(133,'ive'),
(133,'king'),
(133,'little.'),
(133,'no'),
(133,'on.'),
(133,'rabbit'),
(133,'said'),
(133,'so'),
(133,'these'),
(133,'thick'),
(133,'thing'),
(133,'three'),
(133,'time'),
(133,'to'),
(133,'was'),
(133,'went'),
(133,'white'),
(133,'who'),
(133,'will'),
(133,'with.'),
(133,'wood.'),
(134,'79'),
(134,'alice'),
(134,'all'),
(134,'and'),
(134,'been'),
(134,'bleeds'),
(134,'court'),
(134,'doing'),
(134,'hare'),
(134,'have'),
(134,'here'),
(134,'it'),
(134,'knife'),
(134,'looked'),
(134,'majesty'),
(134,'march'),
(134,'may'),
(134,'on'),
(134,'please'),
(134,'round'),
(134,'said'),
(134,'she.'),
(134,'still'),
(134,'the'),
(134,'to'),
(134,'usually'),
(134,'was'),
(134,'went'),
(134,'what'),
(134,'with'),
(134,'your'),
(135,'80'),
(135,'ah'),
(135,'alice.'),
(135,'all'),
(135,'am'),
(135,'and'),
(135,'begins'),
(135,'by'),
(135,'concert'),
(135,'course'),
(135,'from'),
(135,'given'),
(135,'great'),
(135,'hand'),
(135,'him'),
(135,'in'),
(135,'of'),
(135,'one'),
(135,'parchment'),
(135,'returned'),
(135,'said'),
(135,'scroll'),
(135,'thats'),
(135,'the.'),
(135,'to'),
(135,'trumpet'),
(135,'twinkling'),
(135,'way'),
(135,'with'),
(135,'world'),
(135,'you'),
(136,'81'),
(136,'all'),
(136,'be.'),
(136,'dry'),
(136,'duchess.'),
(136,'enough'),
(136,'for'),
(136,'from'),
(136,'grow'),
(136,'him'),
(136,'i'),
(136,'let'),
(136,'make'),
(136,'me'),
(136,'nowhere'),
(136,'one'),
(136,'returned'),
(136,'same'),
(136,'shorter.'),
(136,'side'),
(136,'solemn'),
(136,'they'),
(136,'think:'),
(136,'though'),
(136,'tone'),
(136,'was'),
(136,'were'),
(136,'will'),
(136,'you'),
(137,'182'),
(137,'and'),
(137,'at'),
(137,'began'),
(137,'belt'),
(137,'but'),
(137,'cautiously:'),
(137,'dont'),
(137,'down'),
(137,'duchess'),
(137,'going'),
(137,'great'),
(137,'hatter'),
(137,'her'),
(137,'his'),
(137,'i'),
(137,'like'),
(137,'looked'),
(137,'moved'),
(137,'notice'),
(137,'of'),
(137,'on.'),
(137,'procession'),
(137,'puzzle'),
(137,'she'),
(137,'them'),
(137,'though'),
(137,'took'),
(137,'trims'),
(137,'very'),
(137,'when'),
(138,'82'),
(138,'accounts'),
(138,'ah'),
(138,'be'),
(138,'but'),
(138,'chain'),
(138,'daisy-chain'),
(138,'dont'),
(138,'five'),
(138,'for'),
(138,'in'),
(138,'it'),
(138,'learn'),
(138,'like'),
(138,'making'),
(138,'music.'),
(138,'of'),
(138,'pleased'),
(138,'pleasure'),
(138,'pray'),
(138,'said'),
(138,'say'),
(138,'soothing.'),
(138,'that'),
(138,'the'),
(138,'tone.'),
(138,'trouble'),
(138,'whether'),
(138,'would'),
(138,'yourself'),
(139,'83'),
(139,'alice'),
(139,'at'),
(139,'behind'),
(139,'close'),
(139,'could'),
(139,'day.'),
(139,'down'),
(139,'gone'),
(139,'guilt'),
(139,'had'),
(139,'her'),
(139,'his'),
(139,'how'),
(139,'it'),
(139,'looked'),
(139,'mock'),
(139,'out'),
(139,'persisted.'),
(139,'poor.'),
(139,'proves'),
(139,'said'),
(139,'she'),
(139,'side.'),
(139,'that'),
(139,'them'),
(139,'through'),
(139,'trying'),
(139,'turn'),
(139,'turtle'),
(139,'was'),
(139,'when'),
(139,'with'),
(140,'183'),
(140,'again'),
(140,'all'),
(140,'are'),
(140,'at'),
(140,'begin'),
(140,'calmly'),
(140,'changes'),
(140,'crazy'),
(140,'drive'),
(140,'enough'),
(140,'going'),
(140,'how'),
(140,'im'),
(140,'it'),
(140,'last'),
(140,'little'),
(140,'mean'),
(140,'more'),
(140,'never'),
(140,'one'),
(140,'over'),
(140,'puzzling'),
(140,'snappishly.'),
(140,'sobbing'),
(140,'still'),
(140,'sure'),
(140,'the.'),
(140,'these'),
(140,'though'),
(140,'to'),
(140,'was'),
(140,'what'),
(140,'youre'),
(141,'84'),
(141,'alice'),
(141,'all.'),
(141,'already'),
(141,'and'),
(141,'at'),
(141,'both'),
(141,'bowed'),
(141,'came'),
(141,'curls'),
(141,'dormouse'),
(141,'dream:--'),
(141,'dreamed'),
(141,'entangled'),
(141,'first'),
(141,'got'),
(141,'her'),
(141,'in'),
(141,'it'),
(141,'laughed'),
(141,'little'),
(141,'low'),
(141,'much'),
(141,'of'),
(141,'pebbles'),
(141,'rattling'),
(141,'shall'),
(141,'she'),
(141,'so'),
(141,'that'),
(141,'their'),
(141,'they'),
(141,'together.'),
(141,'was'),
(142,'85'),
(142,'accounts'),
(142,'ah'),
(142,'be'),
(142,'but'),
(142,'chain'),
(142,'daisy-chain'),
(142,'dont'),
(142,'five'),
(142,'for'),
(142,'in'),
(142,'it'),
(142,'learn'),
(142,'like'),
(142,'making'),
(142,'music.'),
(142,'of'),
(142,'pleased'),
(142,'pleasure'),
(142,'pray'),
(142,'said'),
(142,'say'),
(142,'soothing.'),
(142,'that'),
(142,'the'),
(142,'tone.'),
(142,'trouble'),
(142,'whether'),
(142,'would'),
(142,'yourself'),
(143,'86'),
(143,'all'),
(143,'aloud'),
(143,'and'),
(143,'asked'),
(143,'both'),
(143,'creatures'),
(143,'existence'),
(143,'faces'),
(143,'for'),
(143,'had'),
(143,'he'),
(143,'hid'),
(143,'his'),
(143,'how'),
(143,'in'),
(143,'it'),
(143,'large'),
(143,'moment'),
(143,'now'),
(143,'places--all'),
(143,'proper'),
(143,'rabbit'),
(143,'repeated'),
(143,'she'),
(143,'still'),
(143,'their'),
(143,'turn'),
(143,'was'),
(143,'white'),
(143,'with.'),
(144,'87'),
(144,'all'),
(144,'aloud'),
(144,'and'),
(144,'asked'),
(144,'both'),
(144,'creatures'),
(144,'existence'),
(144,'faces'),
(144,'for'),
(144,'had'),
(144,'he'),
(144,'hid'),
(144,'his'),
(144,'how'),
(144,'in'),
(144,'it'),
(144,'large'),
(144,'moment'),
(144,'now'),
(144,'places--all'),
(144,'proper'),
(144,'rabbit'),
(144,'repeated'),
(144,'she'),
(144,'still'),
(144,'their'),
(144,'turn'),
(144,'was'),
(144,'white'),
(144,'with.'),
(145,'184'),
(145,'after'),
(145,'alice'),
(145,'all'),
(145,'and'),
(145,'belt'),
(145,'blown'),
(145,'candle'),
(145,'dozing'),
(145,'ending'),
(145,'for'),
(145,'friends'),
(145,'his'),
(145,'how'),
(145,'is'),
(145,'little'),
(145,'marched'),
(145,'meal'),
(145,'never-ending'),
(145,'off'),
(145,'out'),
(145,'puzzling'),
(145,'quietly'),
(145,'shared'),
(145,'she'),
(145,'their'),
(145,'then'),
(145,'thought'),
(145,'to.'),
(145,'trims'),
(145,'was'),
(145,'words'),
(146,'88'),
(146,'alice'),
(146,'at'),
(146,'behind'),
(146,'close'),
(146,'could'),
(146,'day.'),
(146,'down'),
(146,'gone'),
(146,'guilt'),
(146,'had'),
(146,'her'),
(146,'his'),
(146,'how'),
(146,'it'),
(146,'looked'),
(146,'mock'),
(146,'out'),
(146,'persisted.'),
(146,'poor.'),
(146,'proves'),
(146,'said'),
(146,'she'),
(146,'side.'),
(146,'that'),
(146,'them'),
(146,'through'),
(146,'trying'),
(146,'turn'),
(146,'turtle'),
(146,'was'),
(146,'when'),
(146,'with'),
(147,'89'),
(147,'air:'),
(147,'are'),
(147,'cattle'),
(147,'cried'),
(147,'dinah'),
(147,'earnestly'),
(147,'first.'),
(147,'guests'),
(147,'had'),
(147,'her'),
(147,'his'),
(147,'in.'),
(147,'it'),
(147,'me'),
(147,'now'),
(147,'of'),
(147,'other'),
(147,'out'),
(147,'puzzled'),
(147,'rabbit'),
(147,'said'),
(147,'silence'),
(147,'taken'),
(147,'tell'),
(147,'the'),
(147,'very'),
(147,'watch'),
(147,'what'),
(147,'white'),
(147,'who'),
(147,'why'),
(147,'you'),
(148,'90'),
(148,'a'),
(148,'can'),
(148,'dormouse.'),
(148,'extremely'),
(148,'eyes'),
(148,'feeling'),
(148,'for'),
(148,'fourteenth'),
(148,'getting'),
(148,'his'),
(148,'hot'),
(148,'its'),
(148,'little'),
(148,'march'),
(148,'minute'),
(148,'nose.'),
(148,'of'),
(148,'opened'),
(148,'or'),
(148,'remember'),
(148,'slowly'),
(148,'small'),
(148,'tea'),
(148,'that'),
(148,'the'),
(148,'think'),
(148,'to'),
(148,'two'),
(148,'upon'),
(148,'very.'),
(148,'were'),
(149,'91'),
(149,'and'),
(149,'antipathies'),
(149,'coast'),
(149,'despair'),
(149,'downward'),
(149,'english'),
(149,'find'),
(149,'gryphon'),
(149,'hand'),
(149,'hatter:'),
(149,'heads'),
(149,'her'),
(149,'in'),
(149,'long'),
(149,'on'),
(149,'put'),
(149,'said'),
(149,'she'),
(149,'so'),
(149,'that'),
(149,'their'),
(149,'they.'),
(149,'thing'),
(149,'think--'),
(149,'was'),
(149,'would'),
(149,'you'),
(150,'185'),
(150,'again'),
(150,'alice'),
(150,'all'),
(150,'are'),
(150,'at'),
(150,'begin'),
(150,'calmly'),
(150,'changes'),
(150,'crazy'),
(150,'drive'),
(150,'enough'),
(150,'felt'),
(150,'going'),
(150,'how'),
(150,'im'),
(150,'it'),
(150,'last'),
(150,'little'),
(150,'more'),
(150,'never'),
(150,'one'),
(150,'over'),
(150,'puzzling'),
(150,'she'),
(150,'snappishly.'),
(150,'sobbing'),
(150,'still'),
(150,'sure'),
(150,'that'),
(150,'the.'),
(150,'these'),
(150,'though'),
(150,'to'),
(150,'was'),
(150,'what'),
(150,'youre'),
(151,'92'),
(151,'alice'),
(151,'all.'),
(151,'already'),
(151,'and'),
(151,'at'),
(151,'both'),
(151,'bowed'),
(151,'came'),
(151,'curls'),
(151,'dormouse'),
(151,'dream:--'),
(151,'dreamed'),
(151,'entangled'),
(151,'first'),
(151,'got'),
(151,'her'),
(151,'in'),
(151,'it'),
(151,'laughed'),
(151,'little'),
(151,'low'),
(151,'much'),
(151,'of'),
(151,'pebbles'),
(151,'rattling'),
(151,'shall'),
(151,'she'),
(151,'so'),
(151,'that'),
(151,'their'),
(151,'they'),
(151,'together.'),
(151,'was'),
(152,'93'),
(152,'against'),
(152,'alice.'),
(152,'and.'),
(152,'as'),
(152,'authority'),
(152,'be'),
(152,'could'),
(152,'door'),
(152,'down'),
(152,'elbow'),
(152,'ever'),
(152,'hear'),
(152,'herself'),
(152,'it'),
(152,'lying'),
(152,'of'),
(152,'one'),
(152,'over'),
(152,'person'),
(152,'said'),
(152,'say'),
(152,'she'),
(152,'spoke.'),
(152,'stand'),
(152,'the'),
(152,'to'),
(152,'up'),
(152,'well'),
(152,'wet'),
(152,'will'),
(152,'with'),
(153,'94'),
(153,'alice'),
(153,'at'),
(153,'behind'),
(153,'close'),
(153,'could'),
(153,'day.'),
(153,'down'),
(153,'gone'),
(153,'guilt'),
(153,'had'),
(153,'her'),
(153,'his'),
(153,'how'),
(153,'it'),
(153,'looked'),
(153,'mock'),
(153,'out'),
(153,'persisted.'),
(153,'poor.'),
(153,'proves'),
(153,'said'),
(153,'she'),
(153,'side.'),
(153,'that'),
(153,'them'),
(153,'through'),
(153,'trying'),
(153,'turn'),
(153,'turtle'),
(153,'was'),
(153,'when'),
(153,'with'),
(154,'--and'),
(154,'95'),
(154,'and'),
(154,'at'),
(154,'contemptuously.'),
(154,'dare'),
(154,'even'),
(154,'every'),
(154,'head'),
(154,'himself'),
(154,'his'),
(154,'it'),
(154,'just'),
(154,'looking'),
(154,'never'),
(154,'now'),
(154,'on.'),
(154,'put'),
(154,'raised'),
(154,'say'),
(154,'shaking'),
(154,'she'),
(154,'shoes'),
(154,'spoke'),
(154,'take'),
(154,'then'),
(154,'time.'),
(154,'tiptoe'),
(154,'to'),
(154,'uneasily'),
(154,'upon'),
(154,'was'),
(154,'you'),
(155,'96'),
(155,'air:'),
(155,'are'),
(155,'cattle'),
(155,'cried'),
(155,'dinah'),
(155,'earnestly'),
(155,'first.'),
(155,'guests'),
(155,'had'),
(155,'her'),
(155,'his'),
(155,'in.'),
(155,'it'),
(155,'me'),
(155,'now'),
(155,'of'),
(155,'other'),
(155,'out'),
(155,'puzzled'),
(155,'rabbit'),
(155,'said'),
(155,'silence'),
(155,'taken'),
(155,'tell'),
(155,'the'),
(155,'very'),
(155,'watch'),
(155,'what'),
(155,'white'),
(155,'who'),
(155,'why'),
(155,'you'),
(156,'186'),
(156,'alice'),
(156,'and'),
(156,'beginning'),
(156,'creatures.'),
(156,'curious'),
(156,'dodo'),
(156,'eaglet'),
(156,'fan'),
(156,'felt'),
(156,'got'),
(156,'had'),
(156,'hoped'),
(156,'if'),
(156,'its'),
(156,'just'),
(156,'led'),
(156,'lory'),
(156,'neck'),
(156,'nicely'),
(156,'other'),
(156,'out'),
(156,'see'),
(156,'several'),
(156,'she'),
(156,'straightened'),
(156,'that'),
(156,'the'),
(156,'to'),
(156,'was'),
(156,'way.'),
(156,'who'),
(157,'97'),
(157,'air:'),
(157,'are'),
(157,'cattle'),
(157,'cried'),
(157,'dinah'),
(157,'earnestly'),
(157,'first.'),
(157,'guests'),
(157,'had'),
(157,'her'),
(157,'his'),
(157,'in.'),
(157,'it'),
(157,'me'),
(157,'now'),
(157,'of'),
(157,'other'),
(157,'out'),
(157,'puzzled'),
(157,'rabbit'),
(157,'said'),
(157,'silence'),
(157,'taken'),
(157,'tell'),
(157,'the'),
(157,'very'),
(157,'watch'),
(157,'what'),
(157,'white'),
(157,'who'),
(157,'why'),
(157,'you'),
(158,'98'),
(158,'alice'),
(158,'at'),
(158,'behind'),
(158,'close'),
(158,'could'),
(158,'day.'),
(158,'down'),
(158,'gone'),
(158,'guilt'),
(158,'had'),
(158,'her'),
(158,'his'),
(158,'how'),
(158,'it'),
(158,'looked'),
(158,'mock'),
(158,'out'),
(158,'persisted.'),
(158,'poor.'),
(158,'proves'),
(158,'said'),
(158,'she'),
(158,'side.'),
(158,'that'),
(158,'them'),
(158,'through'),
(158,'trying'),
(158,'turn'),
(158,'turtle'),
(158,'was'),
(158,'when'),
(158,'with'),
(159,'99'),
(159,'air:'),
(159,'are'),
(159,'cattle'),
(159,'cried'),
(159,'dinah'),
(159,'earnestly'),
(159,'first.'),
(159,'guests'),
(159,'had'),
(159,'her'),
(159,'his'),
(159,'in.'),
(159,'it'),
(159,'me'),
(159,'now'),
(159,'of'),
(159,'other'),
(159,'out'),
(159,'puzzled'),
(159,'rabbit'),
(159,'said'),
(159,'silence'),
(159,'taken'),
(159,'tell'),
(159,'the'),
(159,'very'),
(159,'watch'),
(159,'what'),
(159,'white'),
(159,'who'),
(159,'why'),
(159,'you'),
(160,'187'),
(160,'about'),
(160,'alice'),
(160,'and'),
(160,'bill'),
(160,'but'),
(160,'commotion'),
(160,'could'),
(160,'desks'),
(160,'felt'),
(160,'find'),
(160,'in'),
(160,'jumped'),
(160,'last'),
(160,'much.'),
(160,'quite'),
(160,'ravens'),
(160,'remember'),
(160,'she'),
(160,'such'),
(160,'sudden'),
(160,'that'),
(160,'the.'),
(160,'thought'),
(160,'to'),
(160,'violence'),
(160,'wasnt'),
(160,'which'),
(160,'with'),
(160,'word'),
(160,'writing-desks'),
(161,'100'),
(161,'alice'),
(161,'and'),
(161,'as'),
(161,'certain.'),
(161,'could'),
(161,'curtsey'),
(161,'dormouse'),
(161,'dropped'),
(161,'felt'),
(161,'first'),
(161,'gloves'),
(161,'if'),
(161,'ill.'),
(161,'it'),
(161,'kid'),
(161,'please'),
(161,'rabbit'),
(161,'said'),
(161,'she'),
(161,'sir--'),
(161,'started'),
(161,'the'),
(161,'to'),
(161,'tried'),
(161,'verse'),
(161,'very'),
(161,'violently'),
(161,'was'),
(161,'white'),
(161,'you'),
(162,'101'),
(162,'again'),
(162,'agree'),
(162,'alice'),
(162,'and'),
(162,'be'),
(162,'but'),
(162,'certainly'),
(162,'dormouse'),
(162,'everything'),
(162,'felt'),
(162,'grand'),
(162,'grow'),
(162,'large'),
(162,'let'),
(162,'me'),
(162,'no'),
(162,'one'),
(162,'out.'),
(162,'ready'),
(162,'room'),
(162,'said'),
(162,'see:'),
(162,'that'),
(162,'theres'),
(162,'to'),
(162,'turned'),
(162,'up'),
(162,'who'),
(162,'would'),
(162,'you'),
(163,'102'),
(163,'air.'),
(163,'alice'),
(163,'but'),
(163,'cats'),
(163,'cut'),
(163,'deeply'),
(163,'duchess'),
(163,'even'),
(163,'finger'),
(163,'got'),
(163,'if'),
(163,'in'),
(163,'ive'),
(163,'knave'),
(163,'like'),
(163,'minute'),
(163,'nurse'),
(163,'of.'),
(163,'passionate'),
(163,'replied'),
(163,'shrill'),
(163,'table'),
(163,'the'),
(163,'to'),
(163,'very'),
(163,'voice.'),
(163,'with'),
(163,'would'),
(163,'your'),
(164,'103'),
(164,'again'),
(164,'and'),
(164,'be.'),
(164,'chain'),
(164,'daisy-chain'),
(164,'feel'),
(164,'felt'),
(164,'fetch'),
(164,'involved'),
(164,'making'),
(164,'me'),
(164,'moment'),
(164,'no'),
(164,'of'),
(164,'pair'),
(164,'pleasure'),
(164,'room'),
(164,'she'),
(164,'sleepy'),
(164,'stop'),
(164,'stupid'),
(164,'sure'),
(164,'the'),
(164,'this'),
(164,'very'),
(164,'way'),
(164,'whether'),
(164,'wonder'),
(164,'would'),
(165,'104'),
(165,'air:'),
(165,'are'),
(165,'cattle'),
(165,'cried'),
(165,'dinah'),
(165,'earnestly'),
(165,'first.'),
(165,'guests'),
(165,'had'),
(165,'her'),
(165,'his'),
(165,'in.'),
(165,'it'),
(165,'me'),
(165,'now'),
(165,'of'),
(165,'other'),
(165,'out'),
(165,'puzzled'),
(165,'rabbit'),
(165,'said'),
(165,'silence'),
(165,'taken'),
(165,'tell'),
(165,'the'),
(165,'very'),
(165,'watch'),
(165,'what'),
(165,'white'),
(165,'who'),
(165,'why'),
(165,'you'),
(166,'188'),
(166,'alice'),
(166,'and'),
(166,'beginning'),
(166,'creatures.'),
(166,'curious'),
(166,'dodo'),
(166,'eaglet'),
(166,'fan'),
(166,'get'),
(166,'got'),
(166,'had'),
(166,'hoped'),
(166,'if'),
(166,'is'),
(166,'its'),
(166,'just'),
(166,'led'),
(166,'lory'),
(166,'neck'),
(166,'nicely'),
(166,'other'),
(166,'out'),
(166,'see'),
(166,'several'),
(166,'she'),
(166,'straightened'),
(166,'the'),
(166,'to'),
(166,'was'),
(166,'way.'),
(166,'who'),
(167,'105'),
(167,'again'),
(167,'agree'),
(167,'alice'),
(167,'and'),
(167,'be'),
(167,'but'),
(167,'certainly'),
(167,'dormouse'),
(167,'everything'),
(167,'felt'),
(167,'grand'),
(167,'grow'),
(167,'large'),
(167,'let'),
(167,'me'),
(167,'no'),
(167,'one'),
(167,'out.'),
(167,'ready'),
(167,'room'),
(167,'said'),
(167,'see:'),
(167,'that'),
(167,'theres'),
(167,'to'),
(167,'turned'),
(167,'up'),
(167,'who'),
(167,'would'),
(167,'you'),
(168,'106'),
(168,'ah'),
(168,'alice.'),
(168,'all'),
(168,'am'),
(168,'and'),
(168,'begins'),
(168,'by'),
(168,'concert'),
(168,'course'),
(168,'from'),
(168,'given'),
(168,'great'),
(168,'hand'),
(168,'him'),
(168,'in'),
(168,'of'),
(168,'one'),
(168,'parchment'),
(168,'returned'),
(168,'said'),
(168,'scroll'),
(168,'thats'),
(168,'the.'),
(168,'to'),
(168,'trumpet'),
(168,'twinkling'),
(168,'way'),
(168,'with'),
(168,'world'),
(168,'you'),
(169,'107'),
(169,'against'),
(169,'alice.'),
(169,'and.'),
(169,'as'),
(169,'authority'),
(169,'be'),
(169,'could'),
(169,'door'),
(169,'down'),
(169,'elbow'),
(169,'ever'),
(169,'hear'),
(169,'herself'),
(169,'it'),
(169,'lying'),
(169,'of'),
(169,'one'),
(169,'over'),
(169,'person'),
(169,'said'),
(169,'say'),
(169,'she'),
(169,'spoke.'),
(169,'stand'),
(169,'the'),
(169,'to'),
(169,'up'),
(169,'well'),
(169,'wet'),
(169,'will'),
(169,'with'),
(170,'108'),
(170,'alice'),
(170,'and'),
(170,'as'),
(170,'certain.'),
(170,'could'),
(170,'curtsey'),
(170,'dormouse'),
(170,'dropped'),
(170,'felt'),
(170,'first'),
(170,'gloves'),
(170,'if'),
(170,'ill.'),
(170,'it'),
(170,'kid'),
(170,'please'),
(170,'rabbit'),
(170,'said'),
(170,'she'),
(170,'sir--'),
(170,'started'),
(170,'the'),
(170,'to'),
(170,'tried'),
(170,'verse'),
(170,'very'),
(170,'violently'),
(170,'was'),
(170,'white'),
(170,'you'),
(171,'109'),
(171,'alice'),
(171,'all.'),
(171,'already'),
(171,'and'),
(171,'at'),
(171,'both'),
(171,'bowed'),
(171,'came'),
(171,'curls'),
(171,'dormouse'),
(171,'dream:--'),
(171,'dreamed'),
(171,'entangled'),
(171,'first'),
(171,'got'),
(171,'her'),
(171,'in'),
(171,'it'),
(171,'laughed'),
(171,'little'),
(171,'low'),
(171,'much'),
(171,'of'),
(171,'pebbles'),
(171,'rattling'),
(171,'shall'),
(171,'she'),
(171,'so'),
(171,'that'),
(171,'their'),
(171,'they'),
(171,'together.'),
(171,'was'),
(172,'189'),
(172,'about'),
(172,'alice'),
(172,'an'),
(172,'best'),
(172,'better'),
(172,'bill'),
(172,'but'),
(172,'deal'),
(172,'excellent'),
(172,'far'),
(172,'get'),
(172,'hardly'),
(172,'im'),
(172,'is'),
(172,'it'),
(172,'know--no'),
(172,'manage'),
(172,'more'),
(172,'must'),
(172,'myself'),
(172,'now--but'),
(172,'off'),
(172,'plan.'),
(172,'sounded'),
(172,'thank'),
(172,'the'),
(172,'thought'),
(172,'too'),
(172,'trouble'),
(172,'well'),
(172,'ye'),
(172,'you:'),
(173,'110'),
(173,'air.'),
(173,'alice'),
(173,'but'),
(173,'cats'),
(173,'cut'),
(173,'deeply'),
(173,'duchess'),
(173,'even'),
(173,'finger'),
(173,'got'),
(173,'if'),
(173,'in'),
(173,'ive'),
(173,'knave'),
(173,'like'),
(173,'minute'),
(173,'nurse'),
(173,'of.'),
(173,'passionate'),
(173,'replied'),
(173,'shrill'),
(173,'table'),
(173,'the'),
(173,'to'),
(173,'very'),
(173,'voice.'),
(173,'with'),
(173,'would'),
(173,'your'),
(174,'111'),
(174,'ah'),
(174,'alice.'),
(174,'all'),
(174,'am'),
(174,'and'),
(174,'begins'),
(174,'by'),
(174,'concert'),
(174,'course'),
(174,'from'),
(174,'given'),
(174,'great'),
(174,'hand'),
(174,'him'),
(174,'in'),
(174,'of'),
(174,'one'),
(174,'parchment'),
(174,'returned'),
(174,'said'),
(174,'scroll'),
(174,'thats'),
(174,'the.'),
(174,'to'),
(174,'trumpet'),
(174,'twinkling'),
(174,'way'),
(174,'with'),
(174,'world'),
(174,'you'),
(175,'190'),
(175,'a.'),
(175,'alice'),
(175,'appeared'),
(175,'before'),
(175,'cries'),
(175,'door.'),
(175,'expected:'),
(175,'felt'),
(175,'found'),
(175,'garden'),
(175,'had'),
(175,'have'),
(175,'heard'),
(175,'house'),
(175,'how'),
(175,'it'),
(175,'large'),
(175,'oh'),
(175,'poor'),
(175,'queens'),
(175,'quite'),
(175,'she'),
(175,'shrill'),
(175,'so'),
(175,'that'),
(175,'them'),
(175,'to'),
(175,'was'),
(175,'wish'),
(175,'would'),
(175,'you'),
(176,'112'),
(176,'alice'),
(176,'and'),
(176,'as'),
(176,'certain.'),
(176,'could'),
(176,'curtsey'),
(176,'dormouse'),
(176,'dropped'),
(176,'felt'),
(176,'first'),
(176,'gloves'),
(176,'if'),
(176,'ill.'),
(176,'it'),
(176,'kid'),
(176,'please'),
(176,'rabbit'),
(176,'said'),
(176,'she'),
(176,'sir--'),
(176,'started'),
(176,'the'),
(176,'to'),
(176,'tried'),
(176,'verse'),
(176,'very'),
(176,'violently'),
(176,'was'),
(176,'white'),
(176,'you'),
(177,'191'),
(177,'and'),
(177,'attending'),
(177,'bit.'),
(177,'didnt'),
(177,'duchess'),
(177,'each'),
(177,'eyes'),
(177,'hare'),
(177,'her.'),
(177,'i'),
(177,'march'),
(177,'mock'),
(177,'mouths'),
(177,'much'),
(177,'no'),
(177,'of'),
(177,'one'),
(177,'opened'),
(177,'other'),
(177,'out'),
(177,'said--'),
(177,'side'),
(177,'so'),
(177,'their'),
(177,'took'),
(177,'turtle'),
(177,'very'),
(177,'went'),
(177,'without'),
(178,'113'),
(178,'air.'),
(178,'alice'),
(178,'but'),
(178,'cats'),
(178,'cut'),
(178,'deeply'),
(178,'duchess'),
(178,'even'),
(178,'finger'),
(178,'got'),
(178,'if'),
(178,'in'),
(178,'ive'),
(178,'knave'),
(178,'like'),
(178,'minute'),
(178,'nurse'),
(178,'of.'),
(178,'passionate'),
(178,'replied'),
(178,'shrill'),
(178,'table'),
(178,'the'),
(178,'to'),
(178,'very'),
(178,'voice.'),
(178,'with'),
(178,'would'),
(178,'your'),
(179,'114'),
(179,'ah'),
(179,'alice.'),
(179,'all'),
(179,'am'),
(179,'and'),
(179,'begins'),
(179,'by'),
(179,'concert'),
(179,'course'),
(179,'from'),
(179,'given'),
(179,'great'),
(179,'hand'),
(179,'him'),
(179,'in'),
(179,'of'),
(179,'one'),
(179,'parchment'),
(179,'returned'),
(179,'said'),
(179,'scroll'),
(179,'thats'),
(179,'the.'),
(179,'to'),
(179,'trumpet'),
(179,'twinkling'),
(179,'way'),
(179,'with'),
(179,'world'),
(179,'you'),
(180,'115'),
(180,'again.'),
(180,'alice'),
(180,'all'),
(180,'almost'),
(180,'and'),
(180,'at'),
(180,'began'),
(180,'by'),
(180,'dont'),
(180,'ear'),
(180,'fairly'),
(180,'furious'),
(180,'grunt'),
(180,'in'),
(180,'its'),
(180,'left'),
(180,'not'),
(180,'off'),
(180,'on'),
(180,'ought'),
(180,'out'),
(180,'passion'),
(180,'right'),
(180,'said'),
(180,'sneezing'),
(180,'thats'),
(180,'there'),
(180,'this'),
(180,'time.'),
(180,'to'),
(180,'went'),
(181,'116'),
(181,'alice'),
(181,'at'),
(181,'behind'),
(181,'close'),
(181,'could'),
(181,'day.'),
(181,'down'),
(181,'gone'),
(181,'guilt'),
(181,'had'),
(181,'her'),
(181,'his'),
(181,'how'),
(181,'it'),
(181,'looked'),
(181,'mock'),
(181,'out'),
(181,'persisted.'),
(181,'poor.'),
(181,'proves'),
(181,'said'),
(181,'she'),
(181,'side.'),
(181,'that'),
(181,'them'),
(181,'through'),
(181,'trying'),
(181,'turn'),
(181,'turtle'),
(181,'was'),
(181,'when'),
(181,'with'),
(182,'117'),
(182,'and'),
(182,'antipathies'),
(182,'coast'),
(182,'despair'),
(182,'downward'),
(182,'english'),
(182,'find'),
(182,'gryphon'),
(182,'hand'),
(182,'hatter:'),
(182,'heads'),
(182,'her'),
(182,'in'),
(182,'long'),
(182,'on'),
(182,'put'),
(182,'said'),
(182,'she'),
(182,'so'),
(182,'that'),
(182,'their'),
(182,'they.'),
(182,'thing'),
(182,'think--'),
(182,'was'),
(182,'would'),
(182,'you'),
(183,'192'),
(183,'alice'),
(183,'and'),
(183,'any'),
(183,'at'),
(183,'been'),
(183,'cat.'),
(183,'could'),
(183,'do'),
(183,'french'),
(183,'gryphon'),
(183,'have'),
(183,'id'),
(183,'if'),
(183,'impatiently:'),
(183,'last'),
(183,'learned'),
(183,'mean.'),
(183,'music.'),
(183,'rather'),
(183,'replied'),
(183,'said'),
(183,'shrimp'),
(183,'that.'),
(183,'the'),
(183,'told'),
(183,'washing'),
(183,'we'),
(183,'what'),
(183,'whiting'),
(183,'you'),
(184,'118'),
(184,'ah'),
(184,'alice.'),
(184,'all'),
(184,'am'),
(184,'and'),
(184,'begins'),
(184,'by'),
(184,'concert'),
(184,'course'),
(184,'from'),
(184,'given'),
(184,'great'),
(184,'hand'),
(184,'him'),
(184,'in'),
(184,'of'),
(184,'one'),
(184,'parchment'),
(184,'returned'),
(184,'said'),
(184,'scroll'),
(184,'thats'),
(184,'the.'),
(184,'to'),
(184,'trumpet'),
(184,'twinkling'),
(184,'way'),
(184,'with'),
(184,'world'),
(184,'you'),
(185,'119'),
(185,'again'),
(185,'agree'),
(185,'alice'),
(185,'and'),
(185,'be'),
(185,'but'),
(185,'certainly'),
(185,'dormouse'),
(185,'everything'),
(185,'felt'),
(185,'grand'),
(185,'grow'),
(185,'large'),
(185,'let'),
(185,'me'),
(185,'no'),
(185,'one'),
(185,'out.'),
(185,'ready'),
(185,'room'),
(185,'said'),
(185,'see:'),
(185,'that'),
(185,'theres'),
(185,'to'),
(185,'turned'),
(185,'up'),
(185,'who'),
(185,'would'),
(185,'you'),
(186,'120'),
(186,'and'),
(186,'at.'),
(186,'be'),
(186,'curious'),
(186,'do.'),
(186,'dont'),
(186,'duchess'),
(186,'em'),
(186,'first'),
(186,'her'),
(186,'history'),
(186,'ill'),
(186,'its'),
(186,'ive'),
(186,'know'),
(186,'learn'),
(186,'most'),
(186,'not'),
(186,'of'),
(186,'said'),
(186,'say'),
(186,'she'),
(186,'should'),
(186,'speech.'),
(186,'tell'),
(186,'than'),
(186,'the'),
(186,'think'),
(186,'to'),
(186,'tried'),
(186,'very'),
(186,'your'),
(187,'121'),
(187,'alice'),
(187,'at'),
(187,'behind'),
(187,'close'),
(187,'could'),
(187,'day.'),
(187,'down'),
(187,'gone'),
(187,'guilt'),
(187,'had'),
(187,'her'),
(187,'his'),
(187,'how'),
(187,'it'),
(187,'looked'),
(187,'mock'),
(187,'out'),
(187,'persisted.'),
(187,'poor.'),
(187,'proves'),
(187,'said'),
(187,'she'),
(187,'side.'),
(187,'that'),
(187,'them'),
(187,'through'),
(187,'trying'),
(187,'turn'),
(187,'turtle'),
(187,'was'),
(187,'when'),
(187,'with'),
(188,'193'),
(188,'about'),
(188,'alice'),
(188,'an'),
(188,'best'),
(188,'better'),
(188,'bill'),
(188,'but'),
(188,'deal'),
(188,'excellent'),
(188,'far'),
(188,'get'),
(188,'hardly'),
(188,'im'),
(188,'is'),
(188,'it'),
(188,'know--no'),
(188,'manage'),
(188,'more'),
(188,'must'),
(188,'myself'),
(188,'now--but'),
(188,'off'),
(188,'plan.'),
(188,'sounded'),
(188,'thank'),
(188,'the'),
(188,'thought'),
(188,'too'),
(188,'trouble'),
(188,'well'),
(188,'ye'),
(188,'you:'),
(189,'122'),
(189,'and'),
(189,'at.'),
(189,'be'),
(189,'curious'),
(189,'do.'),
(189,'dont'),
(189,'duchess'),
(189,'em'),
(189,'first'),
(189,'her'),
(189,'history'),
(189,'ill'),
(189,'its'),
(189,'ive'),
(189,'know'),
(189,'learn'),
(189,'most'),
(189,'not'),
(189,'of'),
(189,'said'),
(189,'say'),
(189,'she'),
(189,'should'),
(189,'speech.'),
(189,'tell'),
(189,'than'),
(189,'the'),
(189,'think'),
(189,'to'),
(189,'tried'),
(189,'very'),
(189,'your'),
(190,'123'),
(190,'again'),
(190,'agree'),
(190,'alice'),
(190,'and'),
(190,'be'),
(190,'but'),
(190,'certainly'),
(190,'dormouse'),
(190,'everything'),
(190,'felt'),
(190,'grand'),
(190,'grow'),
(190,'large'),
(190,'let'),
(190,'me'),
(190,'no'),
(190,'one'),
(190,'out.'),
(190,'ready'),
(190,'room'),
(190,'said'),
(190,'see:'),
(190,'that'),
(190,'theres'),
(190,'to'),
(190,'turned'),
(190,'up'),
(190,'who'),
(190,'would'),
(190,'you'),
(191,'124'),
(191,'air:'),
(191,'are'),
(191,'cattle'),
(191,'cried'),
(191,'dinah'),
(191,'earnestly'),
(191,'first.'),
(191,'guests'),
(191,'had'),
(191,'her'),
(191,'his'),
(191,'in.'),
(191,'it'),
(191,'me'),
(191,'now'),
(191,'of'),
(191,'other'),
(191,'out'),
(191,'puzzled'),
(191,'rabbit'),
(191,'said'),
(191,'silence'),
(191,'taken'),
(191,'tell'),
(191,'the'),
(191,'very'),
(191,'watch'),
(191,'what'),
(191,'white'),
(191,'who'),
(191,'why'),
(191,'you'),
(192,'125'),
(192,'again'),
(192,'agree'),
(192,'alice'),
(192,'and'),
(192,'be'),
(192,'but'),
(192,'certainly'),
(192,'dormouse'),
(192,'everything'),
(192,'felt'),
(192,'grand'),
(192,'grow'),
(192,'large'),
(192,'let'),
(192,'me'),
(192,'no'),
(192,'one'),
(192,'out.'),
(192,'ready'),
(192,'room'),
(192,'said'),
(192,'see:'),
(192,'that'),
(192,'theres'),
(192,'to'),
(192,'turned'),
(192,'up'),
(192,'who'),
(192,'would'),
(192,'you'),
(193,'194'),
(193,'and'),
(193,'attending'),
(193,'belt'),
(193,'bit.'),
(193,'didnt'),
(193,'each'),
(193,'eyes'),
(193,'hare'),
(193,'her.'),
(193,'his'),
(193,'i'),
(193,'march'),
(193,'mock'),
(193,'mouths'),
(193,'much'),
(193,'of'),
(193,'one'),
(193,'opened'),
(193,'other'),
(193,'out'),
(193,'said--'),
(193,'side'),
(193,'so'),
(193,'their'),
(193,'to'),
(193,'trims'),
(193,'turtle'),
(193,'very'),
(193,'went'),
(193,'without'),
(194,'126'),
(194,'all'),
(194,'aloud'),
(194,'and'),
(194,'asked'),
(194,'both'),
(194,'creatures'),
(194,'existence'),
(194,'faces'),
(194,'for'),
(194,'had'),
(194,'he'),
(194,'hid'),
(194,'his'),
(194,'how'),
(194,'in'),
(194,'it'),
(194,'large'),
(194,'moment'),
(194,'now'),
(194,'places--all'),
(194,'proper'),
(194,'rabbit'),
(194,'repeated'),
(194,'she'),
(194,'still'),
(194,'their'),
(194,'turn'),
(194,'was'),
(194,'white'),
(194,'with.'),
(195,'127'),
(195,'again'),
(195,'agree'),
(195,'alice'),
(195,'and'),
(195,'be'),
(195,'but'),
(195,'certainly'),
(195,'dormouse'),
(195,'everything'),
(195,'felt'),
(195,'grand'),
(195,'grow'),
(195,'large'),
(195,'let'),
(195,'me'),
(195,'no'),
(195,'one'),
(195,'out.'),
(195,'ready'),
(195,'room'),
(195,'said'),
(195,'see:'),
(195,'that'),
(195,'theres'),
(195,'to'),
(195,'turned'),
(195,'up'),
(195,'who'),
(195,'would'),
(195,'you'),
(196,'128'),
(196,'alice'),
(196,'and'),
(196,'as'),
(196,'certain.'),
(196,'could'),
(196,'curtsey'),
(196,'dormouse'),
(196,'dropped'),
(196,'felt'),
(196,'first'),
(196,'gloves'),
(196,'if'),
(196,'ill.'),
(196,'it'),
(196,'kid'),
(196,'please'),
(196,'rabbit'),
(196,'said'),
(196,'she'),
(196,'sir--'),
(196,'started'),
(196,'the'),
(196,'to'),
(196,'tried'),
(196,'verse'),
(196,'very'),
(196,'violently'),
(196,'was'),
(196,'white'),
(196,'you'),
(197,'129'),
(197,'against'),
(197,'alice.'),
(197,'and.'),
(197,'as'),
(197,'authority'),
(197,'be'),
(197,'could'),
(197,'door'),
(197,'down'),
(197,'elbow'),
(197,'ever'),
(197,'hear'),
(197,'herself'),
(197,'it'),
(197,'lying'),
(197,'of'),
(197,'one'),
(197,'over'),
(197,'person'),
(197,'said'),
(197,'say'),
(197,'she'),
(197,'spoke.'),
(197,'stand'),
(197,'the'),
(197,'to'),
(197,'up'),
(197,'well'),
(197,'wet'),
(197,'will'),
(197,'with'),
(198,'130'),
(198,'air:'),
(198,'are'),
(198,'cattle'),
(198,'cried'),
(198,'dinah'),
(198,'earnestly'),
(198,'first.'),
(198,'guests'),
(198,'had'),
(198,'her'),
(198,'his'),
(198,'in.'),
(198,'it'),
(198,'me'),
(198,'now'),
(198,'of'),
(198,'other'),
(198,'out'),
(198,'puzzled'),
(198,'rabbit'),
(198,'said'),
(198,'silence'),
(198,'taken'),
(198,'tell'),
(198,'the'),
(198,'very'),
(198,'watch'),
(198,'what'),
(198,'white'),
(198,'who'),
(198,'why'),
(198,'you'),
(199,'195'),
(199,'again'),
(199,'all'),
(199,'are'),
(199,'at'),
(199,'begin'),
(199,'bill'),
(199,'calmly'),
(199,'changes'),
(199,'crazy'),
(199,'drive'),
(199,'enough'),
(199,'going'),
(199,'how'),
(199,'im'),
(199,'it'),
(199,'last'),
(199,'little'),
(199,'more'),
(199,'never'),
(199,'one'),
(199,'over'),
(199,'puzzling'),
(199,'snappishly.'),
(199,'sobbing'),
(199,'still'),
(199,'sure'),
(199,'the.'),
(199,'these'),
(199,'thought'),
(199,'to'),
(199,'was'),
(199,'what'),
(199,'youre'),
(200,'131'),
(200,'accounts'),
(200,'ah'),
(200,'be'),
(200,'but'),
(200,'chain'),
(200,'daisy-chain'),
(200,'dont'),
(200,'five'),
(200,'for'),
(200,'in'),
(200,'it'),
(200,'learn'),
(200,'like'),
(200,'making'),
(200,'music.'),
(200,'of'),
(200,'pleased'),
(200,'pleasure'),
(200,'pray'),
(200,'said'),
(200,'say'),
(200,'soothing.'),
(200,'that'),
(200,'the'),
(200,'tone.'),
(200,'trouble'),
(200,'whether'),
(200,'would'),
(200,'yourself'),
(201,'132'),
(201,'alice'),
(201,'at'),
(201,'behind'),
(201,'close'),
(201,'could'),
(201,'day.'),
(201,'down'),
(201,'gone'),
(201,'guilt'),
(201,'had'),
(201,'her'),
(201,'his'),
(201,'how'),
(201,'it'),
(201,'looked'),
(201,'mock'),
(201,'out'),
(201,'persisted.'),
(201,'poor.'),
(201,'proves'),
(201,'said'),
(201,'she'),
(201,'side.'),
(201,'that'),
(201,'them'),
(201,'through'),
(201,'trying'),
(201,'turn'),
(201,'turtle'),
(201,'was'),
(201,'when'),
(201,'with'),
(202,'133'),
(202,'alice'),
(202,'and'),
(202,'as'),
(202,'certain.'),
(202,'could'),
(202,'curtsey'),
(202,'dormouse'),
(202,'dropped'),
(202,'felt'),
(202,'first'),
(202,'gloves'),
(202,'if'),
(202,'ill.'),
(202,'it'),
(202,'kid'),
(202,'please'),
(202,'rabbit'),
(202,'said'),
(202,'she'),
(202,'sir--'),
(202,'started'),
(202,'the'),
(202,'to'),
(202,'tried'),
(202,'verse'),
(202,'very'),
(202,'violently'),
(202,'was'),
(202,'white'),
(202,'you'),
(203,'134'),
(203,'again.'),
(203,'alice'),
(203,'all'),
(203,'almost'),
(203,'and'),
(203,'at'),
(203,'began'),
(203,'by'),
(203,'dont'),
(203,'ear'),
(203,'fairly'),
(203,'furious'),
(203,'grunt'),
(203,'in'),
(203,'its'),
(203,'left'),
(203,'not'),
(203,'off'),
(203,'on'),
(203,'ought'),
(203,'out'),
(203,'passion'),
(203,'right'),
(203,'said'),
(203,'sneezing'),
(203,'thats'),
(203,'there'),
(203,'this'),
(203,'time.'),
(203,'to'),
(203,'went'),
(204,'196'),
(204,'about'),
(204,'alice'),
(204,'and'),
(204,'but'),
(204,'cat'),
(204,'cheshire'),
(204,'commotion'),
(204,'could'),
(204,'desks'),
(204,'felt'),
(204,'find'),
(204,'in'),
(204,'jumped'),
(204,'last'),
(204,'much.'),
(204,'quite'),
(204,'ravens'),
(204,'remember'),
(204,'said'),
(204,'she'),
(204,'such'),
(204,'sudden'),
(204,'that'),
(204,'the.'),
(204,'to'),
(204,'violence'),
(204,'wasnt'),
(204,'which'),
(204,'with'),
(204,'word'),
(204,'writing-desks'),
(205,'135'),
(205,'again'),
(205,'and'),
(205,'be.'),
(205,'chain'),
(205,'daisy-chain'),
(205,'feel'),
(205,'felt'),
(205,'fetch'),
(205,'involved'),
(205,'making'),
(205,'me'),
(205,'moment'),
(205,'no'),
(205,'of'),
(205,'pair'),
(205,'pleasure'),
(205,'room'),
(205,'she'),
(205,'sleepy'),
(205,'stop'),
(205,'stupid'),
(205,'sure'),
(205,'the'),
(205,'this'),
(205,'very'),
(205,'way'),
(205,'whether'),
(205,'wonder'),
(205,'would'),
(206,'197'),
(206,'and'),
(206,'asked.'),
(206,'be'),
(206,'carried'),
(206,'didnt'),
(206,'duchess'),
(206,'everybody'),
(206,'if'),
(206,'im'),
(206,'itself'),
(206,'latitude'),
(206,'matter'),
(206,'minded.'),
(206,'much'),
(206,'not'),
(206,'occasionally'),
(206,'off.'),
(206,'oh'),
(206,'or'),
(206,'particular'),
(206,'prevent'),
(206,'she'),
(206,'sneezed'),
(206,'to'),
(206,'undoing'),
(206,'want'),
(206,'was'),
(206,'way'),
(206,'which'),
(207,'136'),
(207,'alice'),
(207,'all.'),
(207,'already'),
(207,'and'),
(207,'at'),
(207,'both'),
(207,'bowed'),
(207,'came'),
(207,'curls'),
(207,'dormouse'),
(207,'dream:--'),
(207,'dreamed'),
(207,'entangled'),
(207,'first'),
(207,'got'),
(207,'her'),
(207,'in'),
(207,'it'),
(207,'laughed'),
(207,'little'),
(207,'low'),
(207,'much'),
(207,'of'),
(207,'pebbles'),
(207,'rattling'),
(207,'shall'),
(207,'she'),
(207,'so'),
(207,'that'),
(207,'their'),
(207,'they'),
(207,'together.'),
(207,'was'),
(208,'137'),
(208,'alice'),
(208,'all'),
(208,'and'),
(208,'been'),
(208,'bleeds'),
(208,'court'),
(208,'doing'),
(208,'hare'),
(208,'have'),
(208,'here'),
(208,'it'),
(208,'knife'),
(208,'looked'),
(208,'majesty'),
(208,'march'),
(208,'may'),
(208,'on'),
(208,'please'),
(208,'round'),
(208,'said'),
(208,'she.'),
(208,'still'),
(208,'the'),
(208,'to'),
(208,'usually'),
(208,'was'),
(208,'went'),
(208,'what'),
(208,'with'),
(208,'your'),
(209,'138'),
(209,'ah'),
(209,'alice.'),
(209,'all'),
(209,'am'),
(209,'and'),
(209,'begins'),
(209,'by'),
(209,'concert'),
(209,'course'),
(209,'from'),
(209,'given'),
(209,'great'),
(209,'hand'),
(209,'him'),
(209,'in'),
(209,'of'),
(209,'one'),
(209,'parchment'),
(209,'returned'),
(209,'said'),
(209,'scroll'),
(209,'thats'),
(209,'the.'),
(209,'to'),
(209,'trumpet'),
(209,'twinkling'),
(209,'way'),
(209,'with'),
(209,'world'),
(209,'you'),
(210,'139'),
(210,'air.'),
(210,'alice'),
(210,'but'),
(210,'cats'),
(210,'cut'),
(210,'deeply'),
(210,'duchess'),
(210,'even'),
(210,'finger'),
(210,'got'),
(210,'if'),
(210,'in'),
(210,'ive'),
(210,'knave'),
(210,'like'),
(210,'minute'),
(210,'nurse'),
(210,'of.'),
(210,'passionate'),
(210,'replied'),
(210,'shrill'),
(210,'table'),
(210,'the'),
(210,'to'),
(210,'very'),
(210,'voice.'),
(210,'with'),
(210,'would'),
(210,'your'),
(211,'198'),
(211,'a.'),
(211,'alice'),
(211,'all'),
(211,'and'),
(211,'as'),
(211,'at'),
(211,'began'),
(211,'capital'),
(211,'comfortable'),
(211,'conversations'),
(211,'did'),
(211,'exactly'),
(211,'for'),
(211,'had'),
(211,'herself.'),
(211,'if'),
(211,'in'),
(211,'is'),
(211,'it'),
(211,'not'),
(211,'of'),
(211,'or'),
(211,'paris'),
(211,'pictures'),
(211,'queen'),
(211,'said'),
(211,'same'),
(211,'sat'),
(211,'she'),
(211,'so'),
(211,'the'),
(211,'tone'),
(211,'what'),
(212,'140'),
(212,'again.'),
(212,'alice'),
(212,'all'),
(212,'almost'),
(212,'and'),
(212,'at'),
(212,'began'),
(212,'by'),
(212,'dont'),
(212,'ear'),
(212,'fairly'),
(212,'furious'),
(212,'grunt'),
(212,'in'),
(212,'its'),
(212,'left'),
(212,'not'),
(212,'off'),
(212,'on'),
(212,'ought'),
(212,'out'),
(212,'passion'),
(212,'right'),
(212,'said'),
(212,'sneezing'),
(212,'thats'),
(212,'there'),
(212,'this'),
(212,'time.'),
(212,'to'),
(212,'went'),
(213,'199'),
(213,'about'),
(213,'alice.'),
(213,'and'),
(213,'as'),
(213,'be'),
(213,'but'),
(213,'deal:'),
(213,'doubtfully'),
(213,'fireplace'),
(213,'good'),
(213,'how'),
(213,'is'),
(213,'its'),
(213,'narrow'),
(213,'now'),
(213,'people.'),
(213,'poor'),
(213,'quick'),
(213,'rather'),
(213,'remembered'),
(213,'said'),
(213,'she'),
(213,'small'),
(213,'this'),
(213,'thought'),
(213,'to'),
(213,'two'),
(213,'use'),
(213,'was'),
(214,'141'),
(214,'again.'),
(214,'alice'),
(214,'all'),
(214,'almost'),
(214,'and'),
(214,'at'),
(214,'began'),
(214,'by'),
(214,'dont'),
(214,'ear'),
(214,'fairly'),
(214,'furious'),
(214,'grunt'),
(214,'in'),
(214,'its'),
(214,'left'),
(214,'not'),
(214,'off'),
(214,'on'),
(214,'ought'),
(214,'out'),
(214,'passion'),
(214,'right'),
(214,'said'),
(214,'sneezing'),
(214,'thats'),
(214,'there'),
(214,'this'),
(214,'time.'),
(214,'to'),
(214,'went'),
(215,'142'),
(215,'a'),
(215,'can'),
(215,'dormouse.'),
(215,'extremely'),
(215,'eyes'),
(215,'feeling'),
(215,'for'),
(215,'fourteenth'),
(215,'getting'),
(215,'his'),
(215,'hot'),
(215,'its'),
(215,'little'),
(215,'march'),
(215,'minute'),
(215,'nose.'),
(215,'of'),
(215,'opened'),
(215,'or'),
(215,'remember'),
(215,'slowly'),
(215,'small'),
(215,'tea'),
(215,'that'),
(215,'the'),
(215,'think'),
(215,'to'),
(215,'two'),
(215,'upon'),
(215,'very.'),
(215,'were'),
(216,'143'),
(216,'alice'),
(216,'at'),
(216,'behind'),
(216,'close'),
(216,'could'),
(216,'day.'),
(216,'down'),
(216,'gone'),
(216,'guilt'),
(216,'had'),
(216,'her'),
(216,'his'),
(216,'how'),
(216,'it'),
(216,'looked'),
(216,'mock'),
(216,'out'),
(216,'persisted.'),
(216,'poor.'),
(216,'proves'),
(216,'said'),
(216,'she'),
(216,'side.'),
(216,'that'),
(216,'them'),
(216,'through'),
(216,'trying'),
(216,'turn'),
(216,'turtle'),
(216,'was'),
(216,'when'),
(216,'with'),
(217,'200'),
(217,'a.'),
(217,'alice'),
(217,'appeared'),
(217,'before'),
(217,'cries'),
(217,'door.'),
(217,'expected:'),
(217,'found'),
(217,'garden'),
(217,'goes'),
(217,'had'),
(217,'have'),
(217,'heard'),
(217,'house'),
(217,'how'),
(217,'it'),
(217,'large'),
(217,'like'),
(217,'oh'),
(217,'poor'),
(217,'queens'),
(217,'quite'),
(217,'she'),
(217,'shrill'),
(217,'so'),
(217,'that'),
(217,'them'),
(217,'to'),
(217,'was'),
(217,'wish'),
(217,'would'),
(217,'you'),
(218,'144'),
(218,'again'),
(218,'agree'),
(218,'alice'),
(218,'and'),
(218,'be'),
(218,'but'),
(218,'certainly'),
(218,'dormouse'),
(218,'everything'),
(218,'felt'),
(218,'grand'),
(218,'grow'),
(218,'large'),
(218,'let'),
(218,'me'),
(218,'no'),
(218,'one'),
(218,'out.'),
(218,'ready'),
(218,'room'),
(218,'said'),
(218,'see:'),
(218,'that'),
(218,'theres'),
(218,'to'),
(218,'turned'),
(218,'up'),
(218,'who'),
(218,'would'),
(218,'you'),
(219,'201'),
(219,'alice'),
(219,'and'),
(219,'beginning'),
(219,'creatures.'),
(219,'curious'),
(219,'dodo'),
(219,'eaglet'),
(219,'english'),
(219,'fan'),
(219,'got'),
(219,'had'),
(219,'hoped'),
(219,'if'),
(219,'its'),
(219,'just'),
(219,'led'),
(219,'lory'),
(219,'neck'),
(219,'nicely'),
(219,'other'),
(219,'out'),
(219,'said'),
(219,'see'),
(219,'several'),
(219,'she'),
(219,'straightened'),
(219,'the'),
(219,'to'),
(219,'was'),
(219,'way.'),
(219,'who'),
(220,'145'),
(220,'air:'),
(220,'are'),
(220,'cattle'),
(220,'cried'),
(220,'dinah'),
(220,'earnestly'),
(220,'first.'),
(220,'guests'),
(220,'had'),
(220,'her'),
(220,'his'),
(220,'in.'),
(220,'it'),
(220,'me'),
(220,'now'),
(220,'of'),
(220,'other'),
(220,'out'),
(220,'puzzled'),
(220,'rabbit'),
(220,'said'),
(220,'silence'),
(220,'taken'),
(220,'tell'),
(220,'the'),
(220,'very'),
(220,'watch'),
(220,'what'),
(220,'white'),
(220,'who'),
(220,'why'),
(220,'you'),
(221,'146'),
(221,'all'),
(221,'aloud'),
(221,'and'),
(221,'asked'),
(221,'both'),
(221,'creatures'),
(221,'existence'),
(221,'faces'),
(221,'for'),
(221,'had'),
(221,'he'),
(221,'hid'),
(221,'his'),
(221,'how'),
(221,'in'),
(221,'it'),
(221,'large'),
(221,'moment'),
(221,'now'),
(221,'places--all'),
(221,'proper'),
(221,'rabbit'),
(221,'repeated'),
(221,'she'),
(221,'still'),
(221,'their'),
(221,'turn'),
(221,'was'),
(221,'white'),
(221,'with.'),
(222,'147'),
(222,'all'),
(222,'be.'),
(222,'dry'),
(222,'duchess.'),
(222,'enough'),
(222,'for'),
(222,'from'),
(222,'grow'),
(222,'him'),
(222,'i'),
(222,'let'),
(222,'make'),
(222,'me'),
(222,'nowhere'),
(222,'one'),
(222,'returned'),
(222,'same'),
(222,'shorter.'),
(222,'side'),
(222,'solemn'),
(222,'they'),
(222,'think:'),
(222,'though'),
(222,'tone'),
(222,'was'),
(222,'were'),
(222,'will'),
(222,'you'),
(223,'148'),
(223,'all'),
(223,'and'),
(223,'at'),
(223,'cleared'),
(223,'couples:'),
(223,'hand'),
(223,'her'),
(223,'in'),
(223,'last'),
(223,'lying'),
(223,'mock'),
(223,'on'),
(223,'out'),
(223,'rabbits'),
(223,'round'),
(223,'salmon'),
(223,'seals'),
(223,'she'),
(223,'so'),
(223,'spread'),
(223,'the.'),
(223,'then'),
(223,'they'),
(223,'till'),
(223,'turtle.'),
(223,'turtles'),
(223,'voice'),
(223,'were'),
(223,'when'),
(223,'while'),
(223,'youve'),
(224,'149'),
(224,'air.'),
(224,'alice'),
(224,'but'),
(224,'cats'),
(224,'cut'),
(224,'deeply'),
(224,'duchess'),
(224,'even'),
(224,'finger'),
(224,'got'),
(224,'if'),
(224,'in'),
(224,'ive'),
(224,'knave'),
(224,'like'),
(224,'minute'),
(224,'nurse'),
(224,'of.'),
(224,'passionate'),
(224,'replied'),
(224,'shrill'),
(224,'table'),
(224,'the'),
(224,'to'),
(224,'very'),
(224,'voice.'),
(224,'with'),
(224,'would'),
(224,'your'),
(225,'202'),
(225,'and'),
(225,'at'),
(225,'but'),
(225,'by'),
(225,'cards'),
(225,'deal'),
(225,'english'),
(225,'frightened'),
(225,'girl'),
(225,'good'),
(225,'ignorant'),
(225,'it'),
(225,'know.'),
(225,'little'),
(225,'matters'),
(225,'mean'),
(225,'nothing'),
(225,'of'),
(225,'or'),
(225,'pack'),
(225,'said'),
(225,'same'),
(225,'say--thats'),
(225,'serpent'),
(225,'thats'),
(225,'the'),
(225,'thing'),
(225,'this.'),
(225,'time.'),
(225,'what'),
(225,'youre'),
(226,'150'),
(226,'and'),
(226,'at.'),
(226,'be'),
(226,'curious'),
(226,'do.'),
(226,'dont'),
(226,'duchess'),
(226,'em'),
(226,'first'),
(226,'her'),
(226,'history'),
(226,'ill'),
(226,'its'),
(226,'ive'),
(226,'know'),
(226,'learn'),
(226,'most'),
(226,'not'),
(226,'of'),
(226,'said'),
(226,'say'),
(226,'she'),
(226,'should'),
(226,'speech.'),
(226,'tell'),
(226,'than'),
(226,'the'),
(226,'think'),
(226,'to'),
(226,'tried'),
(226,'very'),
(226,'your'),
(227,'151'),
(227,'against'),
(227,'alice.'),
(227,'and.'),
(227,'as'),
(227,'authority'),
(227,'be'),
(227,'could'),
(227,'door'),
(227,'down'),
(227,'elbow'),
(227,'ever'),
(227,'hear'),
(227,'herself'),
(227,'it'),
(227,'lying'),
(227,'of'),
(227,'one'),
(227,'over'),
(227,'person'),
(227,'said'),
(227,'say'),
(227,'she'),
(227,'spoke.'),
(227,'stand'),
(227,'the'),
(227,'to'),
(227,'up'),
(227,'well'),
(227,'wet'),
(227,'will'),
(227,'with'),
(228,'152'),
(228,'alice'),
(228,'and'),
(228,'as'),
(228,'certain.'),
(228,'could'),
(228,'curtsey'),
(228,'dormouse'),
(228,'dropped'),
(228,'felt'),
(228,'first'),
(228,'gloves'),
(228,'if'),
(228,'ill.'),
(228,'it'),
(228,'kid'),
(228,'please'),
(228,'rabbit'),
(228,'said'),
(228,'she'),
(228,'sir--'),
(228,'started'),
(228,'the'),
(228,'to'),
(228,'tried'),
(228,'verse'),
(228,'very'),
(228,'violently'),
(228,'was'),
(228,'white'),
(228,'you'),
(229,'153'),
(229,'again'),
(229,'and'),
(229,'be.'),
(229,'chain'),
(229,'daisy-chain'),
(229,'feel'),
(229,'felt'),
(229,'fetch'),
(229,'involved'),
(229,'making'),
(229,'me'),
(229,'moment'),
(229,'no'),
(229,'of'),
(229,'pair'),
(229,'pleasure'),
(229,'room'),
(229,'she'),
(229,'sleepy'),
(229,'stop'),
(229,'stupid'),
(229,'sure'),
(229,'the'),
(229,'this'),
(229,'very'),
(229,'way'),
(229,'whether'),
(229,'wonder'),
(229,'would'),
(230,'154'),
(230,'air.'),
(230,'alice'),
(230,'but'),
(230,'cats'),
(230,'cut'),
(230,'deeply'),
(230,'duchess'),
(230,'even'),
(230,'finger'),
(230,'got'),
(230,'if'),
(230,'in'),
(230,'ive'),
(230,'knave'),
(230,'like'),
(230,'minute'),
(230,'nurse'),
(230,'of.'),
(230,'passionate'),
(230,'replied'),
(230,'shrill'),
(230,'table'),
(230,'the'),
(230,'to'),
(230,'very'),
(230,'voice.'),
(230,'with'),
(230,'would'),
(230,'your'),
(231,'203'),
(231,'alice'),
(231,'and'),
(231,'any'),
(231,'at'),
(231,'been'),
(231,'cat.'),
(231,'could'),
(231,'do'),
(231,'french'),
(231,'gryphon'),
(231,'have'),
(231,'id'),
(231,'if'),
(231,'impatiently:'),
(231,'last'),
(231,'learned'),
(231,'mean.'),
(231,'music.'),
(231,'no'),
(231,'rabbit'),
(231,'rather'),
(231,'replied'),
(231,'said'),
(231,'shrimp'),
(231,'that.'),
(231,'the'),
(231,'told'),
(231,'washing'),
(231,'we'),
(231,'white'),
(231,'whiting'),
(231,'you'),
(232,'155'),
(232,'alice'),
(232,'at'),
(232,'behind'),
(232,'close'),
(232,'could'),
(232,'day.'),
(232,'down'),
(232,'gone'),
(232,'guilt'),
(232,'had'),
(232,'her'),
(232,'his'),
(232,'how'),
(232,'it'),
(232,'looked'),
(232,'mock'),
(232,'out'),
(232,'persisted.'),
(232,'poor.'),
(232,'proves'),
(232,'said'),
(232,'she'),
(232,'side.'),
(232,'that'),
(232,'them'),
(232,'through'),
(232,'trying'),
(232,'turn'),
(232,'turtle'),
(232,'was'),
(232,'when'),
(232,'with'),
(233,'204'),
(233,'alice'),
(233,'along'),
(233,'and'),
(233,'began'),
(233,'cakes'),
(233,'came'),
(233,'court'),
(233,'got'),
(233,'had'),
(233,'he'),
(233,'in'),
(233,'ive'),
(233,'latitude'),
(233,'left'),
(233,'longitude'),
(233,'minute'),
(233,'never'),
(233,'off'),
(233,'or'),
(233,'other:'),
(233,'quarrelling'),
(233,'queen'),
(233,'so'),
(233,'the'),
(233,'think.'),
(233,'to'),
(233,'trotting'),
(233,'two'),
(233,'voice'),
(233,'was'),
(233,'with'),
(234,'156'),
(234,'again'),
(234,'and'),
(234,'be.'),
(234,'chain'),
(234,'daisy-chain'),
(234,'feel'),
(234,'felt'),
(234,'fetch'),
(234,'involved'),
(234,'making'),
(234,'me'),
(234,'moment'),
(234,'no'),
(234,'of'),
(234,'pair'),
(234,'pleasure'),
(234,'room'),
(234,'she'),
(234,'sleepy'),
(234,'stop'),
(234,'stupid'),
(234,'sure'),
(234,'the'),
(234,'this'),
(234,'very'),
(234,'way'),
(234,'whether'),
(234,'wonder'),
(234,'would'),
(235,'157'),
(235,'air:'),
(235,'are'),
(235,'cattle'),
(235,'cried'),
(235,'dinah'),
(235,'earnestly'),
(235,'first.'),
(235,'guests'),
(235,'had'),
(235,'her'),
(235,'his'),
(235,'in.'),
(235,'it'),
(235,'me'),
(235,'now'),
(235,'of'),
(235,'other'),
(235,'out'),
(235,'puzzled'),
(235,'rabbit'),
(235,'said'),
(235,'silence'),
(235,'taken'),
(235,'tell'),
(235,'the'),
(235,'very'),
(235,'watch'),
(235,'what'),
(235,'white'),
(235,'who'),
(235,'why'),
(235,'you'),
(236,'158'),
(236,'accounts'),
(236,'ah'),
(236,'be'),
(236,'but'),
(236,'chain'),
(236,'daisy-chain'),
(236,'dont'),
(236,'five'),
(236,'for'),
(236,'in'),
(236,'it'),
(236,'learn'),
(236,'like'),
(236,'making'),
(236,'music.'),
(236,'of'),
(236,'pleased'),
(236,'pleasure'),
(236,'pray'),
(236,'said'),
(236,'say'),
(236,'soothing.'),
(236,'that'),
(236,'the'),
(236,'tone.'),
(236,'trouble'),
(236,'whether'),
(236,'would'),
(236,'yourself'),
(237,'205'),
(237,'alice'),
(237,'and'),
(237,'beginning'),
(237,'creatures.'),
(237,'curious'),
(237,'dodo'),
(237,'eaglet'),
(237,'english'),
(237,'fan'),
(237,'got'),
(237,'had'),
(237,'hoped'),
(237,'if'),
(237,'its'),
(237,'just'),
(237,'led'),
(237,'lory'),
(237,'neck'),
(237,'nicely'),
(237,'other'),
(237,'out'),
(237,'said'),
(237,'see'),
(237,'several'),
(237,'she'),
(237,'straightened'),
(237,'the'),
(237,'to'),
(237,'was'),
(237,'way.'),
(237,'who'),
(238,'159'),
(238,'alice'),
(238,'at'),
(238,'behind'),
(238,'close'),
(238,'could'),
(238,'day.'),
(238,'down'),
(238,'gone'),
(238,'guilt'),
(238,'had'),
(238,'her'),
(238,'his'),
(238,'how'),
(238,'it'),
(238,'looked'),
(238,'mock'),
(238,'out'),
(238,'persisted.'),
(238,'poor.'),
(238,'proves'),
(238,'said'),
(238,'she'),
(238,'side.'),
(238,'that'),
(238,'them'),
(238,'through'),
(238,'trying'),
(238,'turn'),
(238,'turtle'),
(238,'was'),
(238,'when'),
(238,'with'),
(239,'160'),
(239,'accounts'),
(239,'ah'),
(239,'be'),
(239,'but'),
(239,'chain'),
(239,'daisy-chain'),
(239,'dont'),
(239,'five'),
(239,'for'),
(239,'in'),
(239,'it'),
(239,'learn'),
(239,'like'),
(239,'making'),
(239,'music.'),
(239,'of'),
(239,'pleased'),
(239,'pleasure'),
(239,'pray'),
(239,'said'),
(239,'say'),
(239,'soothing.'),
(239,'that'),
(239,'the'),
(239,'tone.'),
(239,'trouble'),
(239,'whether'),
(239,'would'),
(239,'yourself'),
(240,'161'),
(240,'alice'),
(240,'all'),
(240,'and'),
(240,'been'),
(240,'bleeds'),
(240,'court'),
(240,'doing'),
(240,'hare'),
(240,'have'),
(240,'here'),
(240,'it'),
(240,'knife'),
(240,'looked'),
(240,'majesty'),
(240,'march'),
(240,'may'),
(240,'on'),
(240,'please'),
(240,'round'),
(240,'said'),
(240,'she.'),
(240,'still'),
(240,'the'),
(240,'to'),
(240,'usually'),
(240,'was'),
(240,'went'),
(240,'what'),
(240,'with'),
(240,'your'),
(241,'--and'),
(241,'162'),
(241,'and'),
(241,'at'),
(241,'contemptuously.'),
(241,'dare'),
(241,'even'),
(241,'every'),
(241,'head'),
(241,'himself'),
(241,'his'),
(241,'it'),
(241,'just'),
(241,'looking'),
(241,'never'),
(241,'now'),
(241,'on.'),
(241,'put'),
(241,'raised'),
(241,'say'),
(241,'shaking'),
(241,'she'),
(241,'shoes'),
(241,'spoke'),
(241,'take'),
(241,'then'),
(241,'time.'),
(241,'tiptoe'),
(241,'to'),
(241,'uneasily'),
(241,'upon'),
(241,'was'),
(241,'you'),
(242,'206'),
(242,'added'),
(242,'alice:'),
(242,'all'),
(242,'began'),
(242,'can'),
(242,'cat'),
(242,'cheshire'),
(242,'cut.'),
(242,'find'),
(242,'grow'),
(242,'have'),
(242,'heads'),
(242,'inches'),
(242,'is'),
(242,'it'),
(242,'larger'),
(242,'make'),
(242,'me'),
(242,'our'),
(242,'out'),
(242,'pleased'),
(242,'queen.'),
(242,'question'),
(242,'quite'),
(242,'said'),
(242,'say.'),
(242,'should'),
(242,'simple'),
(242,'so'),
(242,'such'),
(242,'the'),
(242,'this'),
(242,'three'),
(242,'to'),
(242,'was'),
(242,'we'),
(242,'you'),
(243,'163'),
(243,'and'),
(243,'at.'),
(243,'be'),
(243,'curious'),
(243,'do.'),
(243,'dont'),
(243,'duchess'),
(243,'em'),
(243,'first'),
(243,'her'),
(243,'history'),
(243,'ill'),
(243,'its'),
(243,'ive'),
(243,'know'),
(243,'learn'),
(243,'most'),
(243,'not'),
(243,'of'),
(243,'said'),
(243,'say'),
(243,'she'),
(243,'should'),
(243,'speech.'),
(243,'tell'),
(243,'than'),
(243,'the'),
(243,'think'),
(243,'to'),
(243,'tried'),
(243,'very'),
(243,'your'),
(244,'164'),
(244,'a.'),
(244,'about'),
(244,'anxiously'),
(244,'be'),
(244,'doesnt'),
(244,'fifteenth'),
(244,'gryphon'),
(244,'help'),
(244,'her.'),
(244,'its'),
(244,'last'),
(244,'let'),
(244,'like'),
(244,'looking'),
(244,'me'),
(244,'oh'),
(244,'on'),
(244,'remark'),
(244,'said.'),
(244,'shall'),
(244,'she'),
(244,'the'),
(244,'this'),
(244,'to'),
(244,'undo'),
(244,'vegetable.'),
(244,'went'),
(245,'165'),
(245,'accounts'),
(245,'ah'),
(245,'be'),
(245,'but'),
(245,'chain'),
(245,'daisy-chain'),
(245,'dont'),
(245,'five'),
(245,'for'),
(245,'in'),
(245,'it'),
(245,'learn'),
(245,'like'),
(245,'making'),
(245,'music.'),
(245,'of'),
(245,'pleased'),
(245,'pleasure'),
(245,'pray'),
(245,'said'),
(245,'say'),
(245,'soothing.'),
(245,'that'),
(245,'the'),
(245,'tone.'),
(245,'trouble'),
(245,'whether'),
(245,'would'),
(245,'yourself'),
(246,'207'),
(246,'after'),
(246,'alice'),
(246,'and'),
(246,'belt'),
(246,'blown'),
(246,'candle'),
(246,'dozing'),
(246,'ending'),
(246,'felt'),
(246,'for'),
(246,'friends'),
(246,'his'),
(246,'is'),
(246,'little'),
(246,'marched'),
(246,'meal'),
(246,'never-ending'),
(246,'off'),
(246,'out'),
(246,'quietly'),
(246,'shared'),
(246,'she'),
(246,'that'),
(246,'their'),
(246,'then'),
(246,'thought'),
(246,'to.'),
(246,'trims'),
(246,'was'),
(246,'words'),
(247,'166'),
(247,'again'),
(247,'and'),
(247,'be.'),
(247,'chain'),
(247,'daisy-chain'),
(247,'feel'),
(247,'felt'),
(247,'fetch'),
(247,'involved'),
(247,'making'),
(247,'me'),
(247,'moment'),
(247,'no'),
(247,'of'),
(247,'pair'),
(247,'pleasure'),
(247,'room'),
(247,'she'),
(247,'sleepy'),
(247,'stop'),
(247,'stupid'),
(247,'sure'),
(247,'the'),
(247,'this'),
(247,'very'),
(247,'way'),
(247,'whether'),
(247,'wonder'),
(247,'would'),
(248,'167'),
(248,'again'),
(248,'agree'),
(248,'alice'),
(248,'and'),
(248,'be'),
(248,'but'),
(248,'certainly'),
(248,'dormouse'),
(248,'everything'),
(248,'felt'),
(248,'grand'),
(248,'grow'),
(248,'large'),
(248,'let'),
(248,'me'),
(248,'no'),
(248,'one'),
(248,'out.'),
(248,'ready'),
(248,'room'),
(248,'said'),
(248,'see:'),
(248,'that'),
(248,'theres'),
(248,'to'),
(248,'turned'),
(248,'up'),
(248,'who'),
(248,'would'),
(248,'you'),
(249,'208'),
(249,'and'),
(249,'asked.'),
(249,'be'),
(249,'carried'),
(249,'didnt'),
(249,'duchess'),
(249,'everybody'),
(249,'how'),
(249,'if'),
(249,'im'),
(249,'itself'),
(249,'matter'),
(249,'minded.'),
(249,'much'),
(249,'not'),
(249,'occasionally'),
(249,'off.'),
(249,'oh'),
(249,'particular'),
(249,'prevent'),
(249,'she'),
(249,'sneezed'),
(249,'to'),
(249,'undoing'),
(249,'want'),
(249,'way'),
(249,'which'),
(249,'wish'),
(249,'you'),
(250,'168'),
(250,'ah'),
(250,'alice.'),
(250,'all'),
(250,'am'),
(250,'and'),
(250,'begins'),
(250,'by'),
(250,'concert'),
(250,'course'),
(250,'from'),
(250,'given'),
(250,'great'),
(250,'hand'),
(250,'him'),
(250,'in'),
(250,'of'),
(250,'one'),
(250,'parchment'),
(250,'returned'),
(250,'said'),
(250,'scroll'),
(250,'thats'),
(250,'the.'),
(250,'to'),
(250,'trumpet'),
(250,'twinkling'),
(250,'way'),
(250,'with'),
(250,'world'),
(250,'you'),
(251,'169'),
(251,'all'),
(251,'and'),
(251,'at'),
(251,'cleared'),
(251,'couples:'),
(251,'hand'),
(251,'her'),
(251,'in'),
(251,'last'),
(251,'lying'),
(251,'mock'),
(251,'on'),
(251,'out'),
(251,'rabbits'),
(251,'round'),
(251,'salmon'),
(251,'seals'),
(251,'she'),
(251,'so'),
(251,'spread'),
(251,'the.'),
(251,'then'),
(251,'they'),
(251,'till'),
(251,'turtle.'),
(251,'turtles'),
(251,'voice'),
(251,'were'),
(251,'when'),
(251,'while'),
(251,'youve'),
(252,'170'),
(252,'again.'),
(252,'alice'),
(252,'all'),
(252,'almost'),
(252,'and'),
(252,'at'),
(252,'began'),
(252,'by'),
(252,'dont'),
(252,'ear'),
(252,'fairly'),
(252,'furious'),
(252,'grunt'),
(252,'in'),
(252,'its'),
(252,'left'),
(252,'not'),
(252,'off'),
(252,'on'),
(252,'ought'),
(252,'out'),
(252,'passion'),
(252,'right'),
(252,'said'),
(252,'sneezing'),
(252,'thats'),
(252,'there'),
(252,'this'),
(252,'time.'),
(252,'to'),
(252,'went'),
(253,'171'),
(253,'accounts'),
(253,'ah'),
(253,'be'),
(253,'but'),
(253,'chain'),
(253,'daisy-chain'),
(253,'dont'),
(253,'five'),
(253,'for'),
(253,'in'),
(253,'it'),
(253,'learn'),
(253,'like'),
(253,'making'),
(253,'music.'),
(253,'of'),
(253,'pleased'),
(253,'pleasure'),
(253,'pray'),
(253,'said'),
(253,'say'),
(253,'soothing.'),
(253,'that'),
(253,'the'),
(253,'tone.'),
(253,'trouble'),
(253,'whether'),
(253,'would'),
(253,'yourself'),
(254,'172'),
(254,'all'),
(254,'aloud'),
(254,'and'),
(254,'asked'),
(254,'both'),
(254,'creatures'),
(254,'existence'),
(254,'faces'),
(254,'for'),
(254,'had'),
(254,'he'),
(254,'hid'),
(254,'his'),
(254,'how'),
(254,'in'),
(254,'it'),
(254,'large'),
(254,'moment'),
(254,'now'),
(254,'places--all'),
(254,'proper'),
(254,'rabbit'),
(254,'repeated'),
(254,'she'),
(254,'still'),
(254,'their'),
(254,'turn'),
(254,'was'),
(254,'white'),
(254,'with.'),
(255,'209'),
(255,'again'),
(255,'all'),
(255,'are'),
(255,'at'),
(255,'begin'),
(255,'calmly'),
(255,'changes'),
(255,'crazy'),
(255,'drive'),
(255,'enough'),
(255,'going'),
(255,'hare'),
(255,'how'),
(255,'im'),
(255,'it'),
(255,'last'),
(255,'little'),
(255,'march'),
(255,'more'),
(255,'never'),
(255,'one'),
(255,'over'),
(255,'puzzling'),
(255,'said--'),
(255,'snappishly.'),
(255,'sobbing'),
(255,'still'),
(255,'sure'),
(255,'the.'),
(255,'these'),
(255,'though'),
(255,'to'),
(255,'was'),
(255,'what'),
(255,'youre'),
(256,'173'),
(256,'alice'),
(256,'at'),
(256,'behind'),
(256,'close'),
(256,'could'),
(256,'day.'),
(256,'down'),
(256,'gone'),
(256,'guilt'),
(256,'had'),
(256,'her'),
(256,'his'),
(256,'how'),
(256,'it'),
(256,'looked'),
(256,'mock'),
(256,'out'),
(256,'persisted.'),
(256,'poor.'),
(256,'proves'),
(256,'said'),
(256,'she'),
(256,'side.'),
(256,'that'),
(256,'them'),
(256,'through'),
(256,'trying'),
(256,'turn'),
(256,'turtle'),
(256,'was'),
(256,'when'),
(256,'with'),
(257,'210'),
(257,'alice'),
(257,'and'),
(257,'at'),
(257,'but'),
(257,'by'),
(257,'cards'),
(257,'deal'),
(257,'frightened'),
(257,'girl'),
(257,'good'),
(257,'got'),
(257,'had'),
(257,'ignorant'),
(257,'it'),
(257,'know.'),
(257,'little'),
(257,'matters'),
(257,'mean'),
(257,'nothing'),
(257,'of'),
(257,'or'),
(257,'pack'),
(257,'same'),
(257,'say--thats'),
(257,'serpent'),
(257,'thats'),
(257,'the'),
(257,'thing'),
(257,'this.'),
(257,'time.'),
(257,'what'),
(257,'who'),
(257,'youre'),
(258,'174'),
(258,'all'),
(258,'aloud'),
(258,'and'),
(258,'asked'),
(258,'both'),
(258,'creatures'),
(258,'existence'),
(258,'faces'),
(258,'for'),
(258,'had'),
(258,'he'),
(258,'hid'),
(258,'his'),
(258,'how'),
(258,'in'),
(258,'it'),
(258,'large'),
(258,'moment'),
(258,'now'),
(258,'places--all'),
(258,'proper'),
(258,'rabbit'),
(258,'repeated'),
(258,'she'),
(258,'still'),
(258,'their'),
(258,'turn'),
(258,'was'),
(258,'white'),
(258,'with.'),
(259,'175'),
(259,'air:'),
(259,'are'),
(259,'cattle'),
(259,'cried'),
(259,'dinah'),
(259,'earnestly'),
(259,'first.'),
(259,'guests'),
(259,'had'),
(259,'her'),
(259,'his'),
(259,'in.'),
(259,'it'),
(259,'me'),
(259,'now'),
(259,'of'),
(259,'other'),
(259,'out'),
(259,'puzzled'),
(259,'rabbit'),
(259,'said'),
(259,'silence'),
(259,'taken'),
(259,'tell'),
(259,'the'),
(259,'very'),
(259,'watch'),
(259,'what'),
(259,'white'),
(259,'who'),
(259,'why'),
(259,'you'),
(260,'176'),
(260,'against'),
(260,'alice.'),
(260,'and.'),
(260,'as'),
(260,'authority'),
(260,'be'),
(260,'could'),
(260,'door'),
(260,'down'),
(260,'elbow'),
(260,'ever'),
(260,'hear'),
(260,'herself'),
(260,'it'),
(260,'lying'),
(260,'of'),
(260,'one'),
(260,'over'),
(260,'person'),
(260,'said'),
(260,'say'),
(260,'she'),
(260,'spoke.'),
(260,'stand'),
(260,'the'),
(260,'to'),
(260,'up'),
(260,'well'),
(260,'wet'),
(260,'will'),
(260,'with'),
(261,'211'),
(261,'after'),
(261,'alice'),
(261,'and'),
(261,'belt'),
(261,'blown'),
(261,'candle'),
(261,'dozing'),
(261,'ending'),
(261,'for'),
(261,'friends'),
(261,'hare'),
(261,'his'),
(261,'is'),
(261,'little'),
(261,'marched'),
(261,'meal'),
(261,'never-ending'),
(261,'off'),
(261,'out'),
(261,'quietly'),
(261,'said--'),
(261,'shared'),
(261,'she'),
(261,'their'),
(261,'then'),
(261,'thought'),
(261,'to.'),
(261,'trims'),
(261,'was'),
(261,'words'),
(262,'177'),
(262,'alice'),
(262,'all'),
(262,'and'),
(262,'been'),
(262,'bleeds'),
(262,'court'),
(262,'doing'),
(262,'hare'),
(262,'have'),
(262,'here'),
(262,'it'),
(262,'knife'),
(262,'looked'),
(262,'majesty'),
(262,'march'),
(262,'may'),
(262,'on'),
(262,'please'),
(262,'round'),
(262,'said'),
(262,'she.'),
(262,'still'),
(262,'the'),
(262,'to'),
(262,'usually'),
(262,'was'),
(262,'went'),
(262,'what'),
(262,'with'),
(262,'your'),
(263,'178'),
(263,'accounts'),
(263,'ah'),
(263,'be'),
(263,'but'),
(263,'chain'),
(263,'daisy-chain'),
(263,'dont'),
(263,'five'),
(263,'for'),
(263,'in'),
(263,'it'),
(263,'learn'),
(263,'like'),
(263,'making'),
(263,'music.'),
(263,'of'),
(263,'pleased'),
(263,'pleasure'),
(263,'pray'),
(263,'said'),
(263,'say'),
(263,'soothing.'),
(263,'that'),
(263,'the'),
(263,'tone.'),
(263,'trouble'),
(263,'whether'),
(263,'would'),
(263,'yourself'),
(264,'179'),
(264,'alice'),
(264,'at'),
(264,'behind'),
(264,'close'),
(264,'could'),
(264,'day.'),
(264,'down'),
(264,'gone'),
(264,'guilt'),
(264,'had'),
(264,'her'),
(264,'his'),
(264,'how'),
(264,'it'),
(264,'looked'),
(264,'mock'),
(264,'out'),
(264,'persisted.'),
(264,'poor.'),
(264,'proves'),
(264,'said'),
(264,'she'),
(264,'side.'),
(264,'that'),
(264,'them'),
(264,'through'),
(264,'trying'),
(264,'turn'),
(264,'turtle'),
(264,'was'),
(264,'when'),
(264,'with'),
(265,'212'),
(265,'along'),
(265,'and'),
(265,'at'),
(265,'cakes'),
(265,'came'),
(265,'court'),
(265,'got'),
(265,'gryphon'),
(265,'had'),
(265,'he'),
(265,'in'),
(265,'ive'),
(265,'last'),
(265,'latitude'),
(265,'left'),
(265,'longitude'),
(265,'minute'),
(265,'never'),
(265,'off'),
(265,'or'),
(265,'other:'),
(265,'quarrelling'),
(265,'queen'),
(265,'the'),
(265,'think.'),
(265,'to'),
(265,'trotting'),
(265,'two'),
(265,'voice'),
(265,'was'),
(265,'with'),
(266,'180'),
(266,'again'),
(266,'agree'),
(266,'alice'),
(266,'and'),
(266,'be'),
(266,'but'),
(266,'certainly'),
(266,'dormouse'),
(266,'everything'),
(266,'felt'),
(266,'grand'),
(266,'grow'),
(266,'large'),
(266,'let'),
(266,'me'),
(266,'no'),
(266,'one'),
(266,'out.'),
(266,'ready'),
(266,'room'),
(266,'said'),
(266,'see:'),
(266,'that'),
(266,'theres'),
(266,'to'),
(266,'turned'),
(266,'up'),
(266,'who'),
(266,'would'),
(266,'you'),
(267,'181'),
(267,'alice'),
(267,'and'),
(267,'as'),
(267,'certain.'),
(267,'could'),
(267,'curtsey'),
(267,'dormouse'),
(267,'dropped'),
(267,'felt'),
(267,'first'),
(267,'gloves'),
(267,'if'),
(267,'ill.'),
(267,'it'),
(267,'kid'),
(267,'please'),
(267,'rabbit'),
(267,'said'),
(267,'she'),
(267,'sir--'),
(267,'started'),
(267,'the'),
(267,'to'),
(267,'tried'),
(267,'verse'),
(267,'very'),
(267,'violently'),
(267,'was'),
(267,'white'),
(267,'you'),
(268,'--and'),
(268,'182'),
(268,'and'),
(268,'at'),
(268,'contemptuously.'),
(268,'dare'),
(268,'even'),
(268,'every'),
(268,'head'),
(268,'himself'),
(268,'his'),
(268,'it'),
(268,'just'),
(268,'looking'),
(268,'never'),
(268,'now'),
(268,'on.'),
(268,'put'),
(268,'raised'),
(268,'say'),
(268,'shaking'),
(268,'she'),
(268,'shoes'),
(268,'spoke'),
(268,'take'),
(268,'then'),
(268,'time.'),
(268,'tiptoe'),
(268,'to'),
(268,'uneasily'),
(268,'upon'),
(268,'was'),
(268,'you'),
(269,'183'),
(269,'all'),
(269,'and'),
(269,'at'),
(269,'cleared'),
(269,'couples:'),
(269,'hand'),
(269,'her'),
(269,'in'),
(269,'last'),
(269,'lying'),
(269,'mock'),
(269,'on'),
(269,'out'),
(269,'rabbits'),
(269,'round'),
(269,'salmon'),
(269,'seals'),
(269,'she'),
(269,'so'),
(269,'spread'),
(269,'the.'),
(269,'then'),
(269,'they'),
(269,'till'),
(269,'turtle.'),
(269,'turtles'),
(269,'voice'),
(269,'were'),
(269,'when'),
(269,'while'),
(269,'youve'),
(270,'184'),
(270,'alice'),
(270,'at'),
(270,'behind'),
(270,'close'),
(270,'could'),
(270,'day.'),
(270,'down'),
(270,'gone'),
(270,'guilt'),
(270,'had'),
(270,'her'),
(270,'his'),
(270,'how'),
(270,'it'),
(270,'looked'),
(270,'mock'),
(270,'out'),
(270,'persisted.'),
(270,'poor.'),
(270,'proves'),
(270,'said'),
(270,'she'),
(270,'side.'),
(270,'that'),
(270,'them'),
(270,'through'),
(270,'trying'),
(270,'turn'),
(270,'turtle'),
(270,'was'),
(270,'when'),
(270,'with'),
(271,'213'),
(271,'and'),
(271,'at'),
(271,'but'),
(271,'by'),
(271,'cards'),
(271,'deal'),
(271,'duchess'),
(271,'frightened'),
(271,'girl'),
(271,'good'),
(271,'ignorant'),
(271,'it'),
(271,'know.'),
(271,'little'),
(271,'matters'),
(271,'mean'),
(271,'nothing'),
(271,'of'),
(271,'or'),
(271,'pack'),
(271,'same'),
(271,'say--thats'),
(271,'serpent'),
(271,'sneezed'),
(271,'thats'),
(271,'the'),
(271,'thing'),
(271,'this.'),
(271,'time.'),
(271,'what'),
(271,'youre'),
(272,'185'),
(272,'alice'),
(272,'at'),
(272,'behind'),
(272,'close'),
(272,'could'),
(272,'day.'),
(272,'down'),
(272,'gone'),
(272,'guilt'),
(272,'had'),
(272,'her'),
(272,'his'),
(272,'how'),
(272,'it'),
(272,'looked'),
(272,'mock'),
(272,'out'),
(272,'persisted.'),
(272,'poor.'),
(272,'proves'),
(272,'said'),
(272,'she'),
(272,'side.'),
(272,'that'),
(272,'them'),
(272,'through'),
(272,'trying'),
(272,'turn'),
(272,'turtle'),
(272,'was'),
(272,'when'),
(272,'with'),
(273,'186'),
(273,'alice'),
(273,'all.'),
(273,'already'),
(273,'and'),
(273,'at'),
(273,'both'),
(273,'bowed'),
(273,'came'),
(273,'curls'),
(273,'dormouse'),
(273,'dream:--'),
(273,'dreamed'),
(273,'entangled'),
(273,'first'),
(273,'got'),
(273,'her'),
(273,'in'),
(273,'it'),
(273,'laughed'),
(273,'little'),
(273,'low'),
(273,'much'),
(273,'of'),
(273,'pebbles'),
(273,'rattling'),
(273,'shall'),
(273,'she'),
(273,'so'),
(273,'that'),
(273,'their'),
(273,'they'),
(273,'together.'),
(273,'was'),
(274,'187'),
(274,'again'),
(274,'agree'),
(274,'alice'),
(274,'and'),
(274,'be'),
(274,'but'),
(274,'certainly'),
(274,'dormouse'),
(274,'everything'),
(274,'felt'),
(274,'grand'),
(274,'grow'),
(274,'large'),
(274,'let'),
(274,'me'),
(274,'no'),
(274,'one'),
(274,'out.'),
(274,'ready'),
(274,'room'),
(274,'said'),
(274,'see:'),
(274,'that'),
(274,'theres'),
(274,'to'),
(274,'turned'),
(274,'up'),
(274,'who'),
(274,'would'),
(274,'you'),
(275,'188'),
(275,'all'),
(275,'aloud'),
(275,'and'),
(275,'asked'),
(275,'both'),
(275,'creatures'),
(275,'existence'),
(275,'faces'),
(275,'for'),
(275,'had'),
(275,'he'),
(275,'hid'),
(275,'his'),
(275,'how'),
(275,'in'),
(275,'it'),
(275,'large'),
(275,'moment'),
(275,'now'),
(275,'places--all'),
(275,'proper'),
(275,'rabbit'),
(275,'repeated'),
(275,'she'),
(275,'still'),
(275,'their'),
(275,'turn'),
(275,'was'),
(275,'white'),
(275,'with.'),
(276,'214'),
(276,'and'),
(276,'attending'),
(276,'bit.'),
(276,'didnt'),
(276,'each'),
(276,'eyes'),
(276,'hare'),
(276,'her.'),
(276,'how'),
(276,'i'),
(276,'march'),
(276,'mock'),
(276,'mouths'),
(276,'much'),
(276,'of'),
(276,'oh'),
(276,'one'),
(276,'opened'),
(276,'other'),
(276,'out'),
(276,'said--'),
(276,'side'),
(276,'so'),
(276,'their'),
(276,'to'),
(276,'turtle'),
(276,'very'),
(276,'went'),
(276,'wish'),
(276,'without'),
(276,'you'),
(277,'189'),
(277,'all'),
(277,'and'),
(277,'at'),
(277,'cleared'),
(277,'couples:'),
(277,'hand'),
(277,'her'),
(277,'in'),
(277,'last'),
(277,'lying'),
(277,'mock'),
(277,'on'),
(277,'out'),
(277,'rabbits'),
(277,'round'),
(277,'salmon'),
(277,'seals'),
(277,'she'),
(277,'so'),
(277,'spread'),
(277,'the.'),
(277,'then'),
(277,'they'),
(277,'till'),
(277,'turtle.'),
(277,'turtles'),
(277,'voice'),
(277,'were'),
(277,'when'),
(277,'while'),
(277,'youve'),
(278,'190'),
(278,'all'),
(278,'aloud'),
(278,'and'),
(278,'asked'),
(278,'both'),
(278,'creatures'),
(278,'existence'),
(278,'faces'),
(278,'for'),
(278,'had'),
(278,'he'),
(278,'hid'),
(278,'his'),
(278,'how'),
(278,'in'),
(278,'it'),
(278,'large'),
(278,'moment'),
(278,'now'),
(278,'places--all'),
(278,'proper'),
(278,'rabbit'),
(278,'repeated'),
(278,'she'),
(278,'still'),
(278,'their'),
(278,'turn'),
(278,'was'),
(278,'white'),
(278,'with.'),
(279,'191'),
(279,'all'),
(279,'aloud'),
(279,'and'),
(279,'asked'),
(279,'both'),
(279,'creatures'),
(279,'existence'),
(279,'faces'),
(279,'for'),
(279,'had'),
(279,'he'),
(279,'hid'),
(279,'his'),
(279,'how'),
(279,'in'),
(279,'it'),
(279,'large'),
(279,'moment'),
(279,'now'),
(279,'places--all'),
(279,'proper'),
(279,'rabbit'),
(279,'repeated'),
(279,'she'),
(279,'still'),
(279,'their'),
(279,'turn'),
(279,'was'),
(279,'white'),
(279,'with.'),
(280,'192'),
(280,'air.'),
(280,'alice'),
(280,'but'),
(280,'cats'),
(280,'cut'),
(280,'deeply'),
(280,'duchess'),
(280,'even'),
(280,'finger'),
(280,'got'),
(280,'if'),
(280,'in'),
(280,'ive'),
(280,'knave'),
(280,'like'),
(280,'minute'),
(280,'nurse'),
(280,'of.'),
(280,'passionate'),
(280,'replied'),
(280,'shrill'),
(280,'table'),
(280,'the'),
(280,'to'),
(280,'very'),
(280,'voice.'),
(280,'with'),
(280,'would'),
(280,'your'),
(281,'215'),
(281,'and'),
(281,'barrowful'),
(281,'begin'),
(281,'do'),
(281,'duchess'),
(281,'first'),
(281,'got'),
(281,'hastily'),
(281,'in'),
(281,'ive'),
(281,'king'),
(281,'little.'),
(281,'no'),
(281,'on.'),
(281,'rabbit'),
(281,'said'),
(281,'so'),
(281,'these'),
(281,'thick'),
(281,'thing'),
(281,'three'),
(281,'time'),
(281,'took'),
(281,'was'),
(281,'went'),
(281,'white'),
(281,'will'),
(281,'with.'),
(281,'wood.'),
(282,'193'),
(282,'accounts'),
(282,'ah'),
(282,'be'),
(282,'but'),
(282,'chain'),
(282,'daisy-chain'),
(282,'dont'),
(282,'five'),
(282,'for'),
(282,'in'),
(282,'it'),
(282,'learn'),
(282,'like'),
(282,'making'),
(282,'music.'),
(282,'of'),
(282,'pleased'),
(282,'pleasure'),
(282,'pray'),
(282,'said'),
(282,'say'),
(282,'soothing.'),
(282,'that'),
(282,'the'),
(282,'tone.'),
(282,'trouble'),
(282,'whether'),
(282,'would'),
(282,'yourself'),
(283,'216'),
(283,'alice'),
(283,'and'),
(283,'beginning'),
(283,'belt'),
(283,'creatures.'),
(283,'curious'),
(283,'dodo'),
(283,'eaglet'),
(283,'fan'),
(283,'got'),
(283,'had'),
(283,'his'),
(283,'hoped'),
(283,'if'),
(283,'its'),
(283,'just'),
(283,'led'),
(283,'lory'),
(283,'neck'),
(283,'nicely'),
(283,'other'),
(283,'out'),
(283,'see'),
(283,'several'),
(283,'she'),
(283,'straightened'),
(283,'the'),
(283,'to'),
(283,'trims'),
(283,'was'),
(283,'way.'),
(283,'who'),
(284,'194'),
(284,'against'),
(284,'alice.'),
(284,'and.'),
(284,'as'),
(284,'authority'),
(284,'be'),
(284,'could'),
(284,'door'),
(284,'down'),
(284,'elbow'),
(284,'ever'),
(284,'hear'),
(284,'herself'),
(284,'it'),
(284,'lying'),
(284,'of'),
(284,'one'),
(284,'over'),
(284,'person'),
(284,'said'),
(284,'say'),
(284,'she'),
(284,'spoke.'),
(284,'stand'),
(284,'the'),
(284,'to'),
(284,'up'),
(284,'well'),
(284,'wet'),
(284,'will'),
(284,'with'),
(285,'195'),
(285,'accounts'),
(285,'ah'),
(285,'be'),
(285,'but'),
(285,'chain'),
(285,'daisy-chain'),
(285,'dont'),
(285,'five'),
(285,'for'),
(285,'in'),
(285,'it'),
(285,'learn'),
(285,'like'),
(285,'making'),
(285,'music.'),
(285,'of'),
(285,'pleased'),
(285,'pleasure'),
(285,'pray'),
(285,'said'),
(285,'say'),
(285,'soothing.'),
(285,'that'),
(285,'the'),
(285,'tone.'),
(285,'trouble'),
(285,'whether'),
(285,'would'),
(285,'yourself'),
(286,'196'),
(286,'alice'),
(286,'all'),
(286,'and'),
(286,'been'),
(286,'bleeds'),
(286,'court'),
(286,'doing'),
(286,'hare'),
(286,'have'),
(286,'here'),
(286,'it'),
(286,'knife'),
(286,'looked'),
(286,'majesty'),
(286,'march'),
(286,'may'),
(286,'on'),
(286,'please'),
(286,'round'),
(286,'said'),
(286,'she.'),
(286,'still'),
(286,'the'),
(286,'to'),
(286,'usually'),
(286,'was'),
(286,'went'),
(286,'what'),
(286,'with'),
(286,'your'),
(287,'197'),
(287,'all'),
(287,'and'),
(287,'at'),
(287,'cleared'),
(287,'couples:'),
(287,'hand'),
(287,'her'),
(287,'in'),
(287,'last'),
(287,'lying'),
(287,'mock'),
(287,'on'),
(287,'out'),
(287,'rabbits'),
(287,'round'),
(287,'salmon'),
(287,'seals'),
(287,'she'),
(287,'so'),
(287,'spread'),
(287,'the.'),
(287,'then'),
(287,'they'),
(287,'till'),
(287,'turtle.'),
(287,'turtles'),
(287,'voice'),
(287,'were'),
(287,'when'),
(287,'while'),
(287,'youve'),
(288,'217'),
(288,'along'),
(288,'and'),
(288,'cakes'),
(288,'came'),
(288,'court'),
(288,'got'),
(288,'had'),
(288,'he'),
(288,'in'),
(288,'ive'),
(288,'latitude'),
(288,'left'),
(288,'longitude'),
(288,'minute'),
(288,'never'),
(288,'no'),
(288,'off'),
(288,'or'),
(288,'other:'),
(288,'quarrelling'),
(288,'queen'),
(288,'rabbit'),
(288,'the'),
(288,'think.'),
(288,'to'),
(288,'trotting'),
(288,'two'),
(288,'voice'),
(288,'was'),
(288,'white'),
(288,'with'),
(289,'198'),
(289,'a'),
(289,'can'),
(289,'dormouse.'),
(289,'extremely'),
(289,'eyes'),
(289,'feeling'),
(289,'for'),
(289,'fourteenth'),
(289,'getting'),
(289,'his'),
(289,'hot'),
(289,'its'),
(289,'little'),
(289,'march'),
(289,'minute'),
(289,'nose.'),
(289,'of'),
(289,'opened'),
(289,'or'),
(289,'remember'),
(289,'slowly'),
(289,'small'),
(289,'tea'),
(289,'that'),
(289,'the'),
(289,'think'),
(289,'to'),
(289,'two'),
(289,'upon'),
(289,'very.'),
(289,'were'),
(290,'199'),
(290,'all'),
(290,'aloud'),
(290,'and'),
(290,'asked'),
(290,'both'),
(290,'creatures'),
(290,'existence'),
(290,'faces'),
(290,'for'),
(290,'had'),
(290,'he'),
(290,'hid'),
(290,'his'),
(290,'how'),
(290,'in'),
(290,'it'),
(290,'large'),
(290,'moment'),
(290,'now'),
(290,'places--all'),
(290,'proper'),
(290,'rabbit'),
(290,'repeated'),
(290,'she'),
(290,'still'),
(290,'their'),
(290,'turn'),
(290,'was'),
(290,'white'),
(290,'with.'),
(291,'200'),
(291,'all'),
(291,'aloud'),
(291,'and'),
(291,'asked'),
(291,'both'),
(291,'creatures'),
(291,'existence'),
(291,'faces'),
(291,'for'),
(291,'had'),
(291,'he'),
(291,'hid'),
(291,'his'),
(291,'how'),
(291,'in'),
(291,'it'),
(291,'large'),
(291,'moment'),
(291,'now'),
(291,'places--all'),
(291,'proper'),
(291,'rabbit'),
(291,'repeated'),
(291,'she'),
(291,'still'),
(291,'their'),
(291,'turn'),
(291,'was'),
(291,'white'),
(291,'with.'),
(292,'201'),
(292,'again'),
(292,'agree'),
(292,'alice'),
(292,'and'),
(292,'be'),
(292,'but'),
(292,'certainly'),
(292,'dormouse'),
(292,'everything'),
(292,'felt'),
(292,'grand'),
(292,'grow'),
(292,'large'),
(292,'let'),
(292,'me'),
(292,'no'),
(292,'one'),
(292,'out.'),
(292,'ready'),
(292,'room'),
(292,'said'),
(292,'see:'),
(292,'that'),
(292,'theres'),
(292,'to'),
(292,'turned'),
(292,'up'),
(292,'who'),
(292,'would'),
(292,'you'),
(293,'218'),
(293,'and'),
(293,'at'),
(293,'but'),
(293,'by'),
(293,'cards'),
(293,'deal'),
(293,'frightened'),
(293,'get'),
(293,'girl'),
(293,'good'),
(293,'ignorant'),
(293,'is'),
(293,'it'),
(293,'know.'),
(293,'little'),
(293,'matters'),
(293,'mean'),
(293,'nothing'),
(293,'of'),
(293,'or'),
(293,'pack'),
(293,'same'),
(293,'say--thats'),
(293,'serpent'),
(293,'thats'),
(293,'the'),
(293,'thing'),
(293,'this.'),
(293,'time.'),
(293,'what'),
(293,'youre'),
(294,'202'),
(294,'again.'),
(294,'alice'),
(294,'all'),
(294,'almost'),
(294,'and'),
(294,'at'),
(294,'began'),
(294,'by'),
(294,'dont'),
(294,'ear'),
(294,'fairly'),
(294,'furious'),
(294,'grunt'),
(294,'in'),
(294,'its'),
(294,'left'),
(294,'not'),
(294,'off'),
(294,'on'),
(294,'ought'),
(294,'out'),
(294,'passion'),
(294,'right'),
(294,'said'),
(294,'sneezing'),
(294,'thats'),
(294,'there'),
(294,'this'),
(294,'time.'),
(294,'to'),
(294,'went'),
(295,'203'),
(295,'accounts'),
(295,'ah'),
(295,'be'),
(295,'but'),
(295,'chain'),
(295,'daisy-chain'),
(295,'dont'),
(295,'five'),
(295,'for'),
(295,'in'),
(295,'it'),
(295,'learn'),
(295,'like'),
(295,'making'),
(295,'music.'),
(295,'of'),
(295,'pleased'),
(295,'pleasure'),
(295,'pray'),
(295,'said'),
(295,'say'),
(295,'soothing.'),
(295,'that'),
(295,'the'),
(295,'tone.'),
(295,'trouble'),
(295,'whether'),
(295,'would'),
(295,'yourself'),
(296,'204'),
(296,'against'),
(296,'alice.'),
(296,'and.'),
(296,'as'),
(296,'authority'),
(296,'be'),
(296,'could'),
(296,'door'),
(296,'down'),
(296,'elbow'),
(296,'ever'),
(296,'hear'),
(296,'herself'),
(296,'it'),
(296,'lying'),
(296,'of'),
(296,'one'),
(296,'over'),
(296,'person'),
(296,'said'),
(296,'say'),
(296,'she'),
(296,'spoke.'),
(296,'stand'),
(296,'the'),
(296,'to'),
(296,'up'),
(296,'well'),
(296,'wet'),
(296,'will'),
(296,'with'),
(297,'205'),
(297,'all'),
(297,'aloud'),
(297,'and'),
(297,'asked'),
(297,'both'),
(297,'creatures'),
(297,'existence'),
(297,'faces'),
(297,'for'),
(297,'had'),
(297,'he'),
(297,'hid'),
(297,'his'),
(297,'how'),
(297,'in'),
(297,'it'),
(297,'large'),
(297,'moment'),
(297,'now'),
(297,'places--all'),
(297,'proper'),
(297,'rabbit'),
(297,'repeated'),
(297,'she'),
(297,'still'),
(297,'their'),
(297,'turn'),
(297,'was'),
(297,'white'),
(297,'with.'),
(298,'219'),
(298,'a.'),
(298,'alice'),
(298,'all'),
(298,'and'),
(298,'as'),
(298,'at'),
(298,'capital'),
(298,'comfortable'),
(298,'conversations'),
(298,'did'),
(298,'exactly'),
(298,'for'),
(298,'had'),
(298,'herself.'),
(298,'if'),
(298,'in'),
(298,'is'),
(298,'it'),
(298,'latitude'),
(298,'not'),
(298,'of'),
(298,'or'),
(298,'paris'),
(298,'pictures'),
(298,'queen'),
(298,'said'),
(298,'same'),
(298,'sat'),
(298,'she'),
(298,'the'),
(298,'tone'),
(298,'was'),
(298,'what'),
(299,'206'),
(299,'against'),
(299,'alice.'),
(299,'and.'),
(299,'as'),
(299,'authority'),
(299,'be'),
(299,'could'),
(299,'door'),
(299,'down'),
(299,'elbow'),
(299,'ever'),
(299,'hear'),
(299,'herself'),
(299,'it'),
(299,'lying'),
(299,'of'),
(299,'one'),
(299,'over'),
(299,'person'),
(299,'said'),
(299,'say'),
(299,'she'),
(299,'spoke.'),
(299,'stand'),
(299,'the'),
(299,'to'),
(299,'up'),
(299,'well'),
(299,'wet'),
(299,'will'),
(299,'with'),
(300,'207'),
(300,'accounts'),
(300,'ah'),
(300,'be'),
(300,'but'),
(300,'chain'),
(300,'daisy-chain'),
(300,'dont'),
(300,'five'),
(300,'for'),
(300,'in'),
(300,'it'),
(300,'learn'),
(300,'like'),
(300,'making'),
(300,'music.'),
(300,'of'),
(300,'pleased'),
(300,'pleasure'),
(300,'pray'),
(300,'said'),
(300,'say'),
(300,'soothing.'),
(300,'that'),
(300,'the'),
(300,'tone.'),
(300,'trouble'),
(300,'whether'),
(300,'would'),
(300,'yourself'),
(301,'220'),
(301,'and'),
(301,'dont'),
(301,'duchess'),
(301,'eaglet.'),
(301,'english'),
(301,'enough'),
(301,'got'),
(301,'happen'),
(301,'herself'),
(301,'how'),
(301,'interesting'),
(301,'is'),
(301,'it.'),
(301,'know'),
(301,'lips.'),
(301,'manage'),
(301,'means'),
(301,'no'),
(301,'said'),
(301,'she'),
(301,'something'),
(301,'sure'),
(301,'the'),
(301,'took'),
(301,'up'),
(301,'well'),
(301,'what'),
(301,'when'),
(301,'would'),
(302,'208'),
(302,'alice'),
(302,'all'),
(302,'and'),
(302,'been'),
(302,'bleeds'),
(302,'court'),
(302,'doing'),
(302,'hare'),
(302,'have'),
(302,'here'),
(302,'it'),
(302,'knife'),
(302,'looked'),
(302,'majesty'),
(302,'march'),
(302,'may'),
(302,'on'),
(302,'please'),
(302,'round'),
(302,'said'),
(302,'she.'),
(302,'still'),
(302,'the'),
(302,'to'),
(302,'usually'),
(302,'was'),
(302,'went'),
(302,'what'),
(302,'with'),
(302,'your'),
(303,'209'),
(303,'all'),
(303,'be.'),
(303,'dry'),
(303,'duchess.'),
(303,'enough'),
(303,'for'),
(303,'from'),
(303,'grow'),
(303,'him'),
(303,'i'),
(303,'let'),
(303,'make'),
(303,'me'),
(303,'nowhere'),
(303,'one'),
(303,'returned'),
(303,'same'),
(303,'shorter.'),
(303,'side'),
(303,'solemn'),
(303,'they'),
(303,'think:'),
(303,'though'),
(303,'tone'),
(303,'was'),
(303,'were'),
(303,'will'),
(303,'you'),
(304,'210'),
(304,'air.'),
(304,'alice'),
(304,'but'),
(304,'cats'),
(304,'cut'),
(304,'deeply'),
(304,'duchess'),
(304,'even'),
(304,'finger'),
(304,'got'),
(304,'if'),
(304,'in'),
(304,'ive'),
(304,'knave'),
(304,'like'),
(304,'minute'),
(304,'nurse'),
(304,'of.'),
(304,'passionate'),
(304,'replied'),
(304,'shrill'),
(304,'table'),
(304,'the'),
(304,'to'),
(304,'very'),
(304,'voice.'),
(304,'with'),
(304,'would'),
(304,'your'),
(305,'211'),
(305,'against'),
(305,'alice.'),
(305,'and.'),
(305,'as'),
(305,'authority'),
(305,'be'),
(305,'could'),
(305,'door'),
(305,'down'),
(305,'elbow'),
(305,'ever'),
(305,'hear'),
(305,'herself'),
(305,'it'),
(305,'lying'),
(305,'of'),
(305,'one'),
(305,'over'),
(305,'person'),
(305,'said'),
(305,'say'),
(305,'she'),
(305,'spoke.'),
(305,'stand'),
(305,'the'),
(305,'to'),
(305,'up'),
(305,'well'),
(305,'wet'),
(305,'will'),
(305,'with'),
(306,'212'),
(306,'accounts'),
(306,'ah'),
(306,'be'),
(306,'but'),
(306,'chain'),
(306,'daisy-chain'),
(306,'dont'),
(306,'five'),
(306,'for'),
(306,'in'),
(306,'it'),
(306,'learn'),
(306,'like'),
(306,'making'),
(306,'music.'),
(306,'of'),
(306,'pleased'),
(306,'pleasure'),
(306,'pray'),
(306,'said'),
(306,'say'),
(306,'soothing.'),
(306,'that'),
(306,'the'),
(306,'tone.'),
(306,'trouble'),
(306,'whether'),
(306,'would'),
(306,'yourself'),
(307,'221'),
(307,'about'),
(307,'alice'),
(307,'an'),
(307,'best'),
(307,'better'),
(307,'bill'),
(307,'but'),
(307,'deal'),
(307,'excellent'),
(307,'far'),
(307,'hardly'),
(307,'im'),
(307,'it'),
(307,'know--no'),
(307,'manage'),
(307,'more'),
(307,'must'),
(307,'myself'),
(307,'now--but'),
(307,'off'),
(307,'plan.'),
(307,'rabbit'),
(307,'sounded'),
(307,'thank'),
(307,'the'),
(307,'thought'),
(307,'too'),
(307,'trouble'),
(307,'was'),
(307,'well'),
(307,'white'),
(307,'ye'),
(307,'you:'),
(308,'213'),
(308,'air:'),
(308,'are'),
(308,'cattle'),
(308,'cried'),
(308,'dinah'),
(308,'earnestly'),
(308,'first.'),
(308,'guests'),
(308,'had'),
(308,'her'),
(308,'his'),
(308,'in.'),
(308,'it'),
(308,'me'),
(308,'now'),
(308,'of'),
(308,'other'),
(308,'out'),
(308,'puzzled'),
(308,'rabbit'),
(308,'said'),
(308,'silence'),
(308,'taken'),
(308,'tell'),
(308,'the'),
(308,'very'),
(308,'watch'),
(308,'what'),
(308,'white'),
(308,'who'),
(308,'why'),
(308,'you'),
(309,'214'),
(309,'alice'),
(309,'and'),
(309,'as'),
(309,'certain.'),
(309,'could'),
(309,'curtsey'),
(309,'dormouse'),
(309,'dropped'),
(309,'felt'),
(309,'first'),
(309,'gloves'),
(309,'if'),
(309,'ill.'),
(309,'it'),
(309,'kid'),
(309,'please'),
(309,'rabbit'),
(309,'said'),
(309,'she'),
(309,'sir--'),
(309,'started'),
(309,'the'),
(309,'to'),
(309,'tried'),
(309,'verse'),
(309,'very'),
(309,'violently'),
(309,'was'),
(309,'white'),
(309,'you'),
(310,'215'),
(310,'all'),
(310,'and'),
(310,'at'),
(310,'cleared'),
(310,'couples:'),
(310,'hand'),
(310,'her'),
(310,'in'),
(310,'last'),
(310,'lying'),
(310,'mock'),
(310,'on'),
(310,'out'),
(310,'rabbits'),
(310,'round'),
(310,'salmon'),
(310,'seals'),
(310,'she'),
(310,'so'),
(310,'spread'),
(310,'the.'),
(310,'then'),
(310,'they'),
(310,'till'),
(310,'turtle.'),
(310,'turtles'),
(310,'voice'),
(310,'were'),
(310,'when'),
(310,'while'),
(310,'youve'),
(311,'222'),
(311,'along'),
(311,'and'),
(311,'cakes'),
(311,'came'),
(311,'court'),
(311,'got'),
(311,'had'),
(311,'he'),
(311,'in'),
(311,'ive'),
(311,'latitude'),
(311,'left'),
(311,'longitude'),
(311,'minute'),
(311,'never'),
(311,'no'),
(311,'off'),
(311,'or'),
(311,'other:'),
(311,'quarrelling'),
(311,'queen'),
(311,'rabbit'),
(311,'the'),
(311,'think.'),
(311,'to'),
(311,'trotting'),
(311,'two'),
(311,'voice'),
(311,'was'),
(311,'white'),
(311,'with'),
(312,'216'),
(312,'a'),
(312,'can'),
(312,'dormouse.'),
(312,'extremely'),
(312,'eyes'),
(312,'feeling'),
(312,'for'),
(312,'fourteenth'),
(312,'getting'),
(312,'his'),
(312,'hot'),
(312,'its'),
(312,'little'),
(312,'march'),
(312,'minute'),
(312,'nose.'),
(312,'of'),
(312,'opened'),
(312,'or'),
(312,'remember'),
(312,'slowly'),
(312,'small'),
(312,'tea'),
(312,'that'),
(312,'the'),
(312,'think'),
(312,'to'),
(312,'two'),
(312,'upon'),
(312,'very.'),
(312,'were'),
(313,'217'),
(313,'again.'),
(313,'alice'),
(313,'all'),
(313,'almost'),
(313,'and'),
(313,'at'),
(313,'began'),
(313,'by'),
(313,'dont'),
(313,'ear'),
(313,'fairly'),
(313,'furious'),
(313,'grunt'),
(313,'in'),
(313,'its'),
(313,'left'),
(313,'not'),
(313,'off'),
(313,'on'),
(313,'ought'),
(313,'out'),
(313,'passion'),
(313,'right'),
(313,'said'),
(313,'sneezing'),
(313,'thats'),
(313,'there'),
(313,'this'),
(313,'time.'),
(313,'to'),
(313,'went'),
(314,'--and'),
(314,'218'),
(314,'and'),
(314,'at'),
(314,'contemptuously.'),
(314,'dare'),
(314,'even'),
(314,'every'),
(314,'head'),
(314,'himself'),
(314,'his'),
(314,'it'),
(314,'just'),
(314,'looking'),
(314,'never'),
(314,'now'),
(314,'on.'),
(314,'put'),
(314,'raised'),
(314,'say'),
(314,'shaking'),
(314,'she'),
(314,'shoes'),
(314,'spoke'),
(314,'take'),
(314,'then'),
(314,'time.'),
(314,'tiptoe'),
(314,'to'),
(314,'uneasily'),
(314,'upon'),
(314,'was'),
(314,'you'),
(315,'219'),
(315,'all'),
(315,'and'),
(315,'at'),
(315,'cleared'),
(315,'couples:'),
(315,'hand'),
(315,'her'),
(315,'in'),
(315,'last'),
(315,'lying'),
(315,'mock'),
(315,'on'),
(315,'out'),
(315,'rabbits'),
(315,'round'),
(315,'salmon'),
(315,'seals'),
(315,'she'),
(315,'so'),
(315,'spread'),
(315,'the.'),
(315,'then'),
(315,'they'),
(315,'till'),
(315,'turtle.'),
(315,'turtles'),
(315,'voice'),
(315,'were'),
(315,'when'),
(315,'while'),
(315,'youve'),
(316,'223'),
(316,'after'),
(316,'alice'),
(316,'and'),
(316,'belt'),
(316,'blown'),
(316,'candle'),
(316,'dozing'),
(316,'ending'),
(316,'for'),
(316,'friends'),
(316,'his'),
(316,'is'),
(316,'latitude'),
(316,'little'),
(316,'marched'),
(316,'meal'),
(316,'never-ending'),
(316,'off'),
(316,'or'),
(316,'out'),
(316,'quietly'),
(316,'shared'),
(316,'she'),
(316,'their'),
(316,'then'),
(316,'thought'),
(316,'to.'),
(316,'trims'),
(316,'was'),
(316,'words'),
(317,'220'),
(317,'alice'),
(317,'at'),
(317,'behind'),
(317,'close'),
(317,'could'),
(317,'day.'),
(317,'down'),
(317,'gone'),
(317,'guilt'),
(317,'had'),
(317,'her'),
(317,'his'),
(317,'how'),
(317,'it'),
(317,'looked'),
(317,'mock'),
(317,'out'),
(317,'persisted.'),
(317,'poor.'),
(317,'proves'),
(317,'said'),
(317,'she'),
(317,'side.'),
(317,'that'),
(317,'them'),
(317,'through'),
(317,'trying'),
(317,'turn'),
(317,'turtle'),
(317,'was'),
(317,'when'),
(317,'with'),
(318,'221'),
(318,'all'),
(318,'be.'),
(318,'dry'),
(318,'duchess.'),
(318,'enough'),
(318,'for'),
(318,'from'),
(318,'grow'),
(318,'him'),
(318,'i'),
(318,'let'),
(318,'make'),
(318,'me'),
(318,'nowhere'),
(318,'one'),
(318,'returned'),
(318,'same'),
(318,'shorter.'),
(318,'side'),
(318,'solemn'),
(318,'they'),
(318,'think:'),
(318,'though'),
(318,'tone'),
(318,'was'),
(318,'were'),
(318,'will'),
(318,'you'),
(319,'222'),
(319,'against'),
(319,'alice.'),
(319,'and.'),
(319,'as'),
(319,'authority'),
(319,'be'),
(319,'could'),
(319,'door'),
(319,'down'),
(319,'elbow'),
(319,'ever'),
(319,'hear'),
(319,'herself'),
(319,'it'),
(319,'lying'),
(319,'of'),
(319,'one'),
(319,'over'),
(319,'person'),
(319,'said'),
(319,'say'),
(319,'she'),
(319,'spoke.'),
(319,'stand'),
(319,'the'),
(319,'to'),
(319,'up'),
(319,'well'),
(319,'wet'),
(319,'will'),
(319,'with'),
(320,'224'),
(320,'a.'),
(320,'alice'),
(320,'appeared'),
(320,'before'),
(320,'cries'),
(320,'door.'),
(320,'expected:'),
(320,'found'),
(320,'garden'),
(320,'had'),
(320,'have'),
(320,'heard'),
(320,'house'),
(320,'how'),
(320,'it'),
(320,'large'),
(320,'no'),
(320,'oh'),
(320,'poor'),
(320,'queens'),
(320,'quite'),
(320,'rabbit'),
(320,'she'),
(320,'shrill'),
(320,'so'),
(320,'that'),
(320,'them'),
(320,'to'),
(320,'was'),
(320,'white'),
(320,'wish'),
(320,'would'),
(320,'you'),
(321,'223'),
(321,'accounts'),
(321,'ah'),
(321,'be'),
(321,'but'),
(321,'chain'),
(321,'daisy-chain'),
(321,'dont'),
(321,'five'),
(321,'for'),
(321,'in'),
(321,'it'),
(321,'learn'),
(321,'like'),
(321,'making'),
(321,'music.'),
(321,'of'),
(321,'pleased'),
(321,'pleasure'),
(321,'pray'),
(321,'said'),
(321,'say'),
(321,'soothing.'),
(321,'that'),
(321,'the'),
(321,'tone.'),
(321,'trouble'),
(321,'whether'),
(321,'would'),
(321,'yourself'),
(322,'224'),
(322,'all'),
(322,'be.'),
(322,'dry'),
(322,'duchess.'),
(322,'enough'),
(322,'for'),
(322,'from'),
(322,'grow'),
(322,'him'),
(322,'i'),
(322,'let'),
(322,'make'),
(322,'me'),
(322,'nowhere'),
(322,'one'),
(322,'returned'),
(322,'same'),
(322,'shorter.'),
(322,'side'),
(322,'solemn'),
(322,'they'),
(322,'think:'),
(322,'though'),
(322,'tone'),
(322,'was'),
(322,'were'),
(322,'will'),
(322,'you'),
(323,'225'),
(323,'all'),
(323,'aloud'),
(323,'and'),
(323,'asked'),
(323,'both'),
(323,'creatures'),
(323,'existence'),
(323,'faces'),
(323,'for'),
(323,'had'),
(323,'he'),
(323,'hid'),
(323,'his'),
(323,'how'),
(323,'in'),
(323,'it'),
(323,'large'),
(323,'moment'),
(323,'now'),
(323,'places--all'),
(323,'proper'),
(323,'rabbit'),
(323,'repeated'),
(323,'she'),
(323,'still'),
(323,'their'),
(323,'turn'),
(323,'was'),
(323,'white'),
(323,'with.'),
(324,'226'),
(324,'alice'),
(324,'and'),
(324,'as'),
(324,'certain.'),
(324,'could'),
(324,'curtsey'),
(324,'dormouse'),
(324,'dropped'),
(324,'felt'),
(324,'first'),
(324,'gloves'),
(324,'if'),
(324,'ill.'),
(324,'it'),
(324,'kid'),
(324,'please'),
(324,'rabbit'),
(324,'said'),
(324,'she'),
(324,'sir--'),
(324,'started'),
(324,'the'),
(324,'to'),
(324,'tried'),
(324,'verse'),
(324,'very'),
(324,'violently'),
(324,'was'),
(324,'white'),
(324,'you'),
(325,'225'),
(325,'and'),
(325,'asked.'),
(325,'be'),
(325,'carried'),
(325,'didnt'),
(325,'duchess'),
(325,'everybody'),
(325,'if'),
(325,'im'),
(325,'itself'),
(325,'matter'),
(325,'minded.'),
(325,'much'),
(325,'not'),
(325,'occasionally'),
(325,'off.'),
(325,'oh'),
(325,'particular'),
(325,'prevent'),
(325,'she'),
(325,'sneezed'),
(325,'the'),
(325,'took'),
(325,'undoing'),
(325,'want'),
(325,'way'),
(325,'which'),
(326,'227'),
(326,'alice'),
(326,'and'),
(326,'as'),
(326,'certain.'),
(326,'could'),
(326,'curtsey'),
(326,'dormouse'),
(326,'dropped'),
(326,'felt'),
(326,'first'),
(326,'gloves'),
(326,'if'),
(326,'ill.'),
(326,'it'),
(326,'kid'),
(326,'please'),
(326,'rabbit'),
(326,'said'),
(326,'she'),
(326,'sir--'),
(326,'started'),
(326,'the'),
(326,'to'),
(326,'tried'),
(326,'verse'),
(326,'very'),
(326,'violently'),
(326,'was'),
(326,'white'),
(326,'you'),
(327,'228'),
(327,'all'),
(327,'aloud'),
(327,'and'),
(327,'asked'),
(327,'both'),
(327,'creatures'),
(327,'existence'),
(327,'faces'),
(327,'for'),
(327,'had'),
(327,'he'),
(327,'hid'),
(327,'his'),
(327,'how'),
(327,'in'),
(327,'it'),
(327,'large'),
(327,'moment'),
(327,'now'),
(327,'places--all'),
(327,'proper'),
(327,'rabbit'),
(327,'repeated'),
(327,'she'),
(327,'still'),
(327,'their'),
(327,'turn'),
(327,'was'),
(327,'white'),
(327,'with.'),
(328,'229'),
(328,'against'),
(328,'alice.'),
(328,'and.'),
(328,'as'),
(328,'authority'),
(328,'be'),
(328,'could'),
(328,'door'),
(328,'down'),
(328,'elbow'),
(328,'ever'),
(328,'hear'),
(328,'herself'),
(328,'it'),
(328,'lying'),
(328,'of'),
(328,'one'),
(328,'over'),
(328,'person'),
(328,'said'),
(328,'say'),
(328,'she'),
(328,'spoke.'),
(328,'stand'),
(328,'the'),
(328,'to'),
(328,'up'),
(328,'well'),
(328,'wet'),
(328,'will'),
(328,'with'),
(329,'226'),
(329,'a.'),
(329,'alice'),
(329,'all'),
(329,'and'),
(329,'as'),
(329,'at'),
(329,'capital'),
(329,'comfortable'),
(329,'conversations'),
(329,'did'),
(329,'exactly'),
(329,'for'),
(329,'had'),
(329,'herself.'),
(329,'if'),
(329,'in'),
(329,'is'),
(329,'it'),
(329,'latitude'),
(329,'not'),
(329,'of'),
(329,'or'),
(329,'paris'),
(329,'pictures'),
(329,'queen'),
(329,'said'),
(329,'same'),
(329,'sat'),
(329,'she'),
(329,'the'),
(329,'tone'),
(329,'was'),
(329,'what'),
(330,'230'),
(330,'against'),
(330,'alice.'),
(330,'and.'),
(330,'as'),
(330,'authority'),
(330,'be'),
(330,'could'),
(330,'door'),
(330,'down'),
(330,'elbow'),
(330,'ever'),
(330,'hear'),
(330,'herself'),
(330,'it'),
(330,'lying'),
(330,'of'),
(330,'one'),
(330,'over'),
(330,'person'),
(330,'said'),
(330,'say'),
(330,'she'),
(330,'spoke.'),
(330,'stand'),
(330,'the'),
(330,'to'),
(330,'up'),
(330,'well'),
(330,'wet'),
(330,'will'),
(330,'with'),
(331,'231'),
(331,'again'),
(331,'and'),
(331,'be.'),
(331,'chain'),
(331,'daisy-chain'),
(331,'feel'),
(331,'felt'),
(331,'fetch'),
(331,'involved'),
(331,'making'),
(331,'me'),
(331,'moment'),
(331,'no'),
(331,'of'),
(331,'pair'),
(331,'pleasure'),
(331,'room'),
(331,'she'),
(331,'sleepy'),
(331,'stop'),
(331,'stupid'),
(331,'sure'),
(331,'the'),
(331,'this'),
(331,'very'),
(331,'way'),
(331,'whether'),
(331,'wonder'),
(331,'would'),
(332,'232'),
(332,'all'),
(332,'aloud'),
(332,'and'),
(332,'asked'),
(332,'both'),
(332,'creatures'),
(332,'existence'),
(332,'faces'),
(332,'for'),
(332,'had'),
(332,'he'),
(332,'hid'),
(332,'his'),
(332,'how'),
(332,'in'),
(332,'it'),
(332,'large'),
(332,'moment'),
(332,'now'),
(332,'places--all'),
(332,'proper'),
(332,'rabbit'),
(332,'repeated'),
(332,'she'),
(332,'still'),
(332,'their'),
(332,'turn'),
(332,'was'),
(332,'white'),
(332,'with.'),
(333,'227'),
(333,'alice'),
(333,'and'),
(333,'attending'),
(333,'began'),
(333,'bit.'),
(333,'didnt'),
(333,'each'),
(333,'eyes'),
(333,'hare'),
(333,'her.'),
(333,'i'),
(333,'march'),
(333,'mock'),
(333,'mouths'),
(333,'much'),
(333,'of'),
(333,'one'),
(333,'opened'),
(333,'other'),
(333,'out'),
(333,'said--'),
(333,'side'),
(333,'so'),
(333,'their'),
(333,'to'),
(333,'turtle'),
(333,'very'),
(333,'went'),
(333,'without'),
(334,'233'),
(334,'alice'),
(334,'and'),
(334,'as'),
(334,'certain.'),
(334,'could'),
(334,'curtsey'),
(334,'dormouse'),
(334,'dropped'),
(334,'felt'),
(334,'first'),
(334,'gloves'),
(334,'if'),
(334,'ill.'),
(334,'it'),
(334,'kid'),
(334,'please'),
(334,'rabbit'),
(334,'said'),
(334,'she'),
(334,'sir--'),
(334,'started'),
(334,'the'),
(334,'to'),
(334,'tried'),
(334,'verse'),
(334,'very'),
(334,'violently'),
(334,'was'),
(334,'white'),
(334,'you'),
(335,'234'),
(335,'again'),
(335,'agree'),
(335,'alice'),
(335,'and'),
(335,'be'),
(335,'but'),
(335,'certainly'),
(335,'dormouse'),
(335,'everything'),
(335,'felt'),
(335,'grand'),
(335,'grow'),
(335,'large'),
(335,'let'),
(335,'me'),
(335,'no'),
(335,'one'),
(335,'out.'),
(335,'ready'),
(335,'room'),
(335,'said'),
(335,'see:'),
(335,'that'),
(335,'theres'),
(335,'to'),
(335,'turned'),
(335,'up'),
(335,'who'),
(335,'would'),
(335,'you'),
(336,'235'),
(336,'again'),
(336,'agree'),
(336,'alice'),
(336,'and'),
(336,'be'),
(336,'but'),
(336,'certainly'),
(336,'dormouse'),
(336,'everything'),
(336,'felt'),
(336,'grand'),
(336,'grow'),
(336,'large'),
(336,'let'),
(336,'me'),
(336,'no'),
(336,'one'),
(336,'out.'),
(336,'ready'),
(336,'room'),
(336,'said'),
(336,'see:'),
(336,'that'),
(336,'theres'),
(336,'to'),
(336,'turned'),
(336,'up'),
(336,'who'),
(336,'would'),
(336,'you'),
(337,'236'),
(337,'alice'),
(337,'all'),
(337,'and'),
(337,'been'),
(337,'bleeds'),
(337,'court'),
(337,'doing'),
(337,'hare'),
(337,'have'),
(337,'here'),
(337,'it'),
(337,'knife'),
(337,'looked'),
(337,'majesty'),
(337,'march'),
(337,'may'),
(337,'on'),
(337,'please'),
(337,'round'),
(337,'said'),
(337,'she.'),
(337,'still'),
(337,'the'),
(337,'to'),
(337,'usually'),
(337,'was'),
(337,'went'),
(337,'what'),
(337,'with'),
(337,'your'),
(338,'1'),
(338,'administrator'),
(338,'ashlee'),
(338,'beier'),
(338,'broderick'),
(338,'com'),
(338,'discuss'),
(338,'emacejkovic@heathcote.com'),
(338,'for'),
(338,'hauck'),
(338,'heathcote'),
(338,'mr.'),
(338,'next'),
(338,'release'),
(338,'roadmap'),
(338,'system'),
(339,'237'),
(339,'alice'),
(339,'all'),
(339,'and'),
(339,'been'),
(339,'bleeds'),
(339,'court'),
(339,'doing'),
(339,'hare'),
(339,'have'),
(339,'here'),
(339,'it'),
(339,'knife'),
(339,'looked'),
(339,'majesty'),
(339,'march'),
(339,'may'),
(339,'on'),
(339,'please'),
(339,'round'),
(339,'said'),
(339,'she.'),
(339,'still'),
(339,'the'),
(339,'to'),
(339,'usually'),
(339,'was'),
(339,'went'),
(339,'what'),
(339,'with'),
(339,'your'),
(340,'238'),
(340,'air:'),
(340,'are'),
(340,'cattle'),
(340,'cried'),
(340,'dinah'),
(340,'earnestly'),
(340,'first.'),
(340,'guests'),
(340,'had'),
(340,'her'),
(340,'his'),
(340,'in.'),
(340,'it'),
(340,'me'),
(340,'now'),
(340,'of'),
(340,'other'),
(340,'out'),
(340,'puzzled'),
(340,'rabbit'),
(340,'said'),
(340,'silence'),
(340,'taken'),
(340,'tell'),
(340,'the'),
(340,'very'),
(340,'watch'),
(340,'what'),
(340,'white'),
(340,'who'),
(340,'why'),
(340,'you'),
(341,'239'),
(341,'a'),
(341,'can'),
(341,'dormouse.'),
(341,'extremely'),
(341,'eyes'),
(341,'feeling'),
(341,'for'),
(341,'fourteenth'),
(341,'getting'),
(341,'his'),
(341,'hot'),
(341,'its'),
(341,'little'),
(341,'march'),
(341,'minute'),
(341,'nose.'),
(341,'of'),
(341,'opened'),
(341,'or'),
(341,'remember'),
(341,'slowly'),
(341,'small'),
(341,'tea'),
(341,'that'),
(341,'the'),
(341,'think'),
(341,'to'),
(341,'two'),
(341,'upon'),
(341,'very.'),
(341,'were'),
(342,'240'),
(342,'again.'),
(342,'alice'),
(342,'all'),
(342,'almost'),
(342,'and'),
(342,'at'),
(342,'began'),
(342,'by'),
(342,'dont'),
(342,'ear'),
(342,'fairly'),
(342,'furious'),
(342,'grunt'),
(342,'in'),
(342,'its'),
(342,'left'),
(342,'not'),
(342,'off'),
(342,'on'),
(342,'ought'),
(342,'out'),
(342,'passion'),
(342,'right'),
(342,'said'),
(342,'sneezing'),
(342,'thats'),
(342,'there'),
(342,'this'),
(342,'time.'),
(342,'to'),
(342,'went'),
(343,'241'),
(343,'alice'),
(343,'and'),
(343,'as'),
(343,'certain.'),
(343,'could'),
(343,'curtsey'),
(343,'dormouse'),
(343,'dropped'),
(343,'felt'),
(343,'first'),
(343,'gloves'),
(343,'if'),
(343,'ill.'),
(343,'it'),
(343,'kid'),
(343,'please'),
(343,'rabbit'),
(343,'said'),
(343,'she'),
(343,'sir--'),
(343,'started'),
(343,'the'),
(343,'to'),
(343,'tried'),
(343,'verse'),
(343,'very'),
(343,'violently'),
(343,'was'),
(343,'white'),
(343,'you'),
(344,'2'),
(344,'administrator'),
(344,'camron'),
(344,'design'),
(344,'discuss'),
(344,'heller'),
(344,'jedidiah'),
(344,'john'),
(344,'kiehn'),
(344,'lavada77@kiehn.org'),
(344,'mr.'),
(344,'org'),
(344,'sr.'),
(344,'system'),
(344,'tromp'),
(344,'with'),
(345,'242'),
(345,'against'),
(345,'alice.'),
(345,'and.'),
(345,'as'),
(345,'authority'),
(345,'be'),
(345,'could'),
(345,'door'),
(345,'down'),
(345,'elbow'),
(345,'ever'),
(345,'hear'),
(345,'herself'),
(345,'it'),
(345,'lying'),
(345,'of'),
(345,'one'),
(345,'over'),
(345,'person'),
(345,'said'),
(345,'say'),
(345,'she'),
(345,'spoke.'),
(345,'stand'),
(345,'the'),
(345,'to'),
(345,'up'),
(345,'well'),
(345,'wet'),
(345,'will'),
(345,'with'),
(346,'3'),
(346,'administrator'),
(346,'broderick'),
(346,'com'),
(346,'demo@group-office.com'),
(346,'designs'),
(346,'for'),
(346,'graphical'),
(346,'group-office'),
(346,'hauck'),
(346,'howe'),
(346,'mr.'),
(346,'office'),
(346,'review'),
(346,'system'),
(346,'tony'),
(346,'website'),
(347,'243'),
(347,'again'),
(347,'agree'),
(347,'alice'),
(347,'and'),
(347,'be'),
(347,'but'),
(347,'certainly'),
(347,'dormouse'),
(347,'everything'),
(347,'felt'),
(347,'grand'),
(347,'grow'),
(347,'large'),
(347,'let'),
(347,'me'),
(347,'no'),
(347,'one'),
(347,'out.'),
(347,'ready'),
(347,'room'),
(347,'said'),
(347,'see:'),
(347,'that'),
(347,'theres'),
(347,'to'),
(347,'turned'),
(347,'up'),
(347,'who'),
(347,'would'),
(347,'you'),
(348,'4'),
(348,'administrator'),
(348,'burdette'),
(348,'com'),
(348,'dickinson.newell@rau.com'),
(348,'id'),
(348,'implement'),
(348,'johnny'),
(348,'kirlin'),
(348,'newell'),
(348,'open'),
(348,'prof.'),
(348,'rau'),
(348,'stamm'),
(348,'system'),
(349,'244'),
(349,'a'),
(349,'can'),
(349,'dormouse.'),
(349,'extremely'),
(349,'eyes'),
(349,'feeling'),
(349,'for'),
(349,'fourteenth'),
(349,'getting'),
(349,'his'),
(349,'hot'),
(349,'its'),
(349,'little'),
(349,'march'),
(349,'minute'),
(349,'nose.'),
(349,'of'),
(349,'opened'),
(349,'or'),
(349,'remember'),
(349,'slowly'),
(349,'small'),
(349,'tea'),
(349,'that'),
(349,'the'),
(349,'think'),
(349,'to'),
(349,'two'),
(349,'upon'),
(349,'very.'),
(349,'were'),
(350,'5'),
(350,'admin@intermesh.localhost'),
(350,'administrator'),
(350,'create'),
(350,'design'),
(350,'functional'),
(350,'intermesh'),
(350,'localhost'),
(350,'mr.'),
(350,'shayne'),
(350,'system'),
(350,'zemlak'),
(351,'245'),
(351,'alice'),
(351,'all'),
(351,'and'),
(351,'been'),
(351,'bleeds'),
(351,'court'),
(351,'doing'),
(351,'hare'),
(351,'have'),
(351,'here'),
(351,'it'),
(351,'knife'),
(351,'looked'),
(351,'majesty'),
(351,'march'),
(351,'may'),
(351,'on'),
(351,'please'),
(351,'round'),
(351,'said'),
(351,'she.'),
(351,'still'),
(351,'the'),
(351,'to'),
(351,'usually'),
(351,'was'),
(351,'went'),
(351,'what'),
(351,'with'),
(351,'your'),
(352,'246'),
(352,'accounts'),
(352,'ah'),
(352,'be'),
(352,'but'),
(352,'chain'),
(352,'daisy-chain'),
(352,'dont'),
(352,'five'),
(352,'for'),
(352,'in'),
(352,'it'),
(352,'learn'),
(352,'like'),
(352,'making'),
(352,'music.'),
(352,'of'),
(352,'pleased'),
(352,'pleasure'),
(352,'pray'),
(352,'said'),
(352,'say'),
(352,'soothing.'),
(352,'that'),
(352,'the'),
(352,'tone.'),
(352,'trouble'),
(352,'whether'),
(352,'would'),
(352,'yourself'),
(353,'247'),
(353,'all'),
(353,'aloud'),
(353,'and'),
(353,'asked'),
(353,'both'),
(353,'creatures'),
(353,'existence'),
(353,'faces'),
(353,'for'),
(353,'had'),
(353,'he'),
(353,'hid'),
(353,'his'),
(353,'how'),
(353,'in'),
(353,'it'),
(353,'large'),
(353,'moment'),
(353,'now'),
(353,'places--all'),
(353,'proper'),
(353,'rabbit'),
(353,'repeated'),
(353,'she'),
(353,'still'),
(353,'their'),
(353,'turn'),
(353,'was'),
(353,'white'),
(353,'with.'),
(354,'6'),
(354,'broderick'),
(354,'create'),
(354,'design'),
(354,'functional'),
(354,'hauck'),
(354,'jedidiah'),
(354,'kiehn'),
(354,'lavada77@kiehn.org'),
(354,'mr.'),
(354,'org'),
(354,'shayne'),
(354,'tromp'),
(354,'zemlak'),
(355,'248'),
(355,'alice'),
(355,'all'),
(355,'and'),
(355,'been'),
(355,'bleeds'),
(355,'court'),
(355,'doing'),
(355,'hare'),
(355,'have'),
(355,'here'),
(355,'it'),
(355,'knife'),
(355,'looked'),
(355,'majesty'),
(355,'march'),
(355,'may'),
(355,'on'),
(355,'please'),
(355,'round'),
(355,'said'),
(355,'she.'),
(355,'still'),
(355,'the'),
(355,'to'),
(355,'usually'),
(355,'was'),
(355,'went'),
(355,'what'),
(355,'with'),
(355,'your'),
(356,'249'),
(356,'alice'),
(356,'at'),
(356,'behind'),
(356,'close'),
(356,'could'),
(356,'day.'),
(356,'down'),
(356,'gone'),
(356,'guilt'),
(356,'had'),
(356,'her'),
(356,'his'),
(356,'how'),
(356,'it'),
(356,'looked'),
(356,'mock'),
(356,'out'),
(356,'persisted.'),
(356,'poor.'),
(356,'proves'),
(356,'said'),
(356,'she'),
(356,'side.'),
(356,'that'),
(356,'them'),
(356,'through'),
(356,'trying'),
(356,'turn'),
(356,'turtle'),
(356,'was'),
(356,'when'),
(356,'with'),
(357,'7'),
(357,'broderick'),
(357,'burdette'),
(357,'com'),
(357,'dickinson.newell@rau.com'),
(357,'for'),
(357,'hauck'),
(357,'jr.'),
(357,'kirlin'),
(357,'mill'),
(357,'mr.'),
(357,'newell'),
(357,'prepare'),
(357,'prof.'),
(357,'project'),
(357,'quote'),
(357,'rau'),
(357,'simone'),
(357,'stamm'),
(357,'wind'),
(358,'250'),
(358,'again.'),
(358,'alice'),
(358,'all'),
(358,'almost'),
(358,'and'),
(358,'at'),
(358,'began'),
(358,'by'),
(358,'dont'),
(358,'ear'),
(358,'fairly'),
(358,'furious'),
(358,'grunt'),
(358,'in'),
(358,'its'),
(358,'left'),
(358,'not'),
(358,'off'),
(358,'on'),
(358,'ought'),
(358,'out'),
(358,'passion'),
(358,'right'),
(358,'said'),
(358,'sneezing'),
(358,'thats'),
(358,'there'),
(358,'this'),
(358,'time.'),
(358,'to'),
(358,'went'),
(359,'251'),
(359,'alice'),
(359,'at'),
(359,'behind'),
(359,'close'),
(359,'could'),
(359,'day.'),
(359,'down'),
(359,'gone'),
(359,'guilt'),
(359,'had'),
(359,'her'),
(359,'his'),
(359,'how'),
(359,'it'),
(359,'looked'),
(359,'mock'),
(359,'out'),
(359,'persisted.'),
(359,'poor.'),
(359,'proves'),
(359,'said'),
(359,'she'),
(359,'side.'),
(359,'that'),
(359,'them'),
(359,'through'),
(359,'trying'),
(359,'turn'),
(359,'turtle'),
(359,'was'),
(359,'when'),
(359,'with'),
(360,'252'),
(360,'ah'),
(360,'alice.'),
(360,'all'),
(360,'am'),
(360,'and'),
(360,'begins'),
(360,'by'),
(360,'concert'),
(360,'course'),
(360,'from'),
(360,'given'),
(360,'great'),
(360,'hand'),
(360,'him'),
(360,'in'),
(360,'of'),
(360,'one'),
(360,'parchment'),
(360,'returned'),
(360,'said'),
(360,'scroll'),
(360,'thats'),
(360,'the.'),
(360,'to'),
(360,'trumpet'),
(360,'twinkling'),
(360,'way'),
(360,'with'),
(360,'world'),
(360,'you'),
(361,'8'),
(361,'broderick'),
(361,'cartwright'),
(361,'com'),
(361,'elizabeth'),
(361,'emmerich'),
(361,'for'),
(361,'hauck'),
(361,'mill'),
(361,'mr.'),
(361,'mrs.'),
(361,'nella.reichel@emmerich.com'),
(361,'prepare'),
(361,'project'),
(361,'quote'),
(361,'reichel'),
(361,'shayne'),
(361,'wind'),
(361,'zemlak'),
(362,'253'),
(362,'again.'),
(362,'alice'),
(362,'all'),
(362,'almost'),
(362,'and'),
(362,'at'),
(362,'began'),
(362,'by'),
(362,'dont'),
(362,'ear'),
(362,'fairly'),
(362,'furious'),
(362,'grunt'),
(362,'in'),
(362,'its'),
(362,'left'),
(362,'not'),
(362,'off'),
(362,'on'),
(362,'ought'),
(362,'out'),
(362,'passion'),
(362,'right'),
(362,'said'),
(362,'sneezing'),
(362,'thats'),
(362,'there'),
(362,'this'),
(362,'time.'),
(362,'to'),
(362,'went'),
(363,'254'),
(363,'all'),
(363,'and'),
(363,'at'),
(363,'cleared'),
(363,'couples:'),
(363,'hand'),
(363,'her'),
(363,'in'),
(363,'last'),
(363,'lying'),
(363,'mock'),
(363,'on'),
(363,'out'),
(363,'rabbits'),
(363,'round'),
(363,'salmon'),
(363,'seals'),
(363,'she'),
(363,'so'),
(363,'spread'),
(363,'the.'),
(363,'then'),
(363,'they'),
(363,'till'),
(363,'turtle.'),
(363,'turtles'),
(363,'voice'),
(363,'were'),
(363,'when'),
(363,'while'),
(363,'youve'),
(364,'9'),
(364,'backups'),
(364,'broderick'),
(364,'burdette'),
(364,'com'),
(364,'ferne'),
(364,'hauck'),
(364,'howe'),
(364,'mr.'),
(364,'nikolaus.ferne@rolfson.com'),
(364,'rolfson'),
(364,'stamm'),
(364,'tony'),
(364,'verify'),
(365,'255'),
(365,'a'),
(365,'can'),
(365,'dormouse.'),
(365,'extremely'),
(365,'eyes'),
(365,'feeling'),
(365,'for'),
(365,'fourteenth'),
(365,'getting'),
(365,'his'),
(365,'hot'),
(365,'its'),
(365,'little'),
(365,'march'),
(365,'minute'),
(365,'nose.'),
(365,'of'),
(365,'opened'),
(365,'or'),
(365,'remember'),
(365,'slowly'),
(365,'small'),
(365,'tea'),
(365,'that'),
(365,'the'),
(365,'think'),
(365,'to'),
(365,'two'),
(365,'upon'),
(365,'very.'),
(365,'were'),
(366,'--and'),
(366,'256'),
(366,'and'),
(366,'at'),
(366,'contemptuously.'),
(366,'dare'),
(366,'even'),
(366,'every'),
(366,'head'),
(366,'himself'),
(366,'his'),
(366,'it'),
(366,'just'),
(366,'looking'),
(366,'never'),
(366,'now'),
(366,'on.'),
(366,'put'),
(366,'raised'),
(366,'say'),
(366,'shaking'),
(366,'she'),
(366,'shoes'),
(366,'spoke'),
(366,'take'),
(366,'then'),
(366,'time.'),
(366,'tiptoe'),
(366,'to'),
(366,'uneasily'),
(366,'upon'),
(366,'was'),
(366,'you'),
(367,'257'),
(367,'all'),
(367,'aloud'),
(367,'and'),
(367,'asked'),
(367,'both'),
(367,'creatures'),
(367,'existence'),
(367,'faces'),
(367,'for'),
(367,'had'),
(367,'he'),
(367,'hid'),
(367,'his'),
(367,'how'),
(367,'in'),
(367,'it'),
(367,'large'),
(367,'moment'),
(367,'now'),
(367,'places--all'),
(367,'proper'),
(367,'rabbit'),
(367,'repeated'),
(367,'she'),
(367,'still'),
(367,'their'),
(367,'turn'),
(367,'was'),
(367,'white'),
(367,'with.'),
(368,'258'),
(368,'alice'),
(368,'all.'),
(368,'already'),
(368,'and'),
(368,'at'),
(368,'both'),
(368,'bowed'),
(368,'came'),
(368,'curls'),
(368,'dormouse'),
(368,'dream:--'),
(368,'dreamed'),
(368,'entangled'),
(368,'first'),
(368,'got'),
(368,'her'),
(368,'in'),
(368,'it'),
(368,'laughed'),
(368,'little'),
(368,'low'),
(368,'much'),
(368,'of'),
(368,'pebbles'),
(368,'rattling'),
(368,'shall'),
(368,'she'),
(368,'so'),
(368,'that'),
(368,'their'),
(368,'they'),
(368,'together.'),
(368,'was'),
(369,'10'),
(369,'ashlee'),
(369,'authentication'),
(369,'beier'),
(369,'broderick'),
(369,'com'),
(369,'emacejkovic@heathcote.com'),
(369,'factor'),
(369,'hauck'),
(369,'heathcote'),
(369,'mr.'),
(369,'test'),
(369,'two'),
(370,'259'),
(370,'a.'),
(370,'about'),
(370,'anxiously'),
(370,'be'),
(370,'doesnt'),
(370,'fifteenth'),
(370,'gryphon'),
(370,'help'),
(370,'her.'),
(370,'its'),
(370,'last'),
(370,'let'),
(370,'like'),
(370,'looking'),
(370,'me'),
(370,'oh'),
(370,'on'),
(370,'remark'),
(370,'said.'),
(370,'shall'),
(370,'she'),
(370,'the'),
(370,'this'),
(370,'to'),
(370,'undo'),
(370,'vegetable.'),
(370,'went'),
(371,'260'),
(371,'alice'),
(371,'all.'),
(371,'already'),
(371,'and'),
(371,'at'),
(371,'both'),
(371,'bowed'),
(371,'came'),
(371,'curls'),
(371,'dormouse'),
(371,'dream:--'),
(371,'dreamed'),
(371,'entangled'),
(371,'first'),
(371,'got'),
(371,'her'),
(371,'in'),
(371,'it'),
(371,'laughed'),
(371,'little'),
(371,'low'),
(371,'much'),
(371,'of'),
(371,'pebbles'),
(371,'rattling'),
(371,'shall'),
(371,'she'),
(371,'so'),
(371,'that'),
(371,'their'),
(371,'they'),
(371,'together.'),
(371,'was'),
(372,'261'),
(372,'all'),
(372,'aloud'),
(372,'and'),
(372,'asked'),
(372,'both'),
(372,'creatures'),
(372,'existence'),
(372,'faces'),
(372,'for'),
(372,'had'),
(372,'he'),
(372,'hid'),
(372,'his'),
(372,'how'),
(372,'in'),
(372,'it'),
(372,'large'),
(372,'moment'),
(372,'now'),
(372,'places--all'),
(372,'proper'),
(372,'rabbit'),
(372,'repeated'),
(372,'she'),
(372,'still'),
(372,'their'),
(372,'turn'),
(372,'was'),
(372,'white'),
(372,'with.'),
(373,'262'),
(373,'a'),
(373,'can'),
(373,'dormouse.'),
(373,'extremely'),
(373,'eyes'),
(373,'feeling'),
(373,'for'),
(373,'fourteenth'),
(373,'getting'),
(373,'his'),
(373,'hot'),
(373,'its'),
(373,'little'),
(373,'march'),
(373,'minute'),
(373,'nose.'),
(373,'of'),
(373,'opened'),
(373,'or'),
(373,'remember'),
(373,'slowly'),
(373,'small'),
(373,'tea'),
(373,'that'),
(373,'the'),
(373,'think'),
(373,'to'),
(373,'two'),
(373,'upon'),
(373,'very.'),
(373,'were'),
(374,'11'),
(374,'camron'),
(374,'designs'),
(374,'for'),
(374,'gerardo.schulist@quigley.net'),
(374,'graphical'),
(374,'group-office'),
(374,'heller'),
(374,'jedidiah'),
(374,'jr.'),
(374,'kirlin'),
(374,'mr.'),
(374,'net'),
(374,'office'),
(374,'prof.'),
(374,'quigley'),
(374,'review'),
(374,'schulist'),
(374,'simone'),
(374,'sr.'),
(374,'tromp'),
(374,'website'),
(375,'263'),
(375,'again'),
(375,'and'),
(375,'be.'),
(375,'chain'),
(375,'daisy-chain'),
(375,'feel'),
(375,'felt'),
(375,'fetch'),
(375,'involved'),
(375,'making'),
(375,'me'),
(375,'moment'),
(375,'no'),
(375,'of'),
(375,'pair'),
(375,'pleasure'),
(375,'room'),
(375,'she'),
(375,'sleepy'),
(375,'stop'),
(375,'stupid'),
(375,'sure'),
(375,'the'),
(375,'this'),
(375,'very'),
(375,'way'),
(375,'whether'),
(375,'wonder'),
(375,'would'),
(376,'12'),
(376,'about'),
(376,'broderick'),
(376,'call'),
(376,'cartwright'),
(376,'com'),
(376,'demo@group-office.com'),
(376,'elizabeth'),
(376,'energy'),
(376,'group'),
(376,'hauck'),
(376,'jedidiah'),
(376,'michael'),
(376,'mr.'),
(376,'mrs.'),
(376,'office'),
(376,'project'),
(376,'tromp'),
(377,'264'),
(377,'again.'),
(377,'alice'),
(377,'all'),
(377,'almost'),
(377,'and'),
(377,'at'),
(377,'began'),
(377,'by'),
(377,'dont'),
(377,'ear'),
(377,'fairly'),
(377,'furious'),
(377,'grunt'),
(377,'in'),
(377,'its'),
(377,'left'),
(377,'not'),
(377,'off'),
(377,'on'),
(377,'ought'),
(377,'out'),
(377,'passion'),
(377,'right'),
(377,'said'),
(377,'sneezing'),
(377,'thats'),
(377,'there'),
(377,'this'),
(377,'time.'),
(377,'to'),
(377,'went'),
(378,'265'),
(378,'ah'),
(378,'alice.'),
(378,'all'),
(378,'am'),
(378,'and'),
(378,'begins'),
(378,'by'),
(378,'concert'),
(378,'course'),
(378,'from'),
(378,'given'),
(378,'great'),
(378,'hand'),
(378,'him'),
(378,'in'),
(378,'of'),
(378,'one'),
(378,'parchment'),
(378,'returned'),
(378,'said'),
(378,'scroll'),
(378,'thats'),
(378,'the.'),
(378,'to'),
(378,'trumpet'),
(378,'twinkling'),
(378,'way'),
(378,'with'),
(378,'world'),
(378,'you'),
(379,'266'),
(379,'again'),
(379,'and'),
(379,'be.'),
(379,'chain'),
(379,'daisy-chain'),
(379,'feel'),
(379,'felt'),
(379,'fetch'),
(379,'involved'),
(379,'making'),
(379,'me'),
(379,'moment'),
(379,'no'),
(379,'of'),
(379,'pair'),
(379,'pleasure'),
(379,'room'),
(379,'she'),
(379,'sleepy'),
(379,'stop'),
(379,'stupid'),
(379,'sure'),
(379,'the'),
(379,'this'),
(379,'very'),
(379,'way'),
(379,'whether'),
(379,'wonder'),
(379,'would'),
(380,'267'),
(380,'alice'),
(380,'and'),
(380,'as'),
(380,'certain.'),
(380,'could'),
(380,'curtsey'),
(380,'dormouse'),
(380,'dropped'),
(380,'felt'),
(380,'first'),
(380,'gloves'),
(380,'if'),
(380,'ill.'),
(380,'it'),
(380,'kid'),
(380,'please'),
(380,'rabbit'),
(380,'said'),
(380,'she'),
(380,'sir--'),
(380,'started'),
(380,'the'),
(380,'to'),
(380,'tried'),
(380,'verse'),
(380,'very'),
(380,'violently'),
(380,'was'),
(380,'white'),
(380,'you'),
(381,'268'),
(381,'air.'),
(381,'alice'),
(381,'but'),
(381,'cats'),
(381,'cut'),
(381,'deeply'),
(381,'duchess'),
(381,'even'),
(381,'finger'),
(381,'got'),
(381,'if'),
(381,'in'),
(381,'ive'),
(381,'knave'),
(381,'like'),
(381,'minute'),
(381,'nurse'),
(381,'of.'),
(381,'passionate'),
(381,'replied'),
(381,'shrill'),
(381,'table'),
(381,'the'),
(381,'to'),
(381,'very'),
(381,'voice.'),
(381,'with'),
(381,'would'),
(381,'your'),
(382,'13'),
(382,'cartwright'),
(382,'com'),
(382,'designs'),
(382,'elizabeth'),
(382,'emmerich'),
(382,'for'),
(382,'graphical'),
(382,'group-office'),
(382,'jedidiah'),
(382,'jr.'),
(382,'kirlin'),
(382,'mr.'),
(382,'mrs.'),
(382,'nella.reichel@emmerich.com'),
(382,'office'),
(382,'prof.'),
(382,'reichel'),
(382,'review'),
(382,'simone'),
(382,'tromp'),
(382,'website'),
(383,'269'),
(383,'all'),
(383,'aloud'),
(383,'and'),
(383,'asked'),
(383,'both'),
(383,'creatures'),
(383,'existence'),
(383,'faces'),
(383,'for'),
(383,'had'),
(383,'he'),
(383,'hid'),
(383,'his'),
(383,'how'),
(383,'in'),
(383,'it'),
(383,'large'),
(383,'moment'),
(383,'now'),
(383,'places--all'),
(383,'proper'),
(383,'rabbit'),
(383,'repeated'),
(383,'she'),
(383,'still'),
(383,'their'),
(383,'turn'),
(383,'was'),
(383,'white'),
(383,'with.'),
(384,'14'),
(384,'cartwright'),
(384,'elizabeth'),
(384,'id'),
(384,'implement'),
(384,'jedidiah'),
(384,'kiehn'),
(384,'lavada77@kiehn.org'),
(384,'mr.'),
(384,'mrs.'),
(384,'open'),
(384,'org'),
(384,'tromp'),
(385,'270'),
(385,'air.'),
(385,'alice'),
(385,'but'),
(385,'cats'),
(385,'cut'),
(385,'deeply'),
(385,'duchess'),
(385,'even'),
(385,'finger'),
(385,'got'),
(385,'if'),
(385,'in'),
(385,'ive'),
(385,'knave'),
(385,'like'),
(385,'minute'),
(385,'nurse'),
(385,'of.'),
(385,'passionate'),
(385,'replied'),
(385,'shrill'),
(385,'table'),
(385,'the'),
(385,'to'),
(385,'very'),
(385,'voice.'),
(385,'with'),
(385,'would'),
(385,'your'),
(386,'271'),
(386,'ah'),
(386,'alice.'),
(386,'all'),
(386,'am'),
(386,'and'),
(386,'begins'),
(386,'by'),
(386,'concert'),
(386,'course'),
(386,'from'),
(386,'given'),
(386,'great'),
(386,'hand'),
(386,'him'),
(386,'in'),
(386,'of'),
(386,'one'),
(386,'parchment'),
(386,'returned'),
(386,'said'),
(386,'scroll'),
(386,'thats'),
(386,'the.'),
(386,'to'),
(386,'trumpet'),
(386,'twinkling'),
(386,'way'),
(386,'with'),
(386,'world'),
(386,'you'),
(387,'15'),
(387,'2.0'),
(387,'cartwright'),
(387,'com'),
(387,'elizabeth'),
(387,'emmerich'),
(387,'implement'),
(387,'jedidiah'),
(387,'mr.'),
(387,'mrs.'),
(387,'nella.reichel@emmerich.com'),
(387,'oauth'),
(387,'reichel'),
(387,'shayne'),
(387,'tromp'),
(387,'zemlak'),
(388,'272'),
(388,'all'),
(388,'and'),
(388,'at'),
(388,'cleared'),
(388,'couples:'),
(388,'hand'),
(388,'her'),
(388,'in'),
(388,'last'),
(388,'lying'),
(388,'mock'),
(388,'on'),
(388,'out'),
(388,'rabbits'),
(388,'round'),
(388,'salmon'),
(388,'seals'),
(388,'she'),
(388,'so'),
(388,'spread'),
(388,'the.'),
(388,'then'),
(388,'they'),
(388,'till'),
(388,'turtle.'),
(388,'turtles'),
(388,'voice'),
(388,'were'),
(388,'when'),
(388,'while'),
(388,'youve'),
(389,'16'),
(389,'ashlee'),
(389,'beier'),
(389,'broderick'),
(389,'com'),
(389,'demo@group-office.com'),
(389,'designs'),
(389,'for'),
(389,'graphical'),
(389,'group-office'),
(389,'hauck'),
(389,'johnny'),
(389,'kirlin'),
(389,'mr.'),
(389,'office'),
(389,'prof.'),
(389,'review'),
(389,'website'),
(390,'273'),
(390,'and'),
(390,'at.'),
(390,'be'),
(390,'curious'),
(390,'do.'),
(390,'dont'),
(390,'duchess'),
(390,'em'),
(390,'first'),
(390,'her'),
(390,'history'),
(390,'ill'),
(390,'its'),
(390,'ive'),
(390,'know'),
(390,'learn'),
(390,'most'),
(390,'not'),
(390,'of'),
(390,'said'),
(390,'say'),
(390,'she'),
(390,'should'),
(390,'speech.'),
(390,'tell'),
(390,'than'),
(390,'the'),
(390,'think'),
(390,'to'),
(390,'tried'),
(390,'very'),
(390,'your'),
(391,'274'),
(391,'air.'),
(391,'alice'),
(391,'but'),
(391,'cats'),
(391,'cut'),
(391,'deeply'),
(391,'duchess'),
(391,'even'),
(391,'finger'),
(391,'got'),
(391,'if'),
(391,'in'),
(391,'ive'),
(391,'knave'),
(391,'like'),
(391,'minute'),
(391,'nurse'),
(391,'of.'),
(391,'passionate'),
(391,'replied'),
(391,'shrill'),
(391,'table'),
(391,'the'),
(391,'to'),
(391,'very'),
(391,'voice.'),
(391,'with'),
(391,'would'),
(391,'your'),
(392,'275'),
(392,'ah'),
(392,'alice.'),
(392,'all'),
(392,'am'),
(392,'and'),
(392,'begins'),
(392,'by'),
(392,'concert'),
(392,'course'),
(392,'from'),
(392,'given'),
(392,'great'),
(392,'hand'),
(392,'him'),
(392,'in'),
(392,'of'),
(392,'one'),
(392,'parchment'),
(392,'returned'),
(392,'said'),
(392,'scroll'),
(392,'thats'),
(392,'the.'),
(392,'to'),
(392,'trumpet'),
(392,'twinkling'),
(392,'way'),
(392,'with'),
(392,'world'),
(392,'you'),
(393,'276'),
(393,'and'),
(393,'antipathies'),
(393,'coast'),
(393,'despair'),
(393,'downward'),
(393,'english'),
(393,'find'),
(393,'gryphon'),
(393,'hand'),
(393,'hatter:'),
(393,'heads'),
(393,'her'),
(393,'in'),
(393,'long'),
(393,'on'),
(393,'put'),
(393,'said'),
(393,'she'),
(393,'so'),
(393,'that'),
(393,'their'),
(393,'they.'),
(393,'thing'),
(393,'think--'),
(393,'was'),
(393,'would'),
(393,'you'),
(394,'17'),
(394,'ashlee'),
(394,'beier'),
(394,'board'),
(394,'cartwright'),
(394,'com'),
(394,'elizabeth'),
(394,'ferne'),
(394,'howe'),
(394,'meeting'),
(394,'mrs.'),
(394,'nikolaus.ferne@rolfson.com'),
(394,'prepare'),
(394,'rolfson'),
(394,'tony'),
(394,'weekly'),
(395,'--and'),
(395,'277'),
(395,'and'),
(395,'at'),
(395,'contemptuously.'),
(395,'dare'),
(395,'even'),
(395,'every'),
(395,'head'),
(395,'himself'),
(395,'his'),
(395,'it'),
(395,'just'),
(395,'looking'),
(395,'never'),
(395,'now'),
(395,'on.'),
(395,'put'),
(395,'raised'),
(395,'say'),
(395,'shaking'),
(395,'she'),
(395,'shoes'),
(395,'spoke'),
(395,'take'),
(395,'then'),
(395,'time.'),
(395,'tiptoe'),
(395,'to'),
(395,'uneasily'),
(395,'upon'),
(395,'was'),
(395,'you'),
(396,'278'),
(396,'accounts'),
(396,'ah'),
(396,'be'),
(396,'but'),
(396,'chain'),
(396,'daisy-chain'),
(396,'dont'),
(396,'five'),
(396,'for'),
(396,'in'),
(396,'it'),
(396,'learn'),
(396,'like'),
(396,'making'),
(396,'music.'),
(396,'of'),
(396,'pleased'),
(396,'pleasure'),
(396,'pray'),
(396,'said'),
(396,'say'),
(396,'soothing.'),
(396,'that'),
(396,'the'),
(396,'tone.'),
(396,'trouble'),
(396,'whether'),
(396,'would'),
(396,'yourself'),
(397,'18'),
(397,'ashlee'),
(397,'automatic'),
(397,'beier'),
(397,'broderick'),
(397,'burdette'),
(397,'com'),
(397,'dickinson.newell@rau.com'),
(397,'fix'),
(397,'hauck'),
(397,'issue'),
(397,'mr.'),
(397,'newell'),
(397,'problem'),
(397,'rau'),
(397,'solver'),
(397,'stamm'),
(397,'with'),
(398,'279'),
(398,'again'),
(398,'and'),
(398,'be.'),
(398,'chain'),
(398,'daisy-chain'),
(398,'feel'),
(398,'felt'),
(398,'fetch'),
(398,'involved'),
(398,'making'),
(398,'me'),
(398,'moment'),
(398,'no'),
(398,'of'),
(398,'pair'),
(398,'pleasure'),
(398,'room'),
(398,'she'),
(398,'sleepy'),
(398,'stop'),
(398,'stupid'),
(398,'sure'),
(398,'the'),
(398,'this'),
(398,'very'),
(398,'way'),
(398,'whether'),
(398,'wonder'),
(398,'would'),
(399,'280'),
(399,'air:'),
(399,'are'),
(399,'cattle'),
(399,'cried'),
(399,'dinah'),
(399,'earnestly'),
(399,'first.'),
(399,'guests'),
(399,'had'),
(399,'her'),
(399,'his'),
(399,'in.'),
(399,'it'),
(399,'me'),
(399,'now'),
(399,'of'),
(399,'other'),
(399,'out'),
(399,'puzzled'),
(399,'rabbit'),
(399,'said'),
(399,'silence'),
(399,'taken'),
(399,'tell'),
(399,'the'),
(399,'very'),
(399,'watch'),
(399,'what'),
(399,'white'),
(399,'who'),
(399,'why'),
(399,'you'),
(400,'19'),
(400,'ashlee'),
(400,'beier'),
(400,'broderick'),
(400,'com'),
(400,'demo@group-office.com'),
(400,'group'),
(400,'hauck'),
(400,'mr.'),
(400,'office'),
(400,'on'),
(400,'penetration'),
(400,'perform'),
(400,'servers'),
(400,'shayne'),
(400,'tests'),
(400,'weekly'),
(400,'zemlak'),
(401,'281'),
(401,'ah'),
(401,'alice.'),
(401,'all'),
(401,'am'),
(401,'and'),
(401,'begins'),
(401,'by'),
(401,'concert'),
(401,'course'),
(401,'from'),
(401,'given'),
(401,'great'),
(401,'hand'),
(401,'him'),
(401,'in'),
(401,'of'),
(401,'one'),
(401,'parchment'),
(401,'returned'),
(401,'said'),
(401,'scroll'),
(401,'thats'),
(401,'the.'),
(401,'to'),
(401,'trumpet'),
(401,'twinkling'),
(401,'way'),
(401,'with'),
(401,'world'),
(401,'you'),
(402,'282'),
(402,'air.'),
(402,'alice'),
(402,'but'),
(402,'cats'),
(402,'cut'),
(402,'deeply'),
(402,'duchess'),
(402,'even'),
(402,'finger'),
(402,'got'),
(402,'if'),
(402,'in'),
(402,'ive'),
(402,'knave'),
(402,'like'),
(402,'minute'),
(402,'nurse'),
(402,'of.'),
(402,'passionate'),
(402,'replied'),
(402,'shrill'),
(402,'table'),
(402,'the'),
(402,'to'),
(402,'very'),
(402,'voice.'),
(402,'with'),
(402,'would'),
(402,'your'),
(403,'20'),
(403,'ashlee'),
(403,'beier'),
(403,'coffee'),
(403,'com'),
(403,'ferne'),
(403,'howe'),
(403,'more'),
(403,'nikolaus.ferne@rolfson.com'),
(403,'order'),
(403,'rolfson'),
(403,'tony'),
(404,'283'),
(404,'all'),
(404,'aloud'),
(404,'and'),
(404,'asked'),
(404,'both'),
(404,'creatures'),
(404,'existence'),
(404,'faces'),
(404,'for'),
(404,'had'),
(404,'he'),
(404,'hid'),
(404,'his'),
(404,'how'),
(404,'in'),
(404,'it'),
(404,'large'),
(404,'moment'),
(404,'now'),
(404,'places--all'),
(404,'proper'),
(404,'rabbit'),
(404,'repeated'),
(404,'she'),
(404,'still'),
(404,'their'),
(404,'turn'),
(404,'was'),
(404,'white'),
(404,'with.'),
(405,'284'),
(405,'alice'),
(405,'at'),
(405,'behind'),
(405,'close'),
(405,'could'),
(405,'day.'),
(405,'down'),
(405,'gone'),
(405,'guilt'),
(405,'had'),
(405,'her'),
(405,'his'),
(405,'how'),
(405,'it'),
(405,'looked'),
(405,'mock'),
(405,'out'),
(405,'persisted.'),
(405,'poor.'),
(405,'proves'),
(405,'said'),
(405,'she'),
(405,'side.'),
(405,'that'),
(405,'them'),
(405,'through'),
(405,'trying'),
(405,'turn'),
(405,'turtle'),
(405,'was'),
(405,'when'),
(405,'with'),
(406,'285'),
(406,'alice'),
(406,'at'),
(406,'behind'),
(406,'close'),
(406,'could'),
(406,'day.'),
(406,'down'),
(406,'gone'),
(406,'guilt'),
(406,'had'),
(406,'her'),
(406,'his'),
(406,'how'),
(406,'it'),
(406,'looked'),
(406,'mock'),
(406,'out'),
(406,'persisted.'),
(406,'poor.'),
(406,'proves'),
(406,'said'),
(406,'she'),
(406,'side.'),
(406,'that'),
(406,'them'),
(406,'through'),
(406,'trying'),
(406,'turn'),
(406,'turtle'),
(406,'was'),
(406,'when'),
(406,'with'),
(407,'21'),
(407,'designs'),
(407,'durgan'),
(407,'for'),
(407,'graphical'),
(407,'group-office'),
(407,'howe'),
(407,'jaskolski'),
(407,'johnny'),
(407,'kirlin'),
(407,'kuphal'),
(407,'maryse.kuphal@jaskolski.org'),
(407,'nicklaus'),
(407,'office'),
(407,'org'),
(407,'prof.'),
(407,'review'),
(407,'tony'),
(407,'website'),
(408,'286'),
(408,'all'),
(408,'aloud'),
(408,'and'),
(408,'asked'),
(408,'both'),
(408,'creatures'),
(408,'existence'),
(408,'faces'),
(408,'for'),
(408,'had'),
(408,'he'),
(408,'hid'),
(408,'his'),
(408,'how'),
(408,'in'),
(408,'it'),
(408,'large'),
(408,'moment'),
(408,'now'),
(408,'places--all'),
(408,'proper'),
(408,'rabbit'),
(408,'repeated'),
(408,'she'),
(408,'still'),
(408,'their'),
(408,'turn'),
(408,'was'),
(408,'white'),
(408,'with.'),
(409,'287'),
(409,'and'),
(409,'at.'),
(409,'be'),
(409,'curious'),
(409,'do.'),
(409,'dont'),
(409,'duchess'),
(409,'em'),
(409,'first'),
(409,'her'),
(409,'history'),
(409,'ill'),
(409,'its'),
(409,'ive'),
(409,'know'),
(409,'learn'),
(409,'most'),
(409,'not'),
(409,'of'),
(409,'said'),
(409,'say'),
(409,'she'),
(409,'should'),
(409,'speech.'),
(409,'tell'),
(409,'than'),
(409,'the'),
(409,'think'),
(409,'to'),
(409,'tried'),
(409,'very'),
(409,'your'),
(410,'288'),
(410,'and'),
(410,'antipathies'),
(410,'coast'),
(410,'despair'),
(410,'downward'),
(410,'english'),
(410,'find'),
(410,'gryphon'),
(410,'hand'),
(410,'hatter:'),
(410,'heads'),
(410,'her'),
(410,'in'),
(410,'long'),
(410,'on'),
(410,'put'),
(410,'said'),
(410,'she'),
(410,'so'),
(410,'that'),
(410,'their'),
(410,'they.'),
(410,'thing'),
(410,'think--'),
(410,'was'),
(410,'would'),
(410,'you'),
(411,'289'),
(411,'a.'),
(411,'about'),
(411,'anxiously'),
(411,'be'),
(411,'doesnt'),
(411,'fifteenth'),
(411,'gryphon'),
(411,'help'),
(411,'her.'),
(411,'its'),
(411,'last'),
(411,'let'),
(411,'like'),
(411,'looking'),
(411,'me'),
(411,'oh'),
(411,'on'),
(411,'remark'),
(411,'said.'),
(411,'shall'),
(411,'she'),
(411,'the'),
(411,'this'),
(411,'to'),
(411,'undo'),
(411,'vegetable.'),
(411,'went'),
(412,'290'),
(412,'again'),
(412,'and'),
(412,'be.'),
(412,'chain'),
(412,'daisy-chain'),
(412,'feel'),
(412,'felt'),
(412,'fetch'),
(412,'involved'),
(412,'making'),
(412,'me'),
(412,'moment'),
(412,'no'),
(412,'of'),
(412,'pair'),
(412,'pleasure'),
(412,'room'),
(412,'she'),
(412,'sleepy'),
(412,'stop'),
(412,'stupid'),
(412,'sure'),
(412,'the'),
(412,'this'),
(412,'very'),
(412,'way'),
(412,'whether'),
(412,'wonder'),
(412,'would'),
(413,'22'),
(413,'com'),
(413,'durgan'),
(413,'ferne'),
(413,'group-office'),
(413,'howe'),
(413,'nicklaus'),
(413,'nikolaus.ferne@rolfson.com'),
(413,'office'),
(413,'on'),
(413,'penetration'),
(413,'perform'),
(413,'rolfson'),
(413,'tests'),
(413,'tony'),
(413,'weekly'),
(414,'291'),
(414,'air:'),
(414,'are'),
(414,'cattle'),
(414,'cried'),
(414,'dinah'),
(414,'earnestly'),
(414,'first.'),
(414,'guests'),
(414,'had'),
(414,'her'),
(414,'his'),
(414,'in.'),
(414,'it'),
(414,'me'),
(414,'now'),
(414,'of'),
(414,'other'),
(414,'out'),
(414,'puzzled'),
(414,'rabbit'),
(414,'said'),
(414,'silence'),
(414,'taken'),
(414,'tell'),
(414,'the'),
(414,'very'),
(414,'watch'),
(414,'what'),
(414,'white'),
(414,'who'),
(414,'why'),
(414,'you'),
(415,'292'),
(415,'again.'),
(415,'alice'),
(415,'all'),
(415,'almost'),
(415,'and'),
(415,'at'),
(415,'began'),
(415,'by'),
(415,'dont'),
(415,'ear'),
(415,'fairly'),
(415,'furious'),
(415,'grunt'),
(415,'in'),
(415,'its'),
(415,'left'),
(415,'not'),
(415,'off'),
(415,'on'),
(415,'ought'),
(415,'out'),
(415,'passion'),
(415,'right'),
(415,'said'),
(415,'sneezing'),
(415,'thats'),
(415,'there'),
(415,'this'),
(415,'time.'),
(415,'to'),
(415,'went'),
(416,'23'),
(416,'admin@intermesh.localhost'),
(416,'administrator'),
(416,'board'),
(416,'howe'),
(416,'intermesh'),
(416,'jedidiah'),
(416,'localhost'),
(416,'meeting'),
(416,'mr.'),
(416,'prepare'),
(416,'system'),
(416,'tony'),
(416,'tromp'),
(416,'weekly'),
(417,'293'),
(417,'all'),
(417,'aloud'),
(417,'and'),
(417,'asked'),
(417,'both'),
(417,'creatures'),
(417,'existence'),
(417,'faces'),
(417,'for'),
(417,'had'),
(417,'he'),
(417,'hid'),
(417,'his'),
(417,'how'),
(417,'in'),
(417,'it'),
(417,'large'),
(417,'moment'),
(417,'now'),
(417,'places--all'),
(417,'proper'),
(417,'rabbit'),
(417,'repeated'),
(417,'she'),
(417,'still'),
(417,'their'),
(417,'turn'),
(417,'was'),
(417,'white'),
(417,'with.'),
(418,'294'),
(418,'again.'),
(418,'alice'),
(418,'all'),
(418,'almost'),
(418,'and'),
(418,'at'),
(418,'began'),
(418,'by'),
(418,'dont'),
(418,'ear'),
(418,'fairly'),
(418,'furious'),
(418,'grunt'),
(418,'in'),
(418,'its'),
(418,'left'),
(418,'not'),
(418,'off'),
(418,'on'),
(418,'ought'),
(418,'out'),
(418,'passion'),
(418,'right'),
(418,'said'),
(418,'sneezing'),
(418,'thats'),
(418,'there'),
(418,'this'),
(418,'time.'),
(418,'to'),
(418,'went'),
(419,'2.0'),
(419,'24'),
(419,'burdette'),
(419,'com'),
(419,'dickinson.newell@rau.com'),
(419,'howe'),
(419,'implement'),
(419,'mr.'),
(419,'newell'),
(419,'oauth'),
(419,'rau'),
(419,'shayne'),
(419,'stamm'),
(419,'tony'),
(419,'zemlak'),
(420,'295'),
(420,'accounts'),
(420,'ah'),
(420,'be'),
(420,'but'),
(420,'chain'),
(420,'daisy-chain'),
(420,'dont'),
(420,'five'),
(420,'for'),
(420,'in'),
(420,'it'),
(420,'learn'),
(420,'like'),
(420,'making'),
(420,'music.'),
(420,'of'),
(420,'pleased'),
(420,'pleasure'),
(420,'pray'),
(420,'said'),
(420,'say'),
(420,'soothing.'),
(420,'that'),
(420,'the'),
(420,'tone.'),
(420,'trouble'),
(420,'whether'),
(420,'would'),
(420,'yourself'),
(421,'--and'),
(421,'296'),
(421,'and'),
(421,'at'),
(421,'contemptuously.'),
(421,'dare'),
(421,'even'),
(421,'every'),
(421,'head'),
(421,'himself'),
(421,'his'),
(421,'it'),
(421,'just'),
(421,'looking'),
(421,'never'),
(421,'now'),
(421,'on.'),
(421,'put'),
(421,'raised'),
(421,'say'),
(421,'shaking'),
(421,'she'),
(421,'shoes'),
(421,'spoke'),
(421,'take'),
(421,'then'),
(421,'time.'),
(421,'tiptoe'),
(421,'to'),
(421,'uneasily'),
(421,'upon'),
(421,'was'),
(421,'you'),
(422,'297'),
(422,'again'),
(422,'agree'),
(422,'alice'),
(422,'and'),
(422,'be'),
(422,'but'),
(422,'certainly'),
(422,'dormouse'),
(422,'everything'),
(422,'felt'),
(422,'grand'),
(422,'grow'),
(422,'large'),
(422,'let'),
(422,'me'),
(422,'no'),
(422,'one'),
(422,'out.'),
(422,'ready'),
(422,'room'),
(422,'said'),
(422,'see:'),
(422,'that'),
(422,'theres'),
(422,'to'),
(422,'turned'),
(422,'up'),
(422,'who'),
(422,'would'),
(422,'you'),
(423,'298'),
(423,'all'),
(423,'be.'),
(423,'dry'),
(423,'duchess.'),
(423,'enough'),
(423,'for'),
(423,'from'),
(423,'grow'),
(423,'him'),
(423,'i'),
(423,'let'),
(423,'make'),
(423,'me'),
(423,'nowhere'),
(423,'one'),
(423,'returned'),
(423,'same'),
(423,'shorter.'),
(423,'side'),
(423,'solemn'),
(423,'they'),
(423,'think:'),
(423,'though'),
(423,'tone'),
(423,'was'),
(423,'were'),
(423,'will'),
(423,'you'),
(424,'299'),
(424,'alice'),
(424,'all'),
(424,'and'),
(424,'been'),
(424,'bleeds'),
(424,'court'),
(424,'doing'),
(424,'hare'),
(424,'have'),
(424,'here'),
(424,'it'),
(424,'knife'),
(424,'looked'),
(424,'majesty'),
(424,'march'),
(424,'may'),
(424,'on'),
(424,'please'),
(424,'round'),
(424,'said'),
(424,'she.'),
(424,'still'),
(424,'the'),
(424,'to'),
(424,'usually'),
(424,'was'),
(424,'went'),
(424,'what'),
(424,'with'),
(424,'your'),
(425,'25'),
(425,'authentication'),
(425,'burdette'),
(425,'com'),
(425,'dickinson.newell@rau.com'),
(425,'factor'),
(425,'howe'),
(425,'johnny'),
(425,'kirlin'),
(425,'newell'),
(425,'prof.'),
(425,'rau'),
(425,'stamm'),
(425,'test'),
(425,'tony'),
(425,'two'),
(426,'300'),
(426,'a'),
(426,'can'),
(426,'dormouse.'),
(426,'extremely'),
(426,'eyes'),
(426,'feeling'),
(426,'for'),
(426,'fourteenth'),
(426,'getting'),
(426,'his'),
(426,'hot'),
(426,'its'),
(426,'little'),
(426,'march'),
(426,'minute'),
(426,'nose.'),
(426,'of'),
(426,'opened'),
(426,'or'),
(426,'remember'),
(426,'slowly'),
(426,'small'),
(426,'tea'),
(426,'that'),
(426,'the'),
(426,'think'),
(426,'to'),
(426,'two'),
(426,'upon'),
(426,'very.'),
(426,'were'),
(427,'26'),
(427,'broderick'),
(427,'cartwright'),
(427,'com'),
(427,'elizabeth'),
(427,'emmerich'),
(427,'finish'),
(427,'hauck'),
(427,'johnny'),
(427,'kirlin'),
(427,'module'),
(427,'mr.'),
(427,'mrs.'),
(427,'nella.reichel@emmerich.com'),
(427,'prof.'),
(427,'reichel'),
(427,'tasks'),
(428,'301'),
(428,'a.'),
(428,'about'),
(428,'anxiously'),
(428,'be'),
(428,'doesnt'),
(428,'fifteenth'),
(428,'gryphon'),
(428,'help'),
(428,'her.'),
(428,'its'),
(428,'last'),
(428,'let'),
(428,'like'),
(428,'looking'),
(428,'me'),
(428,'oh'),
(428,'on'),
(428,'remark'),
(428,'said.'),
(428,'shall'),
(428,'she'),
(428,'the'),
(428,'this'),
(428,'to'),
(428,'undo'),
(428,'vegetable.'),
(428,'went'),
(429,'302'),
(429,'again.'),
(429,'alice'),
(429,'all'),
(429,'almost'),
(429,'and'),
(429,'at'),
(429,'began'),
(429,'by'),
(429,'dont'),
(429,'ear'),
(429,'fairly'),
(429,'furious'),
(429,'grunt'),
(429,'in'),
(429,'its'),
(429,'left'),
(429,'not'),
(429,'off'),
(429,'on'),
(429,'ought'),
(429,'out'),
(429,'passion'),
(429,'right'),
(429,'said'),
(429,'sneezing'),
(429,'thats'),
(429,'there'),
(429,'this'),
(429,'time.'),
(429,'to'),
(429,'went'),
(430,'27'),
(430,'com'),
(430,'johnny'),
(430,'jr.'),
(430,'kirlin'),
(430,'lora94@pollich.com'),
(430,'on'),
(430,'penetration'),
(430,'perform'),
(430,'pollich'),
(430,'prof.'),
(430,'servers'),
(430,'simone'),
(430,'tests'),
(430,'weekly'),
(431,'303'),
(431,'accounts'),
(431,'ah'),
(431,'be'),
(431,'but'),
(431,'chain'),
(431,'daisy-chain'),
(431,'dont'),
(431,'five'),
(431,'for'),
(431,'in'),
(431,'it'),
(431,'learn'),
(431,'like'),
(431,'making'),
(431,'music.'),
(431,'of'),
(431,'pleased'),
(431,'pleasure'),
(431,'pray'),
(431,'said'),
(431,'say'),
(431,'soothing.'),
(431,'that'),
(431,'the'),
(431,'tone.'),
(431,'trouble'),
(431,'whether'),
(431,'would'),
(431,'yourself'),
(432,'304'),
(432,'a'),
(432,'can'),
(432,'dormouse.'),
(432,'extremely'),
(432,'eyes'),
(432,'feeling'),
(432,'for'),
(432,'fourteenth'),
(432,'getting'),
(432,'his'),
(432,'hot'),
(432,'its'),
(432,'little'),
(432,'march'),
(432,'minute'),
(432,'nose.'),
(432,'of'),
(432,'opened'),
(432,'or'),
(432,'remember'),
(432,'slowly'),
(432,'small'),
(432,'tea'),
(432,'that'),
(432,'the'),
(432,'think'),
(432,'to'),
(432,'two'),
(432,'upon'),
(432,'very.'),
(432,'were'),
(433,'305'),
(433,'again'),
(433,'and'),
(433,'be.'),
(433,'chain'),
(433,'daisy-chain'),
(433,'feel'),
(433,'felt'),
(433,'fetch'),
(433,'involved'),
(433,'making'),
(433,'me'),
(433,'moment'),
(433,'no'),
(433,'of'),
(433,'pair'),
(433,'pleasure'),
(433,'room'),
(433,'she'),
(433,'sleepy'),
(433,'stop'),
(433,'stupid'),
(433,'sure'),
(433,'the'),
(433,'this'),
(433,'very'),
(433,'way'),
(433,'whether'),
(433,'wonder'),
(433,'would'),
(434,'306'),
(434,'against'),
(434,'alice.'),
(434,'and.'),
(434,'as'),
(434,'authority'),
(434,'be'),
(434,'could'),
(434,'door'),
(434,'down'),
(434,'elbow'),
(434,'ever'),
(434,'hear'),
(434,'herself'),
(434,'it'),
(434,'lying'),
(434,'of'),
(434,'one'),
(434,'over'),
(434,'person'),
(434,'said'),
(434,'say'),
(434,'she'),
(434,'spoke.'),
(434,'stand'),
(434,'the'),
(434,'to'),
(434,'up'),
(434,'well'),
(434,'wet'),
(434,'will'),
(434,'with'),
(435,'28'),
(435,'broderick'),
(435,'com'),
(435,'demo@group-office.com'),
(435,'group'),
(435,'hauck'),
(435,'id'),
(435,'implement'),
(435,'johnny'),
(435,'kirlin'),
(435,'mr.'),
(435,'office'),
(435,'open'),
(435,'prof.'),
(436,'307'),
(436,'again'),
(436,'agree'),
(436,'alice'),
(436,'and'),
(436,'be'),
(436,'but'),
(436,'certainly'),
(436,'dormouse'),
(436,'everything'),
(436,'felt'),
(436,'grand'),
(436,'grow'),
(436,'large'),
(436,'let'),
(436,'me'),
(436,'no'),
(436,'one'),
(436,'out.'),
(436,'ready'),
(436,'room'),
(436,'said'),
(436,'see:'),
(436,'that'),
(436,'theres'),
(436,'to'),
(436,'turned'),
(436,'up'),
(436,'who'),
(436,'would'),
(436,'you'),
(437,'308'),
(437,'ah'),
(437,'alice.'),
(437,'all'),
(437,'am'),
(437,'and'),
(437,'begins'),
(437,'by'),
(437,'concert'),
(437,'course'),
(437,'from'),
(437,'given'),
(437,'great'),
(437,'hand'),
(437,'him'),
(437,'in'),
(437,'of'),
(437,'one'),
(437,'parchment'),
(437,'returned'),
(437,'said'),
(437,'scroll'),
(437,'thats'),
(437,'the.'),
(437,'to'),
(437,'trumpet'),
(437,'twinkling'),
(437,'way'),
(437,'with'),
(437,'world'),
(437,'you'),
(438,'309'),
(438,'ah'),
(438,'alice.'),
(438,'all'),
(438,'am'),
(438,'and'),
(438,'begins'),
(438,'by'),
(438,'concert'),
(438,'course'),
(438,'from'),
(438,'given'),
(438,'great'),
(438,'hand'),
(438,'him'),
(438,'in'),
(438,'of'),
(438,'one'),
(438,'parchment'),
(438,'returned'),
(438,'said'),
(438,'scroll'),
(438,'thats'),
(438,'the.'),
(438,'to'),
(438,'trumpet'),
(438,'twinkling'),
(438,'way'),
(438,'with'),
(438,'world'),
(438,'you'),
(439,'29'),
(439,'ashlee'),
(439,'beier'),
(439,'com'),
(439,'durgan'),
(439,'emacejkovic@heathcote.com'),
(439,'heathcote'),
(439,'johnny'),
(439,'kirlin'),
(439,'machine'),
(439,'nicklaus'),
(439,'order'),
(439,'parts'),
(439,'prof.'),
(440,'310'),
(440,'again'),
(440,'agree'),
(440,'alice'),
(440,'and'),
(440,'be'),
(440,'but'),
(440,'certainly'),
(440,'dormouse'),
(440,'everything'),
(440,'felt'),
(440,'grand'),
(440,'grow'),
(440,'large'),
(440,'let'),
(440,'me'),
(440,'no'),
(440,'one'),
(440,'out.'),
(440,'ready'),
(440,'room'),
(440,'said'),
(440,'see:'),
(440,'that'),
(440,'theres'),
(440,'to'),
(440,'turned'),
(440,'up'),
(440,'who'),
(440,'would'),
(440,'you'),
(441,'311'),
(441,'accounts'),
(441,'ah'),
(441,'be'),
(441,'but'),
(441,'chain'),
(441,'daisy-chain'),
(441,'dont'),
(441,'five'),
(441,'for'),
(441,'in'),
(441,'it'),
(441,'learn'),
(441,'like'),
(441,'making'),
(441,'music.'),
(441,'of'),
(441,'pleased'),
(441,'pleasure'),
(441,'pray'),
(441,'said'),
(441,'say'),
(441,'soothing.'),
(441,'that'),
(441,'the'),
(441,'tone.'),
(441,'trouble'),
(441,'whether'),
(441,'would'),
(441,'yourself'),
(442,'312'),
(442,'alice'),
(442,'and'),
(442,'as'),
(442,'certain.'),
(442,'could'),
(442,'curtsey'),
(442,'dormouse'),
(442,'dropped'),
(442,'felt'),
(442,'first'),
(442,'gloves'),
(442,'if'),
(442,'ill.'),
(442,'it'),
(442,'kid'),
(442,'please'),
(442,'rabbit'),
(442,'said'),
(442,'she'),
(442,'sir--'),
(442,'started'),
(442,'the'),
(442,'to'),
(442,'tried'),
(442,'verse'),
(442,'very'),
(442,'violently'),
(442,'was'),
(442,'white'),
(442,'you'),
(443,'30'),
(443,'administrator'),
(443,'broderick'),
(443,'com'),
(443,'demo@group-office.com'),
(443,'encryption'),
(443,'feature'),
(443,'group'),
(443,'hauck'),
(443,'johnny'),
(443,'kirlin'),
(443,'mr.'),
(443,'office'),
(443,'prof.'),
(443,'request'),
(443,'smime'),
(443,'system'),
(444,'313'),
(444,'and'),
(444,'at.'),
(444,'be'),
(444,'curious'),
(444,'do.'),
(444,'dont'),
(444,'duchess'),
(444,'em'),
(444,'first'),
(444,'her'),
(444,'history'),
(444,'ill'),
(444,'its'),
(444,'ive'),
(444,'know'),
(444,'learn'),
(444,'most'),
(444,'not'),
(444,'of'),
(444,'said'),
(444,'say'),
(444,'she'),
(444,'should'),
(444,'speech.'),
(444,'tell'),
(444,'than'),
(444,'the'),
(444,'think'),
(444,'to'),
(444,'tried'),
(444,'very'),
(444,'your'),
(445,'314'),
(445,'air:'),
(445,'are'),
(445,'cattle'),
(445,'cried'),
(445,'dinah'),
(445,'earnestly'),
(445,'first.'),
(445,'guests'),
(445,'had'),
(445,'her'),
(445,'his'),
(445,'in.'),
(445,'it'),
(445,'me'),
(445,'now'),
(445,'of'),
(445,'other'),
(445,'out'),
(445,'puzzled'),
(445,'rabbit'),
(445,'said'),
(445,'silence'),
(445,'taken'),
(445,'tell'),
(445,'the'),
(445,'very'),
(445,'watch'),
(445,'what'),
(445,'white'),
(445,'who'),
(445,'why'),
(445,'you'),
(446,'315'),
(446,'against'),
(446,'alice.'),
(446,'and.'),
(446,'as'),
(446,'authority'),
(446,'be'),
(446,'could'),
(446,'door'),
(446,'down'),
(446,'elbow'),
(446,'ever'),
(446,'hear'),
(446,'herself'),
(446,'it'),
(446,'lying'),
(446,'of'),
(446,'one'),
(446,'over'),
(446,'person'),
(446,'said'),
(446,'say'),
(446,'she'),
(446,'spoke.'),
(446,'stand'),
(446,'the'),
(446,'to'),
(446,'up'),
(446,'well'),
(446,'wet'),
(446,'will'),
(446,'with'),
(447,'31'),
(447,'addresses'),
(447,'autofill'),
(447,'burdette'),
(447,'cartwright'),
(447,'com'),
(447,'elizabeth'),
(447,'email'),
(447,'emmerich'),
(447,'feature'),
(447,'mrs.'),
(447,'nella.reichel@emmerich.com'),
(447,'on'),
(447,'reichel'),
(447,'request'),
(447,'stamm'),
(448,'316'),
(448,'all'),
(448,'and'),
(448,'at'),
(448,'cleared'),
(448,'couples:'),
(448,'hand'),
(448,'her'),
(448,'in'),
(448,'last'),
(448,'lying'),
(448,'mock'),
(448,'on'),
(448,'out'),
(448,'rabbits'),
(448,'round'),
(448,'salmon'),
(448,'seals'),
(448,'she'),
(448,'so'),
(448,'spread'),
(448,'the.'),
(448,'then'),
(448,'they'),
(448,'till'),
(448,'turtle.'),
(448,'turtles'),
(448,'voice'),
(448,'were'),
(448,'when'),
(448,'while'),
(448,'youve'),
(449,'317'),
(449,'accounts'),
(449,'ah'),
(449,'be'),
(449,'but'),
(449,'chain'),
(449,'daisy-chain'),
(449,'dont'),
(449,'five'),
(449,'for'),
(449,'in'),
(449,'it'),
(449,'learn'),
(449,'like'),
(449,'making'),
(449,'music.'),
(449,'of'),
(449,'pleased'),
(449,'pleasure'),
(449,'pray'),
(449,'said'),
(449,'say'),
(449,'soothing.'),
(449,'that'),
(449,'the'),
(449,'tone.'),
(449,'trouble'),
(449,'whether'),
(449,'would'),
(449,'yourself'),
(450,'318'),
(450,'a.'),
(450,'about'),
(450,'anxiously'),
(450,'be'),
(450,'doesnt'),
(450,'fifteenth'),
(450,'gryphon'),
(450,'help'),
(450,'her.'),
(450,'its'),
(450,'last'),
(450,'let'),
(450,'like'),
(450,'looking'),
(450,'me'),
(450,'oh'),
(450,'on'),
(450,'remark'),
(450,'said.'),
(450,'shall'),
(450,'she'),
(450,'the'),
(450,'this'),
(450,'to'),
(450,'undo'),
(450,'vegetable.'),
(450,'went'),
(451,'32'),
(451,'about'),
(451,'broderick'),
(451,'burdette'),
(451,'call'),
(451,'com'),
(451,'demo@group-office.com'),
(451,'energy'),
(451,'group'),
(451,'hauck'),
(451,'michael'),
(451,'mr.'),
(451,'office'),
(451,'project'),
(451,'shayne'),
(451,'stamm'),
(451,'zemlak'),
(452,'319'),
(452,'all'),
(452,'be.'),
(452,'dry'),
(452,'duchess.'),
(452,'enough'),
(452,'for'),
(452,'from'),
(452,'grow'),
(452,'him'),
(452,'i'),
(452,'let'),
(452,'make'),
(452,'me'),
(452,'nowhere'),
(452,'one'),
(452,'returned'),
(452,'same'),
(452,'shorter.'),
(452,'side'),
(452,'solemn'),
(452,'they'),
(452,'think:'),
(452,'though'),
(452,'tone'),
(452,'was'),
(452,'were'),
(452,'will'),
(452,'you'),
(453,'320'),
(453,'air.'),
(453,'alice'),
(453,'but'),
(453,'cats'),
(453,'cut'),
(453,'deeply'),
(453,'duchess'),
(453,'even'),
(453,'finger'),
(453,'got'),
(453,'if'),
(453,'in'),
(453,'ive'),
(453,'knave'),
(453,'like'),
(453,'minute'),
(453,'nurse'),
(453,'of.'),
(453,'passionate'),
(453,'replied'),
(453,'shrill'),
(453,'table'),
(453,'the'),
(453,'to'),
(453,'very'),
(453,'voice.'),
(453,'with'),
(453,'would'),
(453,'your'),
(454,'321'),
(454,'alice'),
(454,'at'),
(454,'behind'),
(454,'close'),
(454,'could'),
(454,'day.'),
(454,'down'),
(454,'gone'),
(454,'guilt'),
(454,'had'),
(454,'her'),
(454,'his'),
(454,'how'),
(454,'it'),
(454,'looked'),
(454,'mock'),
(454,'out'),
(454,'persisted.'),
(454,'poor.'),
(454,'proves'),
(454,'said'),
(454,'she'),
(454,'side.'),
(454,'that'),
(454,'them'),
(454,'through'),
(454,'trying'),
(454,'turn'),
(454,'turtle'),
(454,'was'),
(454,'when'),
(454,'with'),
(455,'322'),
(455,'again'),
(455,'agree'),
(455,'alice'),
(455,'and'),
(455,'be'),
(455,'but'),
(455,'certainly'),
(455,'dormouse'),
(455,'everything'),
(455,'felt'),
(455,'grand'),
(455,'grow'),
(455,'large'),
(455,'let'),
(455,'me'),
(455,'no'),
(455,'one'),
(455,'out.'),
(455,'ready'),
(455,'room'),
(455,'said'),
(455,'see:'),
(455,'that'),
(455,'theres'),
(455,'to'),
(455,'turned'),
(455,'up'),
(455,'who'),
(455,'would'),
(455,'you'),
(456,'323'),
(456,'air.'),
(456,'alice'),
(456,'but'),
(456,'cats'),
(456,'cut'),
(456,'deeply'),
(456,'duchess'),
(456,'even'),
(456,'finger'),
(456,'got'),
(456,'if'),
(456,'in'),
(456,'ive'),
(456,'knave'),
(456,'like'),
(456,'minute'),
(456,'nurse'),
(456,'of.'),
(456,'passionate'),
(456,'replied'),
(456,'shrill'),
(456,'table'),
(456,'the'),
(456,'to'),
(456,'very'),
(456,'voice.'),
(456,'with'),
(456,'would'),
(456,'your'),
(457,'33'),
(457,'ashlee'),
(457,'beier'),
(457,'burdette'),
(457,'com'),
(457,'create'),
(457,'database'),
(457,'design'),
(457,'emacejkovic@heathcote.com'),
(457,'heathcote'),
(457,'jr.'),
(457,'kirlin'),
(457,'prof.'),
(457,'simone'),
(457,'stamm'),
(458,'--and'),
(458,'324'),
(458,'and'),
(458,'at'),
(458,'contemptuously.'),
(458,'dare'),
(458,'even'),
(458,'every'),
(458,'head'),
(458,'himself'),
(458,'his'),
(458,'it'),
(458,'just'),
(458,'looking'),
(458,'never'),
(458,'now'),
(458,'on.'),
(458,'put'),
(458,'raised'),
(458,'say'),
(458,'shaking'),
(458,'she'),
(458,'shoes'),
(458,'spoke'),
(458,'take'),
(458,'then'),
(458,'time.'),
(458,'tiptoe'),
(458,'to'),
(458,'uneasily'),
(458,'upon'),
(458,'was'),
(458,'you'),
(459,'325'),
(459,'all'),
(459,'and'),
(459,'at'),
(459,'cleared'),
(459,'couples:'),
(459,'hand'),
(459,'her'),
(459,'in'),
(459,'last'),
(459,'lying'),
(459,'mock'),
(459,'on'),
(459,'out'),
(459,'rabbits'),
(459,'round'),
(459,'salmon'),
(459,'seals'),
(459,'she'),
(459,'so'),
(459,'spread'),
(459,'the.'),
(459,'then'),
(459,'they'),
(459,'till'),
(459,'turtle.'),
(459,'turtles'),
(459,'voice'),
(459,'were'),
(459,'when'),
(459,'while'),
(459,'youve'),
(460,'326'),
(460,'all'),
(460,'be.'),
(460,'dry'),
(460,'duchess.'),
(460,'enough'),
(460,'for'),
(460,'from'),
(460,'grow'),
(460,'him'),
(460,'i'),
(460,'let'),
(460,'make'),
(460,'me'),
(460,'nowhere'),
(460,'one'),
(460,'returned'),
(460,'same'),
(460,'shorter.'),
(460,'side'),
(460,'solemn'),
(460,'they'),
(460,'think:'),
(460,'though'),
(460,'tone'),
(460,'was'),
(460,'were'),
(460,'will'),
(460,'you'),
(461,'327'),
(461,'a.'),
(461,'about'),
(461,'anxiously'),
(461,'be'),
(461,'doesnt'),
(461,'fifteenth'),
(461,'gryphon'),
(461,'help'),
(461,'her.'),
(461,'its'),
(461,'last'),
(461,'let'),
(461,'like'),
(461,'looking'),
(461,'me'),
(461,'oh'),
(461,'on'),
(461,'remark'),
(461,'said.'),
(461,'shall'),
(461,'she'),
(461,'the'),
(461,'this'),
(461,'to'),
(461,'undo'),
(461,'vegetable.'),
(461,'went'),
(462,'34'),
(462,'abbott'),
(462,'burdette'),
(462,'com'),
(462,'johnny'),
(462,'kirlin'),
(462,'machine'),
(462,'mcclure'),
(462,'mr.'),
(462,'order'),
(462,'parts'),
(462,'prof.'),
(462,'rodrigo.mcclure@abbott.com'),
(462,'shayne'),
(462,'stamm'),
(462,'zemlak'),
(463,'328'),
(463,'and'),
(463,'at.'),
(463,'be'),
(463,'curious'),
(463,'do.'),
(463,'dont'),
(463,'duchess'),
(463,'em'),
(463,'first'),
(463,'her'),
(463,'history'),
(463,'ill'),
(463,'its'),
(463,'ive'),
(463,'know'),
(463,'learn'),
(463,'most'),
(463,'not'),
(463,'of'),
(463,'said'),
(463,'say'),
(463,'she'),
(463,'should'),
(463,'speech.'),
(463,'tell'),
(463,'than'),
(463,'the'),
(463,'think'),
(463,'to'),
(463,'tried'),
(463,'very'),
(463,'your'),
(464,'329'),
(464,'again'),
(464,'and'),
(464,'be.'),
(464,'chain'),
(464,'daisy-chain'),
(464,'feel'),
(464,'felt'),
(464,'fetch'),
(464,'involved'),
(464,'making'),
(464,'me'),
(464,'moment'),
(464,'no'),
(464,'of'),
(464,'pair'),
(464,'pleasure'),
(464,'room'),
(464,'she'),
(464,'sleepy'),
(464,'stop'),
(464,'stupid'),
(464,'sure'),
(464,'the'),
(464,'this'),
(464,'very'),
(464,'way'),
(464,'whether'),
(464,'wonder'),
(464,'would'),
(465,'330'),
(465,'accounts'),
(465,'ah'),
(465,'be'),
(465,'but'),
(465,'chain'),
(465,'daisy-chain'),
(465,'dont'),
(465,'five'),
(465,'for'),
(465,'in'),
(465,'it'),
(465,'learn'),
(465,'like'),
(465,'making'),
(465,'music.'),
(465,'of'),
(465,'pleased'),
(465,'pleasure'),
(465,'pray'),
(465,'said'),
(465,'say'),
(465,'soothing.'),
(465,'that'),
(465,'the'),
(465,'tone.'),
(465,'trouble'),
(465,'whether'),
(465,'would'),
(465,'yourself'),
(466,'35'),
(466,'burdette'),
(466,'coffee'),
(466,'durgan'),
(466,'jaskolski'),
(466,'kuphal'),
(466,'maryse.kuphal@jaskolski.org'),
(466,'more'),
(466,'nicklaus'),
(466,'order'),
(466,'org'),
(466,'stamm'),
(467,'331'),
(467,'a.'),
(467,'about'),
(467,'anxiously'),
(467,'be'),
(467,'doesnt'),
(467,'fifteenth'),
(467,'gryphon'),
(467,'help'),
(467,'her.'),
(467,'its'),
(467,'last'),
(467,'let'),
(467,'like'),
(467,'looking'),
(467,'me'),
(467,'oh'),
(467,'on'),
(467,'remark'),
(467,'said.'),
(467,'shall'),
(467,'she'),
(467,'the'),
(467,'this'),
(467,'to'),
(467,'undo'),
(467,'vegetable.'),
(467,'went'),
(468,'332'),
(468,'all'),
(468,'and'),
(468,'at'),
(468,'cleared'),
(468,'couples:'),
(468,'hand'),
(468,'her'),
(468,'in'),
(468,'last'),
(468,'lying'),
(468,'mock'),
(468,'on'),
(468,'out'),
(468,'rabbits'),
(468,'round'),
(468,'salmon'),
(468,'seals'),
(468,'she'),
(468,'so'),
(468,'spread'),
(468,'the.'),
(468,'then'),
(468,'they'),
(468,'till'),
(468,'turtle.'),
(468,'turtles'),
(468,'voice'),
(468,'were'),
(468,'when'),
(468,'while'),
(468,'youve'),
(469,'333'),
(469,'ah'),
(469,'alice.'),
(469,'all'),
(469,'am'),
(469,'and'),
(469,'begins'),
(469,'by'),
(469,'concert'),
(469,'course'),
(469,'from'),
(469,'given'),
(469,'great'),
(469,'hand'),
(469,'him'),
(469,'in'),
(469,'of'),
(469,'one'),
(469,'parchment'),
(469,'returned'),
(469,'said'),
(469,'scroll'),
(469,'thats'),
(469,'the.'),
(469,'to'),
(469,'trumpet'),
(469,'twinkling'),
(469,'way'),
(469,'with'),
(469,'world'),
(469,'you'),
(470,'36'),
(470,'backups'),
(470,'camron'),
(470,'durgan'),
(470,'heller'),
(470,'jedidiah'),
(470,'kiehn'),
(470,'lavada77@kiehn.org'),
(470,'mr.'),
(470,'nicklaus'),
(470,'org'),
(470,'sr.'),
(470,'tromp'),
(470,'verify'),
(471,'334'),
(471,'and'),
(471,'antipathies'),
(471,'coast'),
(471,'despair'),
(471,'downward'),
(471,'english'),
(471,'find'),
(471,'gryphon'),
(471,'hand'),
(471,'hatter:'),
(471,'heads'),
(471,'her'),
(471,'in'),
(471,'long'),
(471,'on'),
(471,'put'),
(471,'said'),
(471,'she'),
(471,'so'),
(471,'that'),
(471,'their'),
(471,'they.'),
(471,'thing'),
(471,'think--'),
(471,'was'),
(471,'would'),
(471,'you'),
(472,'37'),
(472,'camron'),
(472,'client'),
(472,'com'),
(472,'ferne'),
(472,'heller'),
(472,'howe'),
(472,'jedidiah'),
(472,'meeting'),
(472,'mr.'),
(472,'nikolaus.ferne@rolfson.com'),
(472,'rolfson'),
(472,'schedule'),
(472,'sr.'),
(472,'tony'),
(472,'tromp'),
(472,'with'),
(473,'335'),
(473,'a'),
(473,'can'),
(473,'dormouse.'),
(473,'extremely'),
(473,'eyes'),
(473,'feeling'),
(473,'for'),
(473,'fourteenth'),
(473,'getting'),
(473,'his'),
(473,'hot'),
(473,'its'),
(473,'little'),
(473,'march'),
(473,'minute'),
(473,'nose.'),
(473,'of'),
(473,'opened'),
(473,'or'),
(473,'remember'),
(473,'slowly'),
(473,'small'),
(473,'tea'),
(473,'that'),
(473,'the'),
(473,'think'),
(473,'to'),
(473,'two'),
(473,'upon'),
(473,'very.'),
(473,'were'),
(474,'336'),
(474,'again'),
(474,'and'),
(474,'be.'),
(474,'chain'),
(474,'daisy-chain'),
(474,'feel'),
(474,'felt'),
(474,'fetch'),
(474,'involved'),
(474,'making'),
(474,'me'),
(474,'moment'),
(474,'no'),
(474,'of'),
(474,'pair'),
(474,'pleasure'),
(474,'room'),
(474,'she'),
(474,'sleepy'),
(474,'stop'),
(474,'stupid'),
(474,'sure'),
(474,'the'),
(474,'this'),
(474,'very'),
(474,'way'),
(474,'whether'),
(474,'wonder'),
(474,'would'),
(475,'337'),
(475,'all'),
(475,'and'),
(475,'at'),
(475,'cleared'),
(475,'couples:'),
(475,'hand'),
(475,'her'),
(475,'in'),
(475,'last'),
(475,'lying'),
(475,'mock'),
(475,'on'),
(475,'out'),
(475,'rabbits'),
(475,'round'),
(475,'salmon'),
(475,'seals'),
(475,'she'),
(475,'so'),
(475,'spread'),
(475,'the.'),
(475,'then'),
(475,'they'),
(475,'till'),
(475,'turtle.'),
(475,'turtles'),
(475,'voice'),
(475,'were'),
(475,'when'),
(475,'while'),
(475,'youve'),
(476,'338'),
(476,'all'),
(476,'aloud'),
(476,'and'),
(476,'asked'),
(476,'both'),
(476,'creatures'),
(476,'existence'),
(476,'faces'),
(476,'for'),
(476,'had'),
(476,'he'),
(476,'hid'),
(476,'his'),
(476,'how'),
(476,'in'),
(476,'it'),
(476,'large'),
(476,'moment'),
(476,'now'),
(476,'places--all'),
(476,'proper'),
(476,'rabbit'),
(476,'repeated'),
(476,'she'),
(476,'still'),
(476,'their'),
(476,'turn'),
(476,'was'),
(476,'white'),
(476,'with.'),
(477,'339'),
(477,'a'),
(477,'can'),
(477,'dormouse.'),
(477,'extremely'),
(477,'eyes'),
(477,'feeling'),
(477,'for'),
(477,'fourteenth'),
(477,'getting'),
(477,'his'),
(477,'hot'),
(477,'its'),
(477,'little'),
(477,'march'),
(477,'minute'),
(477,'nose.'),
(477,'of'),
(477,'opened'),
(477,'or'),
(477,'remember'),
(477,'slowly'),
(477,'small'),
(477,'tea'),
(477,'that'),
(477,'the'),
(477,'think'),
(477,'to'),
(477,'two'),
(477,'upon'),
(477,'very.'),
(477,'were'),
(478,'38'),
(478,'camron'),
(478,'cartwright'),
(478,'com'),
(478,'durgan'),
(478,'elizabeth'),
(478,'emmerich'),
(478,'group-office'),
(478,'heller'),
(478,'mrs.'),
(478,'nella.reichel@emmerich.com'),
(478,'nicklaus'),
(478,'office'),
(478,'on'),
(478,'penetration'),
(478,'perform'),
(478,'reichel'),
(478,'sr.'),
(478,'tests'),
(478,'weekly'),
(479,'340'),
(479,'alice'),
(479,'all'),
(479,'and'),
(479,'been'),
(479,'bleeds'),
(479,'court'),
(479,'doing'),
(479,'hare'),
(479,'have'),
(479,'here'),
(479,'it'),
(479,'knife'),
(479,'looked'),
(479,'majesty'),
(479,'march'),
(479,'may'),
(479,'on'),
(479,'please'),
(479,'round'),
(479,'said'),
(479,'she.'),
(479,'still'),
(479,'the'),
(479,'to'),
(479,'usually'),
(479,'was'),
(479,'went'),
(479,'what'),
(479,'with'),
(479,'your'),
(480,'341'),
(480,'and'),
(480,'antipathies'),
(480,'coast'),
(480,'despair'),
(480,'downward'),
(480,'english'),
(480,'find'),
(480,'gryphon'),
(480,'hand'),
(480,'hatter:'),
(480,'heads'),
(480,'her'),
(480,'in'),
(480,'long'),
(480,'on'),
(480,'put'),
(480,'said'),
(480,'she'),
(480,'so'),
(480,'that'),
(480,'their'),
(480,'they.'),
(480,'thing'),
(480,'think--'),
(480,'was'),
(480,'would'),
(480,'you'),
(481,'342'),
(481,'against'),
(481,'alice.'),
(481,'and.'),
(481,'as'),
(481,'authority'),
(481,'be'),
(481,'could'),
(481,'door'),
(481,'down'),
(481,'elbow'),
(481,'ever'),
(481,'hear'),
(481,'herself'),
(481,'it'),
(481,'lying'),
(481,'of'),
(481,'one'),
(481,'over'),
(481,'person'),
(481,'said'),
(481,'say'),
(481,'she'),
(481,'spoke.'),
(481,'stand'),
(481,'the'),
(481,'to'),
(481,'up'),
(481,'well'),
(481,'wet'),
(481,'will'),
(481,'with'),
(482,'39'),
(482,'bigger'),
(482,'burdette'),
(482,'buy'),
(482,'camron'),
(482,'cartwright'),
(482,'com'),
(482,'dickinson.newell@rau.com'),
(482,'elizabeth'),
(482,'heller'),
(482,'mrs.'),
(482,'newell'),
(482,'rau'),
(482,'screens'),
(482,'sr.'),
(482,'stamm'),
(483,'343'),
(483,'again'),
(483,'agree'),
(483,'alice'),
(483,'and'),
(483,'be'),
(483,'but'),
(483,'certainly'),
(483,'dormouse'),
(483,'everything'),
(483,'felt'),
(483,'grand'),
(483,'grow'),
(483,'large'),
(483,'let'),
(483,'me'),
(483,'no'),
(483,'one'),
(483,'out.'),
(483,'ready'),
(483,'room'),
(483,'said'),
(483,'see:'),
(483,'that'),
(483,'theres'),
(483,'to'),
(483,'turned'),
(483,'up'),
(483,'who'),
(483,'would'),
(483,'you'),
(484,'--and'),
(484,'344'),
(484,'and'),
(484,'at'),
(484,'contemptuously.'),
(484,'dare'),
(484,'even'),
(484,'every'),
(484,'head'),
(484,'himself'),
(484,'his'),
(484,'it'),
(484,'just'),
(484,'looking'),
(484,'never'),
(484,'now'),
(484,'on.'),
(484,'put'),
(484,'raised'),
(484,'say'),
(484,'shaking'),
(484,'she'),
(484,'shoes'),
(484,'spoke'),
(484,'take'),
(484,'then'),
(484,'time.'),
(484,'tiptoe'),
(484,'to'),
(484,'uneasily'),
(484,'upon'),
(484,'was'),
(484,'you'),
(485,'345'),
(485,'a'),
(485,'can'),
(485,'dormouse.'),
(485,'extremely'),
(485,'eyes'),
(485,'feeling'),
(485,'for'),
(485,'fourteenth'),
(485,'getting'),
(485,'his'),
(485,'hot'),
(485,'its'),
(485,'little'),
(485,'march'),
(485,'minute'),
(485,'nose.'),
(485,'of'),
(485,'opened'),
(485,'or'),
(485,'remember'),
(485,'slowly'),
(485,'small'),
(485,'tea'),
(485,'that'),
(485,'the'),
(485,'think'),
(485,'to'),
(485,'two'),
(485,'upon'),
(485,'very.'),
(485,'were'),
(486,'40'),
(486,'abbott'),
(486,'bigger'),
(486,'buy'),
(486,'camron'),
(486,'com'),
(486,'heller'),
(486,'jr.'),
(486,'kirlin'),
(486,'mcclure'),
(486,'mr.'),
(486,'prof.'),
(486,'rodrigo.mcclure@abbott.com'),
(486,'screens'),
(486,'shayne'),
(486,'simone'),
(486,'sr.'),
(486,'zemlak'),
(487,'346'),
(487,'all'),
(487,'and'),
(487,'at'),
(487,'cleared'),
(487,'couples:'),
(487,'hand'),
(487,'her'),
(487,'in'),
(487,'last'),
(487,'lying'),
(487,'mock'),
(487,'on'),
(487,'out'),
(487,'rabbits'),
(487,'round'),
(487,'salmon'),
(487,'seals'),
(487,'she'),
(487,'so'),
(487,'spread'),
(487,'the.'),
(487,'then'),
(487,'they'),
(487,'till'),
(487,'turtle.'),
(487,'turtles'),
(487,'voice'),
(487,'were'),
(487,'when'),
(487,'while'),
(487,'youve'),
(488,'347'),
(488,'a.'),
(488,'about'),
(488,'anxiously'),
(488,'be'),
(488,'doesnt'),
(488,'fifteenth'),
(488,'gryphon'),
(488,'help'),
(488,'her.'),
(488,'its'),
(488,'last'),
(488,'let'),
(488,'like'),
(488,'looking'),
(488,'me'),
(488,'oh'),
(488,'on'),
(488,'remark'),
(488,'said.'),
(488,'shall'),
(488,'she'),
(488,'the'),
(488,'this'),
(488,'to'),
(488,'undo'),
(488,'vegetable.'),
(488,'went'),
(489,'41'),
(489,'abbott'),
(489,'ashlee'),
(489,'beier'),
(489,'com'),
(489,'for'),
(489,'mcclure'),
(489,'module'),
(489,'mr.'),
(489,'panels'),
(489,'prepare'),
(489,'quote'),
(489,'rodrigo.mcclure@abbott.com'),
(489,'shayne'),
(489,'solar'),
(489,'zemlak'),
(490,'348'),
(490,'ah'),
(490,'alice.'),
(490,'all'),
(490,'am'),
(490,'and'),
(490,'begins'),
(490,'by'),
(490,'concert'),
(490,'course'),
(490,'from'),
(490,'given'),
(490,'great'),
(490,'hand'),
(490,'him'),
(490,'in'),
(490,'of'),
(490,'one'),
(490,'parchment'),
(490,'returned'),
(490,'said'),
(490,'scroll'),
(490,'thats'),
(490,'the.'),
(490,'to'),
(490,'trumpet'),
(490,'twinkling'),
(490,'way'),
(490,'with'),
(490,'world'),
(490,'you'),
(491,'349'),
(491,'again'),
(491,'agree'),
(491,'alice'),
(491,'and'),
(491,'be'),
(491,'but'),
(491,'certainly'),
(491,'dormouse'),
(491,'everything'),
(491,'felt'),
(491,'grand'),
(491,'grow'),
(491,'large'),
(491,'let'),
(491,'me'),
(491,'no'),
(491,'one'),
(491,'out.'),
(491,'ready'),
(491,'room'),
(491,'said'),
(491,'see:'),
(491,'that'),
(491,'theres'),
(491,'to'),
(491,'turned'),
(491,'up'),
(491,'who'),
(491,'would'),
(491,'you'),
(492,'350'),
(492,'alice'),
(492,'all'),
(492,'and'),
(492,'been'),
(492,'bleeds'),
(492,'court'),
(492,'doing'),
(492,'hare'),
(492,'have'),
(492,'here'),
(492,'it'),
(492,'knife'),
(492,'looked'),
(492,'majesty'),
(492,'march'),
(492,'may'),
(492,'on'),
(492,'please'),
(492,'round'),
(492,'said'),
(492,'she.'),
(492,'still'),
(492,'the'),
(492,'to'),
(492,'usually'),
(492,'was'),
(492,'went'),
(492,'what'),
(492,'with'),
(492,'your'),
(493,'42'),
(493,'camron'),
(493,'gerardo.schulist@quigley.net'),
(493,'heller'),
(493,'howe'),
(493,'mr.'),
(493,'net'),
(493,'order'),
(493,'paper'),
(493,'printer'),
(493,'quigley'),
(493,'schulist'),
(493,'shayne'),
(493,'sr.'),
(493,'tony'),
(493,'zemlak'),
(494,'351'),
(494,'a'),
(494,'can'),
(494,'dormouse.'),
(494,'extremely'),
(494,'eyes'),
(494,'feeling'),
(494,'for'),
(494,'fourteenth'),
(494,'getting'),
(494,'his'),
(494,'hot'),
(494,'its'),
(494,'little'),
(494,'march'),
(494,'minute'),
(494,'nose.'),
(494,'of'),
(494,'opened'),
(494,'or'),
(494,'remember'),
(494,'slowly'),
(494,'small'),
(494,'tea'),
(494,'that'),
(494,'the'),
(494,'think'),
(494,'to'),
(494,'two'),
(494,'upon'),
(494,'very.'),
(494,'were'),
(495,'352'),
(495,'a'),
(495,'can'),
(495,'dormouse.'),
(495,'extremely'),
(495,'eyes'),
(495,'feeling'),
(495,'for'),
(495,'fourteenth'),
(495,'getting'),
(495,'his'),
(495,'hot'),
(495,'its'),
(495,'little'),
(495,'march'),
(495,'minute'),
(495,'nose.'),
(495,'of'),
(495,'opened'),
(495,'or'),
(495,'remember'),
(495,'slowly'),
(495,'small'),
(495,'tea'),
(495,'that'),
(495,'the'),
(495,'think'),
(495,'to'),
(495,'two'),
(495,'upon'),
(495,'very.'),
(495,'were'),
(496,'43'),
(496,'abbott'),
(496,'broderick'),
(496,'checkout'),
(496,'com'),
(496,'design'),
(496,'hauck'),
(496,'mcclure'),
(496,'mr.'),
(496,'process'),
(496,'rodrigo.mcclure@abbott.com'),
(496,'shayne'),
(496,'zemlak'),
(497,'353'),
(497,'again'),
(497,'and'),
(497,'be.'),
(497,'chain'),
(497,'daisy-chain'),
(497,'feel'),
(497,'felt'),
(497,'fetch'),
(497,'involved'),
(497,'making'),
(497,'me'),
(497,'moment'),
(497,'no'),
(497,'of'),
(497,'pair'),
(497,'pleasure'),
(497,'room'),
(497,'she'),
(497,'sleepy'),
(497,'stop'),
(497,'stupid'),
(497,'sure'),
(497,'the'),
(497,'this'),
(497,'very'),
(497,'way'),
(497,'whether'),
(497,'wonder'),
(497,'would'),
(498,'354'),
(498,'ah'),
(498,'alice.'),
(498,'all'),
(498,'am'),
(498,'and'),
(498,'begins'),
(498,'by'),
(498,'concert'),
(498,'course'),
(498,'from'),
(498,'given'),
(498,'great'),
(498,'hand'),
(498,'him'),
(498,'in'),
(498,'of'),
(498,'one'),
(498,'parchment'),
(498,'returned'),
(498,'said'),
(498,'scroll'),
(498,'thats'),
(498,'the.'),
(498,'to'),
(498,'trumpet'),
(498,'twinkling'),
(498,'way'),
(498,'with'),
(498,'world'),
(498,'you'),
(499,'44'),
(499,'ashlee'),
(499,'beier'),
(499,'bigger'),
(499,'buy'),
(499,'com'),
(499,'durgan'),
(499,'emacejkovic@heathcote.com'),
(499,'heathcote'),
(499,'mr.'),
(499,'nicklaus'),
(499,'screens'),
(499,'shayne'),
(499,'zemlak'),
(500,'355'),
(500,'alice'),
(500,'at'),
(500,'behind'),
(500,'close'),
(500,'could'),
(500,'day.'),
(500,'down'),
(500,'gone'),
(500,'guilt'),
(500,'had'),
(500,'her'),
(500,'his'),
(500,'how'),
(500,'it'),
(500,'looked'),
(500,'mock'),
(500,'out'),
(500,'persisted.'),
(500,'poor.'),
(500,'proves'),
(500,'said'),
(500,'she'),
(500,'side.'),
(500,'that'),
(500,'them'),
(500,'through'),
(500,'trying'),
(500,'turn'),
(500,'turtle'),
(500,'was'),
(500,'when'),
(500,'with'),
(501,'45'),
(501,'board'),
(501,'botsford'),
(501,'broderick'),
(501,'com'),
(501,'hauck'),
(501,'johnny'),
(501,'kirlin'),
(501,'meeting'),
(501,'mr.'),
(501,'prepare'),
(501,'prof.'),
(501,'shayne'),
(501,'weekly'),
(501,'zemlak'),
(501,'zzieme@botsford.com'),
(502,'356'),
(502,'air:'),
(502,'are'),
(502,'cattle'),
(502,'cried'),
(502,'dinah'),
(502,'earnestly'),
(502,'first.'),
(502,'guests'),
(502,'had'),
(502,'her'),
(502,'his'),
(502,'in.'),
(502,'it'),
(502,'me'),
(502,'now'),
(502,'of'),
(502,'other'),
(502,'out'),
(502,'puzzled'),
(502,'rabbit'),
(502,'said'),
(502,'silence'),
(502,'taken'),
(502,'tell'),
(502,'the'),
(502,'very'),
(502,'watch'),
(502,'what'),
(502,'white'),
(502,'who'),
(502,'why'),
(502,'you'),
(503,'357'),
(503,'alice'),
(503,'all'),
(503,'and'),
(503,'been'),
(503,'bleeds'),
(503,'court'),
(503,'doing'),
(503,'hare'),
(503,'have'),
(503,'here'),
(503,'it'),
(503,'knife'),
(503,'looked'),
(503,'majesty'),
(503,'march'),
(503,'may'),
(503,'on'),
(503,'please'),
(503,'round'),
(503,'said'),
(503,'she.'),
(503,'still'),
(503,'the'),
(503,'to'),
(503,'usually'),
(503,'was'),
(503,'went'),
(503,'what'),
(503,'with'),
(503,'your'),
(504,'--and'),
(504,'358'),
(504,'and'),
(504,'at'),
(504,'contemptuously.'),
(504,'dare'),
(504,'even'),
(504,'every'),
(504,'head'),
(504,'himself'),
(504,'his'),
(504,'it'),
(504,'just'),
(504,'looking'),
(504,'never'),
(504,'now'),
(504,'on.'),
(504,'put'),
(504,'raised'),
(504,'say'),
(504,'shaking'),
(504,'she'),
(504,'shoes'),
(504,'spoke'),
(504,'take'),
(504,'then'),
(504,'time.'),
(504,'tiptoe'),
(504,'to'),
(504,'uneasily'),
(504,'upon'),
(504,'was'),
(504,'you'),
(505,'359'),
(505,'again'),
(505,'agree'),
(505,'alice'),
(505,'and'),
(505,'be'),
(505,'but'),
(505,'certainly'),
(505,'dormouse'),
(505,'everything'),
(505,'felt'),
(505,'grand'),
(505,'grow'),
(505,'large'),
(505,'let'),
(505,'me'),
(505,'no'),
(505,'one'),
(505,'out.'),
(505,'ready'),
(505,'room'),
(505,'said'),
(505,'see:'),
(505,'that'),
(505,'theres'),
(505,'to'),
(505,'turned'),
(505,'up'),
(505,'who'),
(505,'would'),
(505,'you'),
(506,'46'),
(506,'burdette'),
(506,'cartwright'),
(506,'com'),
(506,'dickinson.newell@rau.com'),
(506,'elizabeth'),
(506,'mrs.'),
(506,'newell'),
(506,'out'),
(506,'rau'),
(506,'stamm'),
(506,'take'),
(506,'the'),
(506,'trash'),
(507,'360'),
(507,'a.'),
(507,'about'),
(507,'anxiously'),
(507,'be'),
(507,'doesnt'),
(507,'fifteenth'),
(507,'gryphon'),
(507,'help'),
(507,'her.'),
(507,'its'),
(507,'last'),
(507,'let'),
(507,'like'),
(507,'looking'),
(507,'me'),
(507,'oh'),
(507,'on'),
(507,'remark'),
(507,'said.'),
(507,'shall'),
(507,'she'),
(507,'the'),
(507,'this'),
(507,'to'),
(507,'undo'),
(507,'vegetable.'),
(507,'went'),
(508,'361'),
(508,'air.'),
(508,'alice'),
(508,'but'),
(508,'cats'),
(508,'cut'),
(508,'deeply'),
(508,'duchess'),
(508,'even'),
(508,'finger'),
(508,'got'),
(508,'if'),
(508,'in'),
(508,'ive'),
(508,'knave'),
(508,'like'),
(508,'minute'),
(508,'nurse'),
(508,'of.'),
(508,'passionate'),
(508,'replied'),
(508,'shrill'),
(508,'table'),
(508,'the'),
(508,'to'),
(508,'very'),
(508,'voice.'),
(508,'with'),
(508,'would'),
(508,'your'),
(509,'362'),
(509,'against'),
(509,'alice.'),
(509,'and.'),
(509,'as'),
(509,'authority'),
(509,'be'),
(509,'could'),
(509,'door'),
(509,'down'),
(509,'elbow'),
(509,'ever'),
(509,'hear'),
(509,'herself'),
(509,'it'),
(509,'lying'),
(509,'of'),
(509,'one'),
(509,'over'),
(509,'person'),
(509,'said'),
(509,'say'),
(509,'she'),
(509,'spoke.'),
(509,'stand'),
(509,'the'),
(509,'to'),
(509,'up'),
(509,'well'),
(509,'wet'),
(509,'will'),
(509,'with'),
(510,'47'),
(510,'administrator'),
(510,'burdette'),
(510,'cartwright'),
(510,'com'),
(510,'create'),
(510,'database'),
(510,'design'),
(510,'dickinson.newell@rau.com'),
(510,'elizabeth'),
(510,'mrs.'),
(510,'newell'),
(510,'rau'),
(510,'stamm'),
(510,'system'),
(511,'363'),
(511,'and'),
(511,'at.'),
(511,'be'),
(511,'curious'),
(511,'do.'),
(511,'dont'),
(511,'duchess'),
(511,'em'),
(511,'first'),
(511,'her'),
(511,'history'),
(511,'ill'),
(511,'its'),
(511,'ive'),
(511,'know'),
(511,'learn'),
(511,'most'),
(511,'not'),
(511,'of'),
(511,'said'),
(511,'say'),
(511,'she'),
(511,'should'),
(511,'speech.'),
(511,'tell'),
(511,'than'),
(511,'the'),
(511,'think'),
(511,'to'),
(511,'tried'),
(511,'very'),
(511,'your'),
(512,'364'),
(512,'and'),
(512,'at.'),
(512,'be'),
(512,'curious'),
(512,'do.'),
(512,'dont'),
(512,'duchess'),
(512,'em'),
(512,'first'),
(512,'her'),
(512,'history'),
(512,'ill'),
(512,'its'),
(512,'ive'),
(512,'know'),
(512,'learn'),
(512,'most'),
(512,'not'),
(512,'of'),
(512,'said'),
(512,'say'),
(512,'she'),
(512,'should'),
(512,'speech.'),
(512,'tell'),
(512,'than'),
(512,'the'),
(512,'think'),
(512,'to'),
(512,'tried'),
(512,'very'),
(512,'your'),
(513,'365'),
(513,'a.'),
(513,'about'),
(513,'anxiously'),
(513,'be'),
(513,'doesnt'),
(513,'fifteenth'),
(513,'gryphon'),
(513,'help'),
(513,'her.'),
(513,'its'),
(513,'last'),
(513,'let'),
(513,'like'),
(513,'looking'),
(513,'me'),
(513,'oh'),
(513,'on'),
(513,'remark'),
(513,'said.'),
(513,'shall'),
(513,'she'),
(513,'the'),
(513,'this'),
(513,'to'),
(513,'undo'),
(513,'vegetable.'),
(513,'went'),
(514,'366'),
(514,'alice'),
(514,'all.'),
(514,'already'),
(514,'and'),
(514,'at'),
(514,'both'),
(514,'bowed'),
(514,'came'),
(514,'curls'),
(514,'dormouse'),
(514,'dream:--'),
(514,'dreamed'),
(514,'entangled'),
(514,'first'),
(514,'got'),
(514,'her'),
(514,'in'),
(514,'it'),
(514,'laughed'),
(514,'little'),
(514,'low'),
(514,'much'),
(514,'of'),
(514,'pebbles'),
(514,'rattling'),
(514,'shall'),
(514,'she'),
(514,'so'),
(514,'that'),
(514,'their'),
(514,'they'),
(514,'together.'),
(514,'was'),
(515,'48'),
(515,'abbott'),
(515,'bigger'),
(515,'buy'),
(515,'cartwright'),
(515,'com'),
(515,'elizabeth'),
(515,'howe'),
(515,'mcclure'),
(515,'mr.'),
(515,'mrs.'),
(515,'rodrigo.mcclure@abbott.com'),
(515,'screens'),
(515,'shayne'),
(515,'tony'),
(515,'zemlak'),
(516,'367'),
(516,'all'),
(516,'and'),
(516,'at'),
(516,'cleared'),
(516,'couples:'),
(516,'hand'),
(516,'her'),
(516,'in'),
(516,'last'),
(516,'lying'),
(516,'mock'),
(516,'on'),
(516,'out'),
(516,'rabbits'),
(516,'round'),
(516,'salmon'),
(516,'seals'),
(516,'she'),
(516,'so'),
(516,'spread'),
(516,'the.'),
(516,'then'),
(516,'they'),
(516,'till'),
(516,'turtle.'),
(516,'turtles'),
(516,'voice'),
(516,'were'),
(516,'when'),
(516,'while'),
(516,'youve'),
(517,'368'),
(517,'all'),
(517,'be.'),
(517,'dry'),
(517,'duchess.'),
(517,'enough'),
(517,'for'),
(517,'from'),
(517,'grow'),
(517,'him'),
(517,'i'),
(517,'let'),
(517,'make'),
(517,'me'),
(517,'nowhere'),
(517,'one'),
(517,'returned'),
(517,'same'),
(517,'shorter.'),
(517,'side'),
(517,'solemn'),
(517,'they'),
(517,'think:'),
(517,'though'),
(517,'tone'),
(517,'was'),
(517,'were'),
(517,'will'),
(517,'you'),
(518,'369'),
(518,'alice'),
(518,'all.'),
(518,'already'),
(518,'and'),
(518,'at'),
(518,'both'),
(518,'bowed'),
(518,'came'),
(518,'curls'),
(518,'dormouse'),
(518,'dream:--'),
(518,'dreamed'),
(518,'entangled'),
(518,'first'),
(518,'got'),
(518,'her'),
(518,'in'),
(518,'it'),
(518,'laughed'),
(518,'little'),
(518,'low'),
(518,'much'),
(518,'of'),
(518,'pebbles'),
(518,'rattling'),
(518,'shall'),
(518,'she'),
(518,'so'),
(518,'that'),
(518,'their'),
(518,'they'),
(518,'together.'),
(518,'was'),
(519,'370'),
(519,'a.'),
(519,'about'),
(519,'anxiously'),
(519,'be'),
(519,'doesnt'),
(519,'fifteenth'),
(519,'gryphon'),
(519,'help'),
(519,'her.'),
(519,'its'),
(519,'last'),
(519,'let'),
(519,'like'),
(519,'looking'),
(519,'me'),
(519,'oh'),
(519,'on'),
(519,'remark'),
(519,'said.'),
(519,'shall'),
(519,'she'),
(519,'the'),
(519,'this'),
(519,'to'),
(519,'undo'),
(519,'vegetable.'),
(519,'went'),
(520,'49'),
(520,'burdette'),
(520,'cartwright'),
(520,'com'),
(520,'dickinson.newell@rau.com'),
(520,'discuss'),
(520,'elizabeth'),
(520,'for'),
(520,'jedidiah'),
(520,'mr.'),
(520,'mrs.'),
(520,'newell'),
(520,'next'),
(520,'rau'),
(520,'release'),
(520,'roadmap'),
(520,'stamm'),
(520,'tromp'),
(521,'371'),
(521,'air.'),
(521,'alice'),
(521,'but'),
(521,'cats'),
(521,'cut'),
(521,'deeply'),
(521,'duchess'),
(521,'even'),
(521,'finger'),
(521,'got'),
(521,'if'),
(521,'in'),
(521,'ive'),
(521,'knave'),
(521,'like'),
(521,'minute'),
(521,'nurse'),
(521,'of.'),
(521,'passionate'),
(521,'replied'),
(521,'shrill'),
(521,'table'),
(521,'the'),
(521,'to'),
(521,'very'),
(521,'voice.'),
(521,'with'),
(521,'would'),
(521,'your'),
(522,'372'),
(522,'all'),
(522,'be.'),
(522,'dry'),
(522,'duchess.'),
(522,'enough'),
(522,'for'),
(522,'from'),
(522,'grow'),
(522,'him'),
(522,'i'),
(522,'let'),
(522,'make'),
(522,'me'),
(522,'nowhere'),
(522,'one'),
(522,'returned'),
(522,'same'),
(522,'shorter.'),
(522,'side'),
(522,'solemn'),
(522,'they'),
(522,'think:'),
(522,'though'),
(522,'tone'),
(522,'was'),
(522,'were'),
(522,'will'),
(522,'you'),
(523,'50'),
(523,'burdette'),
(523,'camron'),
(523,'cartwright'),
(523,'com'),
(523,'dickinson.newell@rau.com'),
(523,'elizabeth'),
(523,'group-office'),
(523,'heller'),
(523,'mrs.'),
(523,'newell'),
(523,'office'),
(523,'on'),
(523,'penetration'),
(523,'perform'),
(523,'rau'),
(523,'sr.'),
(523,'stamm'),
(523,'tests'),
(523,'weekly'),
(524,'373'),
(524,'alice'),
(524,'all'),
(524,'and'),
(524,'been'),
(524,'bleeds'),
(524,'court'),
(524,'doing'),
(524,'hare'),
(524,'have'),
(524,'here'),
(524,'it'),
(524,'knife'),
(524,'looked'),
(524,'majesty'),
(524,'march'),
(524,'may'),
(524,'on'),
(524,'please'),
(524,'round'),
(524,'said'),
(524,'she.'),
(524,'still'),
(524,'the'),
(524,'to'),
(524,'usually'),
(524,'was'),
(524,'went'),
(524,'what'),
(524,'with'),
(524,'your'),
(525,'374'),
(525,'air:'),
(525,'are'),
(525,'cattle'),
(525,'cried'),
(525,'dinah'),
(525,'earnestly'),
(525,'first.'),
(525,'guests'),
(525,'had'),
(525,'her'),
(525,'his'),
(525,'in.'),
(525,'it'),
(525,'me'),
(525,'now'),
(525,'of'),
(525,'other'),
(525,'out'),
(525,'puzzled'),
(525,'rabbit'),
(525,'said'),
(525,'silence'),
(525,'taken'),
(525,'tell'),
(525,'the'),
(525,'very'),
(525,'watch'),
(525,'what'),
(525,'white'),
(525,'who'),
(525,'why'),
(525,'you'),
(526,'375'),
(526,'air.'),
(526,'alice'),
(526,'but'),
(526,'cats'),
(526,'cut'),
(526,'deeply'),
(526,'duchess'),
(526,'even'),
(526,'finger'),
(526,'got'),
(526,'if'),
(526,'in'),
(526,'ive'),
(526,'knave'),
(526,'like'),
(526,'minute'),
(526,'nurse'),
(526,'of.'),
(526,'passionate'),
(526,'replied'),
(526,'shrill'),
(526,'table'),
(526,'the'),
(526,'to'),
(526,'very'),
(526,'voice.'),
(526,'with'),
(526,'would'),
(526,'your'),
(527,'376'),
(527,'alice'),
(527,'and'),
(527,'as'),
(527,'certain.'),
(527,'could'),
(527,'curtsey'),
(527,'dormouse'),
(527,'dropped'),
(527,'felt'),
(527,'first'),
(527,'gloves'),
(527,'if'),
(527,'ill.'),
(527,'it'),
(527,'kid'),
(527,'please'),
(527,'rabbit'),
(527,'said'),
(527,'she'),
(527,'sir--'),
(527,'started'),
(527,'the'),
(527,'to'),
(527,'tried'),
(527,'verse'),
(527,'very'),
(527,'violently'),
(527,'was'),
(527,'white'),
(527,'you'),
(528,'--and'),
(528,'377'),
(528,'and'),
(528,'at'),
(528,'contemptuously.'),
(528,'dare'),
(528,'even'),
(528,'every'),
(528,'head'),
(528,'himself'),
(528,'his'),
(528,'it'),
(528,'just'),
(528,'looking'),
(528,'never'),
(528,'now'),
(528,'on.'),
(528,'put'),
(528,'raised'),
(528,'say'),
(528,'shaking'),
(528,'she'),
(528,'shoes'),
(528,'spoke'),
(528,'take'),
(528,'then'),
(528,'time.'),
(528,'tiptoe'),
(528,'to'),
(528,'uneasily'),
(528,'upon'),
(528,'was'),
(528,'you'),
(529,'51'),
(529,'admin@intermesh.localhost'),
(529,'administrator'),
(529,'burdette'),
(529,'coffee'),
(529,'intermesh'),
(529,'jr.'),
(529,'kirlin'),
(529,'localhost'),
(529,'more'),
(529,'order'),
(529,'prof.'),
(529,'simone'),
(529,'stamm'),
(529,'system'),
(530,'378'),
(530,'alice'),
(530,'at'),
(530,'behind'),
(530,'close'),
(530,'could'),
(530,'day.'),
(530,'down'),
(530,'gone'),
(530,'guilt'),
(530,'had'),
(530,'her'),
(530,'his'),
(530,'how'),
(530,'it'),
(530,'looked'),
(530,'mock'),
(530,'out'),
(530,'persisted.'),
(530,'poor.'),
(530,'proves'),
(530,'said'),
(530,'she'),
(530,'side.'),
(530,'that'),
(530,'them'),
(530,'through'),
(530,'trying'),
(530,'turn'),
(530,'turtle'),
(530,'was'),
(530,'when'),
(530,'with'),
(531,'379'),
(531,'alice'),
(531,'at'),
(531,'behind'),
(531,'close'),
(531,'could'),
(531,'day.'),
(531,'down'),
(531,'gone'),
(531,'guilt'),
(531,'had'),
(531,'her'),
(531,'his'),
(531,'how'),
(531,'it'),
(531,'looked'),
(531,'mock'),
(531,'out'),
(531,'persisted.'),
(531,'poor.'),
(531,'proves'),
(531,'said'),
(531,'she'),
(531,'side.'),
(531,'that'),
(531,'them'),
(531,'through'),
(531,'trying'),
(531,'turn'),
(531,'turtle'),
(531,'was'),
(531,'when'),
(531,'with'),
(532,'380'),
(532,'ah'),
(532,'alice.'),
(532,'all'),
(532,'am'),
(532,'and'),
(532,'begins'),
(532,'by'),
(532,'concert'),
(532,'course'),
(532,'from'),
(532,'given'),
(532,'great'),
(532,'hand'),
(532,'him'),
(532,'in'),
(532,'of'),
(532,'one'),
(532,'parchment'),
(532,'returned'),
(532,'said'),
(532,'scroll'),
(532,'thats'),
(532,'the.'),
(532,'to'),
(532,'trumpet'),
(532,'twinkling'),
(532,'way'),
(532,'with'),
(532,'world'),
(532,'you'),
(533,'381'),
(533,'a'),
(533,'can'),
(533,'dormouse.'),
(533,'extremely'),
(533,'eyes'),
(533,'feeling'),
(533,'for'),
(533,'fourteenth'),
(533,'getting'),
(533,'his'),
(533,'hot'),
(533,'its'),
(533,'little'),
(533,'march'),
(533,'minute'),
(533,'nose.'),
(533,'of'),
(533,'opened'),
(533,'or'),
(533,'remember'),
(533,'slowly'),
(533,'small'),
(533,'tea'),
(533,'that'),
(533,'the'),
(533,'think'),
(533,'to'),
(533,'two'),
(533,'upon'),
(533,'very.'),
(533,'were'),
(534,'52'),
(534,'board'),
(534,'broderick'),
(534,'com'),
(534,'demo@group-office.com'),
(534,'group'),
(534,'hauck'),
(534,'jr.'),
(534,'kirlin'),
(534,'meeting'),
(534,'mr.'),
(534,'office'),
(534,'prepare'),
(534,'prof.'),
(534,'shayne'),
(534,'simone'),
(534,'weekly'),
(534,'zemlak'),
(535,'382'),
(535,'alice'),
(535,'at'),
(535,'behind'),
(535,'close'),
(535,'could'),
(535,'day.'),
(535,'down'),
(535,'gone'),
(535,'guilt'),
(535,'had'),
(535,'her'),
(535,'his'),
(535,'how'),
(535,'it'),
(535,'looked'),
(535,'mock'),
(535,'out'),
(535,'persisted.'),
(535,'poor.'),
(535,'proves'),
(535,'said'),
(535,'she'),
(535,'side.'),
(535,'that'),
(535,'them'),
(535,'through'),
(535,'trying'),
(535,'turn'),
(535,'turtle'),
(535,'was'),
(535,'when'),
(535,'with'),
(536,'383'),
(536,'alice'),
(536,'all'),
(536,'and'),
(536,'been'),
(536,'bleeds'),
(536,'court'),
(536,'doing'),
(536,'hare'),
(536,'have'),
(536,'here'),
(536,'it'),
(536,'knife'),
(536,'looked'),
(536,'majesty'),
(536,'march'),
(536,'may'),
(536,'on'),
(536,'please'),
(536,'round'),
(536,'said'),
(536,'she.'),
(536,'still'),
(536,'the'),
(536,'to'),
(536,'usually'),
(536,'was'),
(536,'went'),
(536,'what'),
(536,'with'),
(536,'your'),
(537,'384'),
(537,'all'),
(537,'and'),
(537,'at'),
(537,'cleared'),
(537,'couples:'),
(537,'hand'),
(537,'her'),
(537,'in'),
(537,'last'),
(537,'lying'),
(537,'mock'),
(537,'on'),
(537,'out'),
(537,'rabbits'),
(537,'round'),
(537,'salmon'),
(537,'seals'),
(537,'she'),
(537,'so'),
(537,'spread'),
(537,'the.'),
(537,'then'),
(537,'they'),
(537,'till'),
(537,'turtle.'),
(537,'turtles'),
(537,'voice'),
(537,'were'),
(537,'when'),
(537,'while'),
(537,'youve'),
(538,'385'),
(538,'ah'),
(538,'alice.'),
(538,'all'),
(538,'am'),
(538,'and'),
(538,'begins'),
(538,'by'),
(538,'concert'),
(538,'course'),
(538,'from'),
(538,'given'),
(538,'great'),
(538,'hand'),
(538,'him'),
(538,'in'),
(538,'of'),
(538,'one'),
(538,'parchment'),
(538,'returned'),
(538,'said'),
(538,'scroll'),
(538,'thats'),
(538,'the.'),
(538,'to'),
(538,'trumpet'),
(538,'twinkling'),
(538,'way'),
(538,'with'),
(538,'world'),
(538,'you'),
(539,'386'),
(539,'ah'),
(539,'alice.'),
(539,'all'),
(539,'am'),
(539,'and'),
(539,'begins'),
(539,'by'),
(539,'concert'),
(539,'course'),
(539,'from'),
(539,'given'),
(539,'great'),
(539,'hand'),
(539,'him'),
(539,'in'),
(539,'of'),
(539,'one'),
(539,'parchment'),
(539,'returned'),
(539,'said'),
(539,'scroll'),
(539,'thats'),
(539,'the.'),
(539,'to'),
(539,'trumpet'),
(539,'twinkling'),
(539,'way'),
(539,'with'),
(539,'world'),
(539,'you'),
(540,'53'),
(540,'com'),
(540,'durgan'),
(540,'jr.'),
(540,'kirlin'),
(540,'lora94@pollich.com'),
(540,'nicklaus'),
(540,'out'),
(540,'pollich'),
(540,'prof.'),
(540,'simone'),
(540,'take'),
(540,'the'),
(540,'trash'),
(541,'387'),
(541,'alice'),
(541,'all'),
(541,'and'),
(541,'been'),
(541,'bleeds'),
(541,'court'),
(541,'doing'),
(541,'hare'),
(541,'have'),
(541,'here'),
(541,'it'),
(541,'knife'),
(541,'looked'),
(541,'majesty'),
(541,'march'),
(541,'may'),
(541,'on'),
(541,'please'),
(541,'round'),
(541,'said'),
(541,'she.'),
(541,'still'),
(541,'the'),
(541,'to'),
(541,'usually'),
(541,'was'),
(541,'went'),
(541,'what'),
(541,'with'),
(541,'your'),
(542,'388'),
(542,'a'),
(542,'can'),
(542,'dormouse.'),
(542,'extremely'),
(542,'eyes'),
(542,'feeling'),
(542,'for'),
(542,'fourteenth'),
(542,'getting'),
(542,'his'),
(542,'hot'),
(542,'its'),
(542,'little'),
(542,'march'),
(542,'minute'),
(542,'nose.'),
(542,'of'),
(542,'opened'),
(542,'or'),
(542,'remember'),
(542,'slowly'),
(542,'small'),
(542,'tea'),
(542,'that'),
(542,'the'),
(542,'think'),
(542,'to'),
(542,'two'),
(542,'upon'),
(542,'very.'),
(542,'were'),
(543,'389'),
(543,'alice'),
(543,'all.'),
(543,'already'),
(543,'and'),
(543,'at'),
(543,'both'),
(543,'bowed'),
(543,'came'),
(543,'curls'),
(543,'dormouse'),
(543,'dream:--'),
(543,'dreamed'),
(543,'entangled'),
(543,'first'),
(543,'got'),
(543,'her'),
(543,'in'),
(543,'it'),
(543,'laughed'),
(543,'little'),
(543,'low'),
(543,'much'),
(543,'of'),
(543,'pebbles'),
(543,'rattling'),
(543,'shall'),
(543,'she'),
(543,'so'),
(543,'that'),
(543,'their'),
(543,'they'),
(543,'together.'),
(543,'was'),
(544,'390'),
(544,'all'),
(544,'be.'),
(544,'dry'),
(544,'duchess.'),
(544,'enough'),
(544,'for'),
(544,'from'),
(544,'grow'),
(544,'him'),
(544,'i'),
(544,'let'),
(544,'make'),
(544,'me'),
(544,'nowhere'),
(544,'one'),
(544,'returned'),
(544,'same'),
(544,'shorter.'),
(544,'side'),
(544,'solemn'),
(544,'they'),
(544,'think:'),
(544,'though'),
(544,'tone'),
(544,'was'),
(544,'were'),
(544,'will'),
(544,'you'),
(545,'391'),
(545,'again.'),
(545,'alice'),
(545,'all'),
(545,'almost'),
(545,'and'),
(545,'at'),
(545,'began'),
(545,'by'),
(545,'dont'),
(545,'ear'),
(545,'fairly'),
(545,'furious'),
(545,'grunt'),
(545,'in'),
(545,'its'),
(545,'left'),
(545,'not'),
(545,'off'),
(545,'on'),
(545,'ought'),
(545,'out'),
(545,'passion'),
(545,'right'),
(545,'said'),
(545,'sneezing'),
(545,'thats'),
(545,'there'),
(545,'this'),
(545,'time.'),
(545,'to'),
(545,'went'),
(546,'54'),
(546,'administrator'),
(546,'automatic'),
(546,'botsford'),
(546,'com'),
(546,'fix'),
(546,'issue'),
(546,'johnny'),
(546,'jr.'),
(546,'kirlin'),
(546,'problem'),
(546,'prof.'),
(546,'simone'),
(546,'solver'),
(546,'system'),
(546,'with'),
(546,'zzieme@botsford.com'),
(547,'--and'),
(547,'392'),
(547,'and'),
(547,'at'),
(547,'contemptuously.'),
(547,'dare'),
(547,'even'),
(547,'every'),
(547,'head'),
(547,'himself'),
(547,'his'),
(547,'it'),
(547,'just'),
(547,'looking'),
(547,'never'),
(547,'now'),
(547,'on.'),
(547,'put'),
(547,'raised'),
(547,'say'),
(547,'shaking'),
(547,'she'),
(547,'shoes'),
(547,'spoke'),
(547,'take'),
(547,'then'),
(547,'time.'),
(547,'tiptoe'),
(547,'to'),
(547,'uneasily'),
(547,'upon'),
(547,'was'),
(547,'you'),
(548,'393'),
(548,'again'),
(548,'and'),
(548,'be.'),
(548,'chain'),
(548,'daisy-chain'),
(548,'feel'),
(548,'felt'),
(548,'fetch'),
(548,'involved'),
(548,'making'),
(548,'me'),
(548,'moment'),
(548,'no'),
(548,'of'),
(548,'pair'),
(548,'pleasure'),
(548,'room'),
(548,'she'),
(548,'sleepy'),
(548,'stop'),
(548,'stupid'),
(548,'sure'),
(548,'the'),
(548,'this'),
(548,'very'),
(548,'way'),
(548,'whether'),
(548,'wonder'),
(548,'would'),
(549,'394'),
(549,'and'),
(549,'antipathies'),
(549,'coast'),
(549,'despair'),
(549,'downward'),
(549,'english'),
(549,'find'),
(549,'gryphon'),
(549,'hand'),
(549,'hatter:'),
(549,'heads'),
(549,'her'),
(549,'in'),
(549,'long'),
(549,'on'),
(549,'put'),
(549,'said'),
(549,'she'),
(549,'so'),
(549,'that'),
(549,'their'),
(549,'they.'),
(549,'thing'),
(549,'think--'),
(549,'was'),
(549,'would'),
(549,'you'),
(550,'395'),
(550,'all'),
(550,'aloud'),
(550,'and'),
(550,'asked'),
(550,'both'),
(550,'creatures'),
(550,'existence'),
(550,'faces'),
(550,'for'),
(550,'had'),
(550,'he'),
(550,'hid'),
(550,'his'),
(550,'how'),
(550,'in'),
(550,'it'),
(550,'large'),
(550,'moment'),
(550,'now'),
(550,'places--all'),
(550,'proper'),
(550,'rabbit'),
(550,'repeated'),
(550,'she'),
(550,'still'),
(550,'their'),
(550,'turn'),
(550,'was'),
(550,'white'),
(550,'with.'),
(551,'--and'),
(551,'396'),
(551,'and'),
(551,'at'),
(551,'contemptuously.'),
(551,'dare'),
(551,'even'),
(551,'every'),
(551,'head'),
(551,'himself'),
(551,'his'),
(551,'it'),
(551,'just'),
(551,'looking'),
(551,'never'),
(551,'now'),
(551,'on.'),
(551,'put'),
(551,'raised'),
(551,'say'),
(551,'shaking'),
(551,'she'),
(551,'shoes'),
(551,'spoke'),
(551,'take'),
(551,'then'),
(551,'time.'),
(551,'tiptoe'),
(551,'to'),
(551,'uneasily'),
(551,'upon'),
(551,'was'),
(551,'you'),
(552,'55'),
(552,'abbott'),
(552,'about'),
(552,'broderick'),
(552,'call'),
(552,'com'),
(552,'energy'),
(552,'hauck'),
(552,'jr.'),
(552,'kirlin'),
(552,'mcclure'),
(552,'michael'),
(552,'mr.'),
(552,'prof.'),
(552,'project'),
(552,'rodrigo.mcclure@abbott.com'),
(552,'shayne'),
(552,'simone'),
(552,'zemlak'),
(553,'397'),
(553,'alice'),
(553,'all'),
(553,'and'),
(553,'been'),
(553,'bleeds'),
(553,'court'),
(553,'doing'),
(553,'hare'),
(553,'have'),
(553,'here'),
(553,'it'),
(553,'knife'),
(553,'looked'),
(553,'majesty'),
(553,'march'),
(553,'may'),
(553,'on'),
(553,'please'),
(553,'round'),
(553,'said'),
(553,'she.'),
(553,'still'),
(553,'the'),
(553,'to'),
(553,'usually'),
(553,'was'),
(553,'went'),
(553,'what'),
(553,'with'),
(553,'your'),
(554,'398'),
(554,'against'),
(554,'alice.'),
(554,'and.'),
(554,'as'),
(554,'authority'),
(554,'be'),
(554,'could'),
(554,'door'),
(554,'down'),
(554,'elbow'),
(554,'ever'),
(554,'hear'),
(554,'herself'),
(554,'it'),
(554,'lying'),
(554,'of'),
(554,'one'),
(554,'over'),
(554,'person'),
(554,'said'),
(554,'say'),
(554,'she'),
(554,'spoke.'),
(554,'stand'),
(554,'the'),
(554,'to'),
(554,'up'),
(554,'well'),
(554,'wet'),
(554,'will'),
(554,'with'),
(555,'399'),
(555,'ah'),
(555,'alice.'),
(555,'all'),
(555,'am'),
(555,'and'),
(555,'begins'),
(555,'by'),
(555,'concert'),
(555,'course'),
(555,'from'),
(555,'given'),
(555,'great'),
(555,'hand'),
(555,'him'),
(555,'in'),
(555,'of'),
(555,'one'),
(555,'parchment'),
(555,'returned'),
(555,'said'),
(555,'scroll'),
(555,'thats'),
(555,'the.'),
(555,'to'),
(555,'trumpet'),
(555,'twinkling'),
(555,'way'),
(555,'with'),
(555,'world'),
(555,'you'),
(556,'2.0'),
(556,'56'),
(556,'ashlee'),
(556,'beier'),
(556,'com'),
(556,'durgan'),
(556,'implement'),
(556,'jr.'),
(556,'kirlin'),
(556,'lora94@pollich.com'),
(556,'nicklaus'),
(556,'oauth'),
(556,'pollich'),
(556,'prof.'),
(556,'simone'),
(557,'400'),
(557,'a.'),
(557,'about'),
(557,'anxiously'),
(557,'be'),
(557,'doesnt'),
(557,'fifteenth'),
(557,'gryphon'),
(557,'help'),
(557,'her.'),
(557,'its'),
(557,'last'),
(557,'let'),
(557,'like'),
(557,'looking'),
(557,'me'),
(557,'oh'),
(557,'on'),
(557,'remark'),
(557,'said.'),
(557,'shall'),
(557,'she'),
(557,'the'),
(557,'this'),
(557,'to'),
(557,'undo'),
(557,'vegetable.'),
(557,'went'),
(558,'--and'),
(558,'401'),
(558,'and'),
(558,'at'),
(558,'contemptuously.'),
(558,'dare'),
(558,'even'),
(558,'every'),
(558,'head'),
(558,'himself'),
(558,'his'),
(558,'it'),
(558,'just'),
(558,'looking'),
(558,'never'),
(558,'now'),
(558,'on.'),
(558,'put'),
(558,'raised'),
(558,'say'),
(558,'shaking'),
(558,'she'),
(558,'shoes'),
(558,'spoke'),
(558,'take'),
(558,'then'),
(558,'time.'),
(558,'tiptoe'),
(558,'to'),
(558,'uneasily'),
(558,'upon'),
(558,'was'),
(558,'you'),
(559,'57'),
(559,'camron'),
(559,'com'),
(559,'create'),
(559,'database'),
(559,'design'),
(559,'durgan'),
(559,'ferne'),
(559,'heller'),
(559,'howe'),
(559,'nicklaus'),
(559,'nikolaus.ferne@rolfson.com'),
(559,'rolfson'),
(559,'sr.'),
(559,'tony'),
(560,'402'),
(560,'alice'),
(560,'all.'),
(560,'already'),
(560,'and'),
(560,'at'),
(560,'both'),
(560,'bowed'),
(560,'came'),
(560,'curls'),
(560,'dormouse'),
(560,'dream:--'),
(560,'dreamed'),
(560,'entangled'),
(560,'first'),
(560,'got'),
(560,'her'),
(560,'in'),
(560,'it'),
(560,'laughed'),
(560,'little'),
(560,'low'),
(560,'much'),
(560,'of'),
(560,'pebbles'),
(560,'rattling'),
(560,'shall'),
(560,'she'),
(560,'so'),
(560,'that'),
(560,'their'),
(560,'they'),
(560,'together.'),
(560,'was'),
(561,'--and'),
(561,'403'),
(561,'and'),
(561,'at'),
(561,'contemptuously.'),
(561,'dare'),
(561,'even'),
(561,'every'),
(561,'head'),
(561,'himself'),
(561,'his'),
(561,'it'),
(561,'just'),
(561,'looking'),
(561,'never'),
(561,'now'),
(561,'on.'),
(561,'put'),
(561,'raised'),
(561,'say'),
(561,'shaking'),
(561,'she'),
(561,'shoes'),
(561,'spoke'),
(561,'take'),
(561,'then'),
(561,'time.'),
(561,'tiptoe'),
(561,'to'),
(561,'uneasily'),
(561,'upon'),
(561,'was'),
(561,'you'),
(562,'404'),
(562,'alice'),
(562,'all.'),
(562,'already'),
(562,'and'),
(562,'at'),
(562,'both'),
(562,'bowed'),
(562,'came'),
(562,'curls'),
(562,'dormouse'),
(562,'dream:--'),
(562,'dreamed'),
(562,'entangled'),
(562,'first'),
(562,'got'),
(562,'her'),
(562,'in'),
(562,'it'),
(562,'laughed'),
(562,'little'),
(562,'low'),
(562,'much'),
(562,'of'),
(562,'pebbles'),
(562,'rattling'),
(562,'shall'),
(562,'she'),
(562,'so'),
(562,'that'),
(562,'their'),
(562,'they'),
(562,'together.'),
(562,'was'),
(563,'58'),
(563,'ashlee'),
(563,'beier'),
(563,'com'),
(563,'durgan'),
(563,'emacejkovic@heathcote.com'),
(563,'heathcote'),
(563,'id'),
(563,'implement'),
(563,'johnny'),
(563,'kirlin'),
(563,'nicklaus'),
(563,'open'),
(563,'prof.'),
(564,'405'),
(564,'all'),
(564,'aloud'),
(564,'and'),
(564,'asked'),
(564,'both'),
(564,'creatures'),
(564,'existence'),
(564,'faces'),
(564,'for'),
(564,'had'),
(564,'he'),
(564,'hid'),
(564,'his'),
(564,'how'),
(564,'in'),
(564,'it'),
(564,'large'),
(564,'moment'),
(564,'now'),
(564,'places--all'),
(564,'proper'),
(564,'rabbit'),
(564,'repeated'),
(564,'she'),
(564,'still'),
(564,'their'),
(564,'turn'),
(564,'was'),
(564,'white'),
(564,'with.'),
(565,'--and'),
(565,'406'),
(565,'and'),
(565,'at'),
(565,'contemptuously.'),
(565,'dare'),
(565,'even'),
(565,'every'),
(565,'head'),
(565,'himself'),
(565,'his'),
(565,'it'),
(565,'just'),
(565,'looking'),
(565,'never'),
(565,'now'),
(565,'on.'),
(565,'put'),
(565,'raised'),
(565,'say'),
(565,'shaking'),
(565,'she'),
(565,'shoes'),
(565,'spoke'),
(565,'take'),
(565,'then'),
(565,'time.'),
(565,'tiptoe'),
(565,'to'),
(565,'uneasily'),
(565,'upon'),
(565,'was'),
(565,'you'),
(566,'59'),
(566,'ashlee'),
(566,'automatic'),
(566,'beier'),
(566,'burdette'),
(566,'com'),
(566,'durgan'),
(566,'emacejkovic@heathcote.com'),
(566,'fix'),
(566,'heathcote'),
(566,'issue'),
(566,'nicklaus'),
(566,'problem'),
(566,'solver'),
(566,'stamm'),
(566,'with'),
(567,'407'),
(567,'all'),
(567,'aloud'),
(567,'and'),
(567,'asked'),
(567,'both'),
(567,'creatures'),
(567,'existence'),
(567,'faces'),
(567,'for'),
(567,'had'),
(567,'he'),
(567,'hid'),
(567,'his'),
(567,'how'),
(567,'in'),
(567,'it'),
(567,'large'),
(567,'moment'),
(567,'now'),
(567,'places--all'),
(567,'proper'),
(567,'rabbit'),
(567,'repeated'),
(567,'she'),
(567,'still'),
(567,'their'),
(567,'turn'),
(567,'was'),
(567,'white'),
(567,'with.'),
(568,'408'),
(568,'alice'),
(568,'all.'),
(568,'already'),
(568,'and'),
(568,'at'),
(568,'both'),
(568,'bowed'),
(568,'came'),
(568,'curls'),
(568,'dormouse'),
(568,'dream:--'),
(568,'dreamed'),
(568,'entangled'),
(568,'first'),
(568,'got'),
(568,'her'),
(568,'in'),
(568,'it'),
(568,'laughed'),
(568,'little'),
(568,'low'),
(568,'much'),
(568,'of'),
(568,'pebbles'),
(568,'rattling'),
(568,'shall'),
(568,'she'),
(568,'so'),
(568,'that'),
(568,'their'),
(568,'they'),
(568,'together.'),
(568,'was'),
(569,'409'),
(569,'alice'),
(569,'all'),
(569,'and'),
(569,'been'),
(569,'bleeds'),
(569,'court'),
(569,'doing'),
(569,'hare'),
(569,'have'),
(569,'here'),
(569,'it'),
(569,'knife'),
(569,'looked'),
(569,'majesty'),
(569,'march'),
(569,'may'),
(569,'on'),
(569,'please'),
(569,'round'),
(569,'said'),
(569,'she.'),
(569,'still'),
(569,'the'),
(569,'to'),
(569,'usually'),
(569,'was'),
(569,'went'),
(569,'what'),
(569,'with'),
(569,'your'),
(570,'410'),
(570,'ah'),
(570,'alice.'),
(570,'all'),
(570,'am'),
(570,'and'),
(570,'begins'),
(570,'by'),
(570,'concert'),
(570,'course'),
(570,'from'),
(570,'given'),
(570,'great'),
(570,'hand'),
(570,'him'),
(570,'in'),
(570,'of'),
(570,'one'),
(570,'parchment'),
(570,'returned'),
(570,'said'),
(570,'scroll'),
(570,'thats'),
(570,'the.'),
(570,'to'),
(570,'trumpet'),
(570,'twinkling'),
(570,'way'),
(570,'with'),
(570,'world'),
(570,'you'),
(571,'60'),
(571,'bigger'),
(571,'burdette'),
(571,'buy'),
(571,'cartwright'),
(571,'com'),
(571,'dickinson.newell@rau.com'),
(571,'durgan'),
(571,'elizabeth'),
(571,'mrs.'),
(571,'newell'),
(571,'nicklaus'),
(571,'rau'),
(571,'screens'),
(571,'stamm'),
(572,'411'),
(572,'again'),
(572,'agree'),
(572,'alice'),
(572,'and'),
(572,'be'),
(572,'but'),
(572,'certainly'),
(572,'dormouse'),
(572,'everything'),
(572,'felt'),
(572,'grand'),
(572,'grow'),
(572,'large'),
(572,'let'),
(572,'me'),
(572,'no'),
(572,'one'),
(572,'out.'),
(572,'ready'),
(572,'room'),
(572,'said'),
(572,'see:'),
(572,'that'),
(572,'theres'),
(572,'to'),
(572,'turned'),
(572,'up'),
(572,'who'),
(572,'would'),
(572,'you'),
(573,'18b80cb6-b3c0-5ef4-bdd9-cab3bcabb490'),
(573,'5ef4'),
(573,'administrator'),
(573,'and'),
(573,'b3c0'),
(573,'bdd9'),
(573,'cab3bcabb490'),
(573,'confirmed'),
(573,'ebf1e2'),
(573,'europe/amsterdam'),
(573,'event'),
(573,'kreiger'),
(573,'nader'),
(573,'office'),
(573,'ohara'),
(573,'system'),
(574,'18b80cb6-b3c0-5ef4-bdd9-cab3bcabb490'),
(574,'2'),
(574,'5ef4'),
(574,'and'),
(574,'b3c0'),
(574,'bdd9'),
(574,'cab3bcabb490'),
(574,'confirmed'),
(574,'ebf1e2'),
(574,'europe/amsterdam'),
(574,'event'),
(574,'johnny'),
(574,'kirlin'),
(574,'kreiger'),
(574,'nader'),
(574,'office'),
(574,'ohara'),
(574,'prof.'),
(575,'412'),
(575,'alice'),
(575,'all.'),
(575,'already'),
(575,'and'),
(575,'at'),
(575,'both'),
(575,'bowed'),
(575,'came'),
(575,'curls'),
(575,'dormouse'),
(575,'dream:--'),
(575,'dreamed'),
(575,'entangled'),
(575,'first'),
(575,'got'),
(575,'her'),
(575,'in'),
(575,'it'),
(575,'laughed'),
(575,'little'),
(575,'low'),
(575,'much'),
(575,'of'),
(575,'pebbles'),
(575,'rattling'),
(575,'shall'),
(575,'she'),
(575,'so'),
(575,'that'),
(575,'their'),
(575,'they'),
(575,'together.'),
(575,'was'),
(576,'3'),
(576,'4a135bb0-87a3-59fb-8ae6-c5683fb80321'),
(576,'59fb'),
(576,'87a3'),
(576,'8ae6'),
(576,'administrator'),
(576,'c5683fb80321'),
(576,'confirmed'),
(576,'ebf1e2'),
(576,'europe/amsterdam'),
(576,'event'),
(576,'osinski'),
(576,'stroman-osinski'),
(576,'system'),
(577,'4a135bb0-87a3-59fb-8ae6-c5683fb80321'),
(577,'59fb'),
(577,'87a3'),
(577,'8ae6'),
(577,'c5683fb80321'),
(577,'cartwright'),
(577,'confirmed'),
(577,'ebf1e2'),
(577,'elizabeth'),
(577,'europe/amsterdam'),
(577,'event'),
(577,'mrs.'),
(577,'osinski'),
(577,'stroman-osinski'),
(578,'4a135bb0-87a3-59fb-8ae6-c5683fb80321'),
(578,'59fb'),
(578,'87a3'),
(578,'8ae6'),
(578,'c5683fb80321'),
(578,'confirmed'),
(578,'ebf1e2'),
(578,'europe/amsterdam'),
(578,'event'),
(578,'johnny'),
(578,'kirlin'),
(578,'osinski'),
(578,'prof.'),
(578,'stroman-osinski'),
(579,'413'),
(579,'again'),
(579,'agree'),
(579,'alice'),
(579,'and'),
(579,'be'),
(579,'but'),
(579,'certainly'),
(579,'dormouse'),
(579,'everything'),
(579,'felt'),
(579,'grand'),
(579,'grow'),
(579,'large'),
(579,'let'),
(579,'me'),
(579,'no'),
(579,'one'),
(579,'out.'),
(579,'ready'),
(579,'room'),
(579,'said'),
(579,'see:'),
(579,'that'),
(579,'theres'),
(579,'to'),
(579,'turned'),
(579,'up'),
(579,'who'),
(579,'would'),
(579,'you'),
(580,'414'),
(580,'accounts'),
(580,'ah'),
(580,'be'),
(580,'but'),
(580,'chain'),
(580,'daisy-chain'),
(580,'dont'),
(580,'five'),
(580,'for'),
(580,'in'),
(580,'it'),
(580,'learn'),
(580,'like'),
(580,'making'),
(580,'music.'),
(580,'of'),
(580,'pleased'),
(580,'pleasure'),
(580,'pray'),
(580,'said'),
(580,'say'),
(580,'soothing.'),
(580,'that'),
(580,'the'),
(580,'tone.'),
(580,'trouble'),
(580,'whether'),
(580,'would'),
(580,'yourself'),
(581,'415'),
(581,'all'),
(581,'aloud'),
(581,'and'),
(581,'asked'),
(581,'both'),
(581,'creatures'),
(581,'existence'),
(581,'faces'),
(581,'for'),
(581,'had'),
(581,'he'),
(581,'hid'),
(581,'his'),
(581,'how'),
(581,'in'),
(581,'it'),
(581,'large'),
(581,'moment'),
(581,'now'),
(581,'places--all'),
(581,'proper'),
(581,'rabbit'),
(581,'repeated'),
(581,'she'),
(581,'still'),
(581,'their'),
(581,'turn'),
(581,'was'),
(581,'white'),
(581,'with.'),
(582,'54e84deed6c5'),
(582,'5f92'),
(582,'6'),
(582,'8eb6'),
(582,'982381b8-8eb6-5f92-b103-54e84deed6c5'),
(582,'administrator'),
(582,'b103'),
(582,'confirmed'),
(582,'ebf1e2'),
(582,'europe/amsterdam'),
(582,'event'),
(582,'group'),
(582,'lind'),
(582,'office'),
(582,'system'),
(583,'54e84deed6c5'),
(583,'5f92'),
(583,'7'),
(583,'8eb6'),
(583,'982381b8-8eb6-5f92-b103-54e84deed6c5'),
(583,'b103'),
(583,'cartwright'),
(583,'confirmed'),
(583,'ebf1e2'),
(583,'elizabeth'),
(583,'europe/amsterdam'),
(583,'event'),
(583,'group'),
(583,'lind'),
(583,'mrs.'),
(583,'office'),
(584,'54e84deed6c5'),
(584,'5f92'),
(584,'8eb6'),
(584,'982381b8-8eb6-5f92-b103-54e84deed6c5'),
(584,'b103'),
(584,'confirmed'),
(584,'ebf1e2'),
(584,'europe/amsterdam'),
(584,'event'),
(584,'group'),
(584,'jedidiah'),
(584,'lind'),
(584,'mr.'),
(584,'office'),
(584,'tromp'),
(585,'416'),
(585,'air:'),
(585,'are'),
(585,'cattle'),
(585,'cried'),
(585,'dinah'),
(585,'earnestly'),
(585,'first.'),
(585,'guests'),
(585,'had'),
(585,'her'),
(585,'his'),
(585,'in.'),
(585,'it'),
(585,'me'),
(585,'now'),
(585,'of'),
(585,'other'),
(585,'out'),
(585,'puzzled'),
(585,'rabbit'),
(585,'said'),
(585,'silence'),
(585,'taken'),
(585,'tell'),
(585,'the'),
(585,'very'),
(585,'watch'),
(585,'what'),
(585,'white'),
(585,'who'),
(585,'why'),
(585,'you'),
(586,'417'),
(586,'and'),
(586,'at.'),
(586,'be'),
(586,'curious'),
(586,'do.'),
(586,'dont'),
(586,'duchess'),
(586,'em'),
(586,'first'),
(586,'her'),
(586,'history'),
(586,'ill'),
(586,'its'),
(586,'ive'),
(586,'know'),
(586,'learn'),
(586,'most'),
(586,'not'),
(586,'of'),
(586,'said'),
(586,'say'),
(586,'she'),
(586,'should'),
(586,'speech.'),
(586,'tell'),
(586,'than'),
(586,'the'),
(586,'think'),
(586,'to'),
(586,'tried'),
(586,'very'),
(586,'your'),
(587,'418'),
(587,'air.'),
(587,'alice'),
(587,'but'),
(587,'cats'),
(587,'cut'),
(587,'deeply'),
(587,'duchess'),
(587,'even'),
(587,'finger'),
(587,'got'),
(587,'if'),
(587,'in'),
(587,'ive'),
(587,'knave'),
(587,'like'),
(587,'minute'),
(587,'nurse'),
(587,'of.'),
(587,'passionate'),
(587,'replied'),
(587,'shrill'),
(587,'table'),
(587,'the'),
(587,'to'),
(587,'very'),
(587,'voice.'),
(587,'with'),
(587,'would'),
(587,'your'),
(588,'419'),
(588,'alice'),
(588,'at'),
(588,'behind'),
(588,'close'),
(588,'could'),
(588,'day.'),
(588,'down'),
(588,'gone'),
(588,'guilt'),
(588,'had'),
(588,'her'),
(588,'his'),
(588,'how'),
(588,'it'),
(588,'looked'),
(588,'mock'),
(588,'out'),
(588,'persisted.'),
(588,'poor.'),
(588,'proves'),
(588,'said'),
(588,'she'),
(588,'side.'),
(588,'that'),
(588,'them'),
(588,'through'),
(588,'trying'),
(588,'turn'),
(588,'turtle'),
(588,'was'),
(588,'when'),
(588,'with'),
(589,'1570c4da-ffbd-5054-af2a-d5c8848b4275'),
(589,'5054'),
(589,'9'),
(589,'administrator'),
(589,'af2a'),
(589,'confirmed'),
(589,'d5c8848b4275'),
(589,'ebf1e2'),
(589,'europe/amsterdam'),
(589,'event'),
(589,'ffbd'),
(589,'konopelski'),
(589,'lynch-konopelski'),
(589,'system'),
(590,'10'),
(590,'1570c4da-ffbd-5054-af2a-d5c8848b4275'),
(590,'5054'),
(590,'af2a'),
(590,'ashlee'),
(590,'beier'),
(590,'confirmed'),
(590,'d5c8848b4275'),
(590,'ebf1e2'),
(590,'europe/amsterdam'),
(590,'event'),
(590,'ffbd'),
(590,'konopelski'),
(590,'lynch-konopelski'),
(591,'11'),
(591,'1570c4da-ffbd-5054-af2a-d5c8848b4275'),
(591,'5054'),
(591,'af2a'),
(591,'cartwright'),
(591,'confirmed'),
(591,'d5c8848b4275'),
(591,'ebf1e2'),
(591,'elizabeth'),
(591,'europe/amsterdam'),
(591,'event'),
(591,'ffbd'),
(591,'konopelski'),
(591,'lynch-konopelski'),
(591,'mrs.'),
(592,'420'),
(592,'all'),
(592,'and'),
(592,'at'),
(592,'cleared'),
(592,'couples:'),
(592,'hand'),
(592,'her'),
(592,'in'),
(592,'last'),
(592,'lying'),
(592,'mock'),
(592,'on'),
(592,'out'),
(592,'rabbits'),
(592,'round'),
(592,'salmon'),
(592,'seals'),
(592,'she'),
(592,'so'),
(592,'spread'),
(592,'the.'),
(592,'then'),
(592,'they'),
(592,'till'),
(592,'turtle.'),
(592,'turtles'),
(592,'voice'),
(592,'were'),
(592,'when'),
(592,'while'),
(592,'youve'),
(593,'421'),
(593,'a'),
(593,'can'),
(593,'dormouse.'),
(593,'extremely'),
(593,'eyes'),
(593,'feeling'),
(593,'for'),
(593,'fourteenth'),
(593,'getting'),
(593,'his'),
(593,'hot'),
(593,'its'),
(593,'little'),
(593,'march'),
(593,'minute'),
(593,'nose.'),
(593,'of'),
(593,'opened'),
(593,'or'),
(593,'remember'),
(593,'slowly'),
(593,'small'),
(593,'tea'),
(593,'that'),
(593,'the'),
(593,'think'),
(593,'to'),
(593,'two'),
(593,'upon'),
(593,'very.'),
(593,'were'),
(594,'--and'),
(594,'422'),
(594,'and'),
(594,'at'),
(594,'contemptuously.'),
(594,'dare'),
(594,'even'),
(594,'every'),
(594,'head'),
(594,'himself'),
(594,'his'),
(594,'it'),
(594,'just'),
(594,'looking'),
(594,'never'),
(594,'now'),
(594,'on.'),
(594,'put'),
(594,'raised'),
(594,'say'),
(594,'shaking'),
(594,'she'),
(594,'shoes'),
(594,'spoke'),
(594,'take'),
(594,'then'),
(594,'time.'),
(594,'tiptoe'),
(594,'to'),
(594,'uneasily'),
(594,'upon'),
(594,'was'),
(594,'you'),
(595,'423'),
(595,'and'),
(595,'antipathies'),
(595,'coast'),
(595,'despair'),
(595,'downward'),
(595,'english'),
(595,'find'),
(595,'gryphon'),
(595,'hand'),
(595,'hatter:'),
(595,'heads'),
(595,'her'),
(595,'in'),
(595,'long'),
(595,'on'),
(595,'put'),
(595,'said'),
(595,'she'),
(595,'so'),
(595,'that'),
(595,'their'),
(595,'they.'),
(595,'thing'),
(595,'think--'),
(595,'was'),
(595,'would'),
(595,'you'),
(596,'0dc5'),
(596,'12'),
(596,'5746'),
(596,'8d0b'),
(596,'administrator'),
(596,'barton'),
(596,'cb0b052e-0dc5-5746-8d0b-efc08f30f570'),
(596,'confirmed'),
(596,'ebf1e2'),
(596,'efc08f30f570'),
(596,'europe/amsterdam'),
(596,'event'),
(596,'office'),
(596,'plc'),
(596,'system'),
(597,'0dc5'),
(597,'13'),
(597,'5746'),
(597,'8d0b'),
(597,'barton'),
(597,'cb0b052e-0dc5-5746-8d0b-efc08f30f570'),
(597,'confirmed'),
(597,'ebf1e2'),
(597,'efc08f30f570'),
(597,'europe/amsterdam'),
(597,'event'),
(597,'howe'),
(597,'office'),
(597,'plc'),
(597,'tony'),
(598,'0dc5'),
(598,'14'),
(598,'5746'),
(598,'8d0b'),
(598,'barton'),
(598,'broderick'),
(598,'cb0b052e-0dc5-5746-8d0b-efc08f30f570'),
(598,'confirmed'),
(598,'ebf1e2'),
(598,'efc08f30f570'),
(598,'europe/amsterdam'),
(598,'event'),
(598,'hauck'),
(598,'mr.'),
(598,'office'),
(598,'plc'),
(599,'424'),
(599,'air.'),
(599,'alice'),
(599,'but'),
(599,'cats'),
(599,'cut'),
(599,'deeply'),
(599,'duchess'),
(599,'even'),
(599,'finger'),
(599,'got'),
(599,'if'),
(599,'in'),
(599,'ive'),
(599,'knave'),
(599,'like'),
(599,'minute'),
(599,'nurse'),
(599,'of.'),
(599,'passionate'),
(599,'replied'),
(599,'shrill'),
(599,'table'),
(599,'the'),
(599,'to'),
(599,'very'),
(599,'voice.'),
(599,'with'),
(599,'would'),
(599,'your'),
(600,'425'),
(600,'all'),
(600,'aloud'),
(600,'and'),
(600,'asked'),
(600,'both'),
(600,'creatures'),
(600,'existence'),
(600,'faces'),
(600,'for'),
(600,'had'),
(600,'he'),
(600,'hid'),
(600,'his'),
(600,'how'),
(600,'in'),
(600,'it'),
(600,'large'),
(600,'moment'),
(600,'now'),
(600,'places--all'),
(600,'proper'),
(600,'rabbit'),
(600,'repeated'),
(600,'she'),
(600,'still'),
(600,'their'),
(600,'turn'),
(600,'was'),
(600,'white'),
(600,'with.'),
(601,'426'),
(601,'all'),
(601,'aloud'),
(601,'and'),
(601,'asked'),
(601,'both'),
(601,'creatures'),
(601,'existence'),
(601,'faces'),
(601,'for'),
(601,'had'),
(601,'he'),
(601,'hid'),
(601,'his'),
(601,'how'),
(601,'in'),
(601,'it'),
(601,'large'),
(601,'moment'),
(601,'now'),
(601,'places--all'),
(601,'proper'),
(601,'rabbit'),
(601,'repeated'),
(601,'she'),
(601,'still'),
(601,'their'),
(601,'turn'),
(601,'was'),
(601,'white'),
(601,'with.'),
(602,'427'),
(602,'alice'),
(602,'all'),
(602,'and'),
(602,'been'),
(602,'bleeds'),
(602,'court'),
(602,'doing'),
(602,'hare'),
(602,'have'),
(602,'here'),
(602,'it'),
(602,'knife'),
(602,'looked'),
(602,'majesty'),
(602,'march'),
(602,'may'),
(602,'on'),
(602,'please'),
(602,'round'),
(602,'said'),
(602,'she.'),
(602,'still'),
(602,'the'),
(602,'to'),
(602,'usually'),
(602,'was'),
(602,'went'),
(602,'what'),
(602,'with'),
(602,'your'),
(603,'15'),
(603,'529d'),
(603,'56ffab81efaa'),
(603,'5737'),
(603,'8c38'),
(603,'and'),
(603,'bailey'),
(603,'broderick'),
(603,'confirmed'),
(603,'ebf1e2'),
(603,'europe/amsterdam'),
(603,'event'),
(603,'fdaaeda8-529d-5737-8c38-56ffab81efaa'),
(603,'gusikowski'),
(603,'hauck'),
(603,'kassulke'),
(603,'mr.'),
(603,'online'),
(604,'16'),
(604,'529d'),
(604,'56ffab81efaa'),
(604,'5737'),
(604,'8c38'),
(604,'and'),
(604,'bailey'),
(604,'camron'),
(604,'confirmed'),
(604,'ebf1e2'),
(604,'europe/amsterdam'),
(604,'event'),
(604,'fdaaeda8-529d-5737-8c38-56ffab81efaa'),
(604,'gusikowski'),
(604,'heller'),
(604,'kassulke'),
(604,'online'),
(604,'sr.'),
(605,'428'),
(605,'alice'),
(605,'at'),
(605,'behind'),
(605,'close'),
(605,'could'),
(605,'day.'),
(605,'down'),
(605,'gone'),
(605,'guilt'),
(605,'had'),
(605,'her'),
(605,'his'),
(605,'how'),
(605,'it'),
(605,'looked'),
(605,'mock'),
(605,'out'),
(605,'persisted.'),
(605,'poor.'),
(605,'proves'),
(605,'said'),
(605,'she'),
(605,'side.'),
(605,'that'),
(605,'them'),
(605,'through'),
(605,'trying'),
(605,'turn'),
(605,'turtle'),
(605,'was'),
(605,'when'),
(605,'with'),
(606,'429'),
(606,'alice'),
(606,'and'),
(606,'as'),
(606,'certain.'),
(606,'could'),
(606,'curtsey'),
(606,'dormouse'),
(606,'dropped'),
(606,'felt'),
(606,'first'),
(606,'gloves'),
(606,'if'),
(606,'ill.'),
(606,'it'),
(606,'kid'),
(606,'please'),
(606,'rabbit'),
(606,'said'),
(606,'she'),
(606,'sir--'),
(606,'started'),
(606,'the'),
(606,'to'),
(606,'tried'),
(606,'verse'),
(606,'very'),
(606,'violently'),
(606,'was'),
(606,'white'),
(606,'you'),
(607,'17'),
(607,'5e6d'),
(607,'8490'),
(607,'98cb'),
(607,'9af4f204-8490-5e6d-98cb-c02954cfd49c'),
(607,'and'),
(607,'boyle'),
(607,'broderick'),
(607,'c02954cfd49c'),
(607,'confirmed'),
(607,'crist'),
(607,'dare'),
(607,'ebf1e2'),
(607,'europe/amsterdam'),
(607,'event'),
(607,'hauck'),
(607,'mr.'),
(607,'online'),
(608,'18'),
(608,'5e6d'),
(608,'8490'),
(608,'98cb'),
(608,'9af4f204-8490-5e6d-98cb-c02954cfd49c'),
(608,'and'),
(608,'boyle'),
(608,'c02954cfd49c'),
(608,'confirmed'),
(608,'crist'),
(608,'dare'),
(608,'ebf1e2'),
(608,'europe/amsterdam'),
(608,'event'),
(608,'howe'),
(608,'online'),
(608,'tony'),
(609,'19'),
(609,'5e6d'),
(609,'8490'),
(609,'98cb'),
(609,'9af4f204-8490-5e6d-98cb-c02954cfd49c'),
(609,'and'),
(609,'boyle'),
(609,'c02954cfd49c'),
(609,'confirmed'),
(609,'crist'),
(609,'dare'),
(609,'ebf1e2'),
(609,'europe/amsterdam'),
(609,'event'),
(609,'mr.'),
(609,'online'),
(609,'shayne'),
(609,'zemlak'),
(610,'430'),
(610,'again'),
(610,'agree'),
(610,'alice'),
(610,'and'),
(610,'be'),
(610,'but'),
(610,'certainly'),
(610,'dormouse'),
(610,'everything'),
(610,'felt'),
(610,'grand'),
(610,'grow'),
(610,'large'),
(610,'let'),
(610,'me'),
(610,'no'),
(610,'one'),
(610,'out.'),
(610,'ready'),
(610,'room'),
(610,'said'),
(610,'see:'),
(610,'that'),
(610,'theres'),
(610,'to'),
(610,'turned'),
(610,'up'),
(610,'who'),
(610,'would'),
(610,'you'),
(611,'20'),
(611,'2636d3cadb75'),
(611,'2ab2'),
(611,'51d35b18-2ab2-53d0-a6c4-2636d3cadb75'),
(611,'53d0'),
(611,'a6c4'),
(611,'broderick'),
(611,'confirmed'),
(611,'ebf1e2'),
(611,'europe/amsterdam'),
(611,'event'),
(611,'hauck'),
(611,'mr.'),
(611,'online'),
(611,'rice'),
(611,'runte-rice'),
(612,'21'),
(612,'2636d3cadb75'),
(612,'2ab2'),
(612,'51d35b18-2ab2-53d0-a6c4-2636d3cadb75'),
(612,'53d0'),
(612,'a6c4'),
(612,'burdette'),
(612,'confirmed'),
(612,'ebf1e2'),
(612,'europe/amsterdam'),
(612,'event'),
(612,'online'),
(612,'rice'),
(612,'runte-rice'),
(612,'stamm'),
(613,'22'),
(613,'2636d3cadb75'),
(613,'2ab2'),
(613,'51d35b18-2ab2-53d0-a6c4-2636d3cadb75'),
(613,'53d0'),
(613,'a6c4'),
(613,'cartwright'),
(613,'confirmed'),
(613,'ebf1e2'),
(613,'elizabeth'),
(613,'europe/amsterdam'),
(613,'event'),
(613,'mrs.'),
(613,'online'),
(613,'rice'),
(613,'runte-rice'),
(614,'431'),
(614,'alice'),
(614,'at'),
(614,'behind'),
(614,'close'),
(614,'could'),
(614,'day.'),
(614,'down'),
(614,'gone'),
(614,'guilt'),
(614,'had'),
(614,'her'),
(614,'his'),
(614,'how'),
(614,'it'),
(614,'looked'),
(614,'mock'),
(614,'out'),
(614,'persisted.'),
(614,'poor.'),
(614,'proves'),
(614,'said'),
(614,'she'),
(614,'side.'),
(614,'that'),
(614,'them'),
(614,'through'),
(614,'trying'),
(614,'turn'),
(614,'turtle'),
(614,'was'),
(614,'when'),
(614,'with'),
(615,'432'),
(615,'alice'),
(615,'all.'),
(615,'already'),
(615,'and'),
(615,'at'),
(615,'both'),
(615,'bowed'),
(615,'came'),
(615,'curls'),
(615,'dormouse'),
(615,'dream:--'),
(615,'dreamed'),
(615,'entangled'),
(615,'first'),
(615,'got'),
(615,'her'),
(615,'in'),
(615,'it'),
(615,'laughed'),
(615,'little'),
(615,'low'),
(615,'much'),
(615,'of'),
(615,'pebbles'),
(615,'rattling'),
(615,'shall'),
(615,'she'),
(615,'so'),
(615,'that'),
(615,'their'),
(615,'they'),
(615,'together.'),
(615,'was'),
(616,'23'),
(616,'50bb'),
(616,'6eb6'),
(616,'9594'),
(616,'ab4b1e6a-6eb6-50bb-9594-b2c078cd8d98'),
(616,'b2c078cd8d98'),
(616,'broderick'),
(616,'confirmed'),
(616,'ebf1e2'),
(616,'europe/amsterdam'),
(616,'event'),
(616,'hauck'),
(616,'llc'),
(616,'mr.'),
(616,'online'),
(616,'trantow'),
(617,'24'),
(617,'50bb'),
(617,'6eb6'),
(617,'9594'),
(617,'ab4b1e6a-6eb6-50bb-9594-b2c078cd8d98'),
(617,'b2c078cd8d98'),
(617,'cartwright'),
(617,'confirmed'),
(617,'ebf1e2'),
(617,'elizabeth'),
(617,'europe/amsterdam'),
(617,'event'),
(617,'llc'),
(617,'mrs.'),
(617,'online'),
(617,'trantow'),
(618,'25'),
(618,'50bb'),
(618,'6eb6'),
(618,'9594'),
(618,'ab4b1e6a-6eb6-50bb-9594-b2c078cd8d98'),
(618,'ashlee'),
(618,'b2c078cd8d98'),
(618,'beier'),
(618,'confirmed'),
(618,'ebf1e2'),
(618,'europe/amsterdam'),
(618,'event'),
(618,'llc'),
(618,'online'),
(618,'trantow'),
(619,'433'),
(619,'accounts'),
(619,'ah'),
(619,'be'),
(619,'but'),
(619,'chain'),
(619,'daisy-chain'),
(619,'dont'),
(619,'five'),
(619,'for'),
(619,'in'),
(619,'it'),
(619,'learn'),
(619,'like'),
(619,'making'),
(619,'music.'),
(619,'of'),
(619,'pleased'),
(619,'pleasure'),
(619,'pray'),
(619,'said'),
(619,'say'),
(619,'soothing.'),
(619,'that'),
(619,'the'),
(619,'tone.'),
(619,'trouble'),
(619,'whether'),
(619,'would'),
(619,'yourself'),
(620,'26'),
(620,'5611'),
(620,'b06d'),
(620,'b2a66d57f508'),
(620,'b36d'),
(620,'broderick'),
(620,'confirmed'),
(620,'e7c96153-b36d-5611-b06d-b2a66d57f508'),
(620,'ebf1e2'),
(620,'europe/amsterdam'),
(620,'event'),
(620,'hauck'),
(620,'lang'),
(620,'mr.'),
(620,'office'),
(620,'prohaska-lang'),
(621,'27'),
(621,'5611'),
(621,'b06d'),
(621,'b2a66d57f508'),
(621,'b36d'),
(621,'confirmed'),
(621,'e7c96153-b36d-5611-b06d-b2a66d57f508'),
(621,'ebf1e2'),
(621,'europe/amsterdam'),
(621,'event'),
(621,'johnny'),
(621,'kirlin'),
(621,'lang'),
(621,'office'),
(621,'prof.'),
(621,'prohaska-lang'),
(622,'28'),
(622,'5611'),
(622,'b06d'),
(622,'b2a66d57f508'),
(622,'b36d'),
(622,'burdette'),
(622,'confirmed'),
(622,'e7c96153-b36d-5611-b06d-b2a66d57f508'),
(622,'ebf1e2'),
(622,'europe/amsterdam'),
(622,'event'),
(622,'lang'),
(622,'office'),
(622,'prohaska-lang'),
(622,'stamm'),
(623,'434'),
(623,'a'),
(623,'can'),
(623,'dormouse.'),
(623,'extremely'),
(623,'eyes'),
(623,'feeling'),
(623,'for'),
(623,'fourteenth'),
(623,'getting'),
(623,'his'),
(623,'hot'),
(623,'its'),
(623,'little'),
(623,'march'),
(623,'minute'),
(623,'nose.'),
(623,'of'),
(623,'opened'),
(623,'or'),
(623,'remember'),
(623,'slowly'),
(623,'small'),
(623,'tea'),
(623,'that'),
(623,'the'),
(623,'think'),
(623,'to'),
(623,'two'),
(623,'upon'),
(623,'very.'),
(623,'were'),
(624,'1bc5e1b1-c303-522b-b3c4-a99d539a4e75'),
(624,'29'),
(624,'522b'),
(624,'a99d539a4e75'),
(624,'b3c4'),
(624,'c303'),
(624,'confirmed'),
(624,'ebf1e2'),
(624,'europe/amsterdam'),
(624,'event'),
(624,'fisher'),
(624,'inc'),
(624,'jedidiah'),
(624,'mr.'),
(624,'tromp'),
(625,'1bc5e1b1-c303-522b-b3c4-a99d539a4e75'),
(625,'30'),
(625,'522b'),
(625,'a99d539a4e75'),
(625,'b3c4'),
(625,'c303'),
(625,'camron'),
(625,'confirmed'),
(625,'ebf1e2'),
(625,'europe/amsterdam'),
(625,'event'),
(625,'fisher'),
(625,'heller'),
(625,'inc'),
(625,'sr.'),
(626,'1bc5e1b1-c303-522b-b3c4-a99d539a4e75'),
(626,'31'),
(626,'522b'),
(626,'a99d539a4e75'),
(626,'administrator'),
(626,'b3c4'),
(626,'c303'),
(626,'confirmed'),
(626,'ebf1e2'),
(626,'europe/amsterdam'),
(626,'event'),
(626,'fisher'),
(626,'inc'),
(626,'system'),
(627,'435'),
(627,'all'),
(627,'aloud'),
(627,'and'),
(627,'asked'),
(627,'both'),
(627,'creatures'),
(627,'existence'),
(627,'faces'),
(627,'for'),
(627,'had'),
(627,'he'),
(627,'hid'),
(627,'his'),
(627,'how'),
(627,'in'),
(627,'it'),
(627,'large'),
(627,'moment'),
(627,'now'),
(627,'places--all'),
(627,'proper'),
(627,'rabbit'),
(627,'repeated'),
(627,'she'),
(627,'still'),
(627,'their'),
(627,'turn'),
(627,'was'),
(627,'white'),
(627,'with.'),
(628,'436'),
(628,'alice'),
(628,'at'),
(628,'behind'),
(628,'close'),
(628,'could'),
(628,'day.'),
(628,'down'),
(628,'gone'),
(628,'guilt'),
(628,'had'),
(628,'her'),
(628,'his'),
(628,'how'),
(628,'it'),
(628,'looked'),
(628,'mock'),
(628,'out'),
(628,'persisted.'),
(628,'poor.'),
(628,'proves'),
(628,'said'),
(628,'she'),
(628,'side.'),
(628,'that'),
(628,'them'),
(628,'through'),
(628,'trying'),
(628,'turn'),
(628,'turtle'),
(628,'was'),
(628,'when'),
(628,'with'),
(629,'1afb1206-b6c8-5bf2-9c55-20ac82cf325a'),
(629,'20ac82cf325a'),
(629,'32'),
(629,'5bf2'),
(629,'9c55'),
(629,'b6c8'),
(629,'confirmed'),
(629,'ebf1e2'),
(629,'europe/amsterdam'),
(629,'event'),
(629,'jedidiah'),
(629,'mr.'),
(629,'plc'),
(629,'quitzon'),
(629,'tromp'),
(630,'1afb1206-b6c8-5bf2-9c55-20ac82cf325a'),
(630,'20ac82cf325a'),
(630,'33'),
(630,'5bf2'),
(630,'9c55'),
(630,'administrator'),
(630,'b6c8'),
(630,'confirmed'),
(630,'ebf1e2'),
(630,'europe/amsterdam'),
(630,'event'),
(630,'plc'),
(630,'quitzon'),
(630,'system'),
(631,'1afb1206-b6c8-5bf2-9c55-20ac82cf325a'),
(631,'20ac82cf325a'),
(631,'34'),
(631,'5bf2'),
(631,'9c55'),
(631,'b6c8'),
(631,'confirmed'),
(631,'ebf1e2'),
(631,'europe/amsterdam'),
(631,'event'),
(631,'johnny'),
(631,'kirlin'),
(631,'plc'),
(631,'prof.'),
(631,'quitzon'),
(632,'437'),
(632,'all'),
(632,'be.'),
(632,'dry'),
(632,'duchess.'),
(632,'enough'),
(632,'for'),
(632,'from'),
(632,'grow'),
(632,'him'),
(632,'i'),
(632,'let'),
(632,'make'),
(632,'me'),
(632,'nowhere'),
(632,'one'),
(632,'returned'),
(632,'same'),
(632,'shorter.'),
(632,'side'),
(632,'solemn'),
(632,'they'),
(632,'think:'),
(632,'though'),
(632,'tone'),
(632,'was'),
(632,'were'),
(632,'will'),
(632,'you'),
(633,'35'),
(633,'50e5bad1-cecd-5f12-9615-ac8f18ff794f'),
(633,'5f12'),
(633,'9615'),
(633,'ac8f18ff794f'),
(633,'and'),
(633,'cecd'),
(633,'collier'),
(633,'confirmed'),
(633,'customer'),
(633,'ebf1e2'),
(633,'europe/amsterdam'),
(633,'event'),
(633,'jedidiah'),
(633,'king'),
(633,'mr.'),
(633,'spinka'),
(633,'tromp'),
(634,'36'),
(634,'50e5bad1-cecd-5f12-9615-ac8f18ff794f'),
(634,'5f12'),
(634,'9615'),
(634,'ac8f18ff794f'),
(634,'and'),
(634,'cecd'),
(634,'collier'),
(634,'confirmed'),
(634,'customer'),
(634,'ebf1e2'),
(634,'europe/amsterdam'),
(634,'event'),
(634,'howe'),
(634,'king'),
(634,'spinka'),
(634,'tony'),
(635,'37'),
(635,'50e5bad1-cecd-5f12-9615-ac8f18ff794f'),
(635,'5f12'),
(635,'9615'),
(635,'ac8f18ff794f'),
(635,'and'),
(635,'ashlee'),
(635,'beier'),
(635,'cecd'),
(635,'collier'),
(635,'confirmed'),
(635,'customer'),
(635,'ebf1e2'),
(635,'europe/amsterdam'),
(635,'event'),
(635,'king'),
(635,'spinka'),
(636,'438'),
(636,'alice'),
(636,'at'),
(636,'behind'),
(636,'close'),
(636,'could'),
(636,'day.'),
(636,'down'),
(636,'gone'),
(636,'guilt'),
(636,'had'),
(636,'her'),
(636,'his'),
(636,'how'),
(636,'it'),
(636,'looked'),
(636,'mock'),
(636,'out'),
(636,'persisted.'),
(636,'poor.'),
(636,'proves'),
(636,'said'),
(636,'she'),
(636,'side.'),
(636,'that'),
(636,'them'),
(636,'through'),
(636,'trying'),
(636,'turn'),
(636,'turtle'),
(636,'was'),
(636,'when'),
(636,'with'),
(637,'439'),
(637,'a'),
(637,'can'),
(637,'dormouse.'),
(637,'extremely'),
(637,'eyes'),
(637,'feeling'),
(637,'for'),
(637,'fourteenth'),
(637,'getting'),
(637,'his'),
(637,'hot'),
(637,'its'),
(637,'little'),
(637,'march'),
(637,'minute'),
(637,'nose.'),
(637,'of'),
(637,'opened'),
(637,'or'),
(637,'remember'),
(637,'slowly'),
(637,'small'),
(637,'tea'),
(637,'that'),
(637,'the'),
(637,'think'),
(637,'to'),
(637,'two'),
(637,'upon'),
(637,'very.'),
(637,'were'),
(638,'--and'),
(638,'440'),
(638,'and'),
(638,'at'),
(638,'contemptuously.'),
(638,'dare'),
(638,'even'),
(638,'every'),
(638,'head'),
(638,'himself'),
(638,'his'),
(638,'it'),
(638,'just'),
(638,'looking'),
(638,'never'),
(638,'now'),
(638,'on.'),
(638,'put'),
(638,'raised'),
(638,'say'),
(638,'shaking'),
(638,'she'),
(638,'shoes'),
(638,'spoke'),
(638,'take'),
(638,'then'),
(638,'time.'),
(638,'tiptoe'),
(638,'to'),
(638,'uneasily'),
(638,'upon'),
(638,'was'),
(638,'you'),
(639,'441'),
(639,'alice'),
(639,'at'),
(639,'behind'),
(639,'close'),
(639,'could'),
(639,'day.'),
(639,'down'),
(639,'gone'),
(639,'guilt'),
(639,'had'),
(639,'her'),
(639,'his'),
(639,'how'),
(639,'it'),
(639,'looked'),
(639,'mock'),
(639,'out'),
(639,'persisted.'),
(639,'poor.'),
(639,'proves'),
(639,'said'),
(639,'she'),
(639,'side.'),
(639,'that'),
(639,'them'),
(639,'through'),
(639,'trying'),
(639,'turn'),
(639,'turtle'),
(639,'was'),
(639,'when'),
(639,'with'),
(640,'359fe1e1-b098-5c77-9bb2-496bfd8552a9'),
(640,'38'),
(640,'496bfd8552a9'),
(640,'5c77'),
(640,'9bb2'),
(640,'b098'),
(640,'cole'),
(640,'confirmed'),
(640,'ebf1e2'),
(640,'europe/amsterdam'),
(640,'event'),
(640,'jedidiah'),
(640,'johnston-cole'),
(640,'mr.'),
(640,'online'),
(640,'tromp'),
(641,'359fe1e1-b098-5c77-9bb2-496bfd8552a9'),
(641,'39'),
(641,'496bfd8552a9'),
(641,'5c77'),
(641,'9bb2'),
(641,'b098'),
(641,'cartwright'),
(641,'cole'),
(641,'confirmed'),
(641,'ebf1e2'),
(641,'elizabeth'),
(641,'europe/amsterdam'),
(641,'event'),
(641,'johnston-cole'),
(641,'mrs.'),
(641,'online'),
(642,'359fe1e1-b098-5c77-9bb2-496bfd8552a9'),
(642,'40'),
(642,'496bfd8552a9'),
(642,'5c77'),
(642,'9bb2'),
(642,'administrator'),
(642,'b098'),
(642,'cole'),
(642,'confirmed'),
(642,'ebf1e2'),
(642,'europe/amsterdam'),
(642,'event'),
(642,'johnston-cole'),
(642,'online'),
(642,'system'),
(643,'442'),
(643,'all'),
(643,'be.'),
(643,'dry'),
(643,'duchess.'),
(643,'enough'),
(643,'for'),
(643,'from'),
(643,'grow'),
(643,'him'),
(643,'i'),
(643,'let'),
(643,'make'),
(643,'me'),
(643,'nowhere'),
(643,'one'),
(643,'returned'),
(643,'same'),
(643,'shorter.'),
(643,'side'),
(643,'solemn'),
(643,'they'),
(643,'think:'),
(643,'though'),
(643,'tone'),
(643,'was'),
(643,'were'),
(643,'will'),
(643,'you'),
(644,'1bd4'),
(644,'41'),
(644,'5ade'),
(644,'7a43ec59-1bd4-5ade-bc5a-b98326de0cbd'),
(644,'b98326de0cbd'),
(644,'bc5a'),
(644,'confirmed'),
(644,'ebf1e2'),
(644,'europe/amsterdam'),
(644,'event'),
(644,'hessel'),
(644,'jedidiah'),
(644,'kling-hessel'),
(644,'mr.'),
(644,'office'),
(644,'tromp'),
(645,'1bd4'),
(645,'42'),
(645,'5ade'),
(645,'7a43ec59-1bd4-5ade-bc5a-b98326de0cbd'),
(645,'b98326de0cbd'),
(645,'bc5a'),
(645,'confirmed'),
(645,'ebf1e2'),
(645,'europe/amsterdam'),
(645,'event'),
(645,'hessel'),
(645,'johnny'),
(645,'kirlin'),
(645,'kling-hessel'),
(645,'office'),
(645,'prof.'),
(646,'1bd4'),
(646,'43'),
(646,'5ade'),
(646,'7a43ec59-1bd4-5ade-bc5a-b98326de0cbd'),
(646,'b98326de0cbd'),
(646,'bc5a'),
(646,'cartwright'),
(646,'confirmed'),
(646,'ebf1e2'),
(646,'elizabeth'),
(646,'europe/amsterdam'),
(646,'event'),
(646,'hessel'),
(646,'kling-hessel'),
(646,'mrs.'),
(646,'office'),
(647,'443'),
(647,'air.'),
(647,'alice'),
(647,'but'),
(647,'cats'),
(647,'cut'),
(647,'deeply'),
(647,'duchess'),
(647,'even'),
(647,'finger'),
(647,'got'),
(647,'if'),
(647,'in'),
(647,'ive'),
(647,'knave'),
(647,'like'),
(647,'minute'),
(647,'nurse'),
(647,'of.'),
(647,'passionate'),
(647,'replied'),
(647,'shrill'),
(647,'table'),
(647,'the'),
(647,'to'),
(647,'very'),
(647,'voice.'),
(647,'with'),
(647,'would'),
(647,'your'),
(648,'44'),
(648,'59d6'),
(648,'9382'),
(648,'a3486bbc6904'),
(648,'ashlee'),
(648,'beier'),
(648,'c3f7f778-ff51-59d6-9382-a3486bbc6904'),
(648,'confirmed'),
(648,'ebf1e2'),
(648,'europe/amsterdam'),
(648,'event'),
(648,'ff51'),
(648,'jast'),
(648,'llc'),
(648,'office'),
(649,'45'),
(649,'59d6'),
(649,'9382'),
(649,'a3486bbc6904'),
(649,'c3f7f778-ff51-59d6-9382-a3486bbc6904'),
(649,'confirmed'),
(649,'ebf1e2'),
(649,'europe/amsterdam'),
(649,'event'),
(649,'ff51'),
(649,'howe'),
(649,'jast'),
(649,'llc'),
(649,'office'),
(649,'tony'),
(650,'46'),
(650,'59d6'),
(650,'9382'),
(650,'a3486bbc6904'),
(650,'c3f7f778-ff51-59d6-9382-a3486bbc6904'),
(650,'confirmed'),
(650,'ebf1e2'),
(650,'europe/amsterdam'),
(650,'event'),
(650,'ff51'),
(650,'jast'),
(650,'johnny'),
(650,'kirlin'),
(650,'llc'),
(650,'office'),
(650,'prof.'),
(651,'444'),
(651,'a'),
(651,'can'),
(651,'dormouse.'),
(651,'extremely'),
(651,'eyes'),
(651,'feeling'),
(651,'for'),
(651,'fourteenth'),
(651,'getting'),
(651,'his'),
(651,'hot'),
(651,'its'),
(651,'little'),
(651,'march'),
(651,'minute'),
(651,'nose.'),
(651,'of'),
(651,'opened'),
(651,'or'),
(651,'remember'),
(651,'slowly'),
(651,'small'),
(651,'tea'),
(651,'that'),
(651,'the'),
(651,'think'),
(651,'to'),
(651,'two'),
(651,'upon'),
(651,'very.'),
(651,'were'),
(652,'445'),
(652,'ah'),
(652,'alice.'),
(652,'all'),
(652,'am'),
(652,'and'),
(652,'begins'),
(652,'by'),
(652,'concert'),
(652,'course'),
(652,'from'),
(652,'given'),
(652,'great'),
(652,'hand'),
(652,'him'),
(652,'in'),
(652,'of'),
(652,'one'),
(652,'parchment'),
(652,'returned'),
(652,'said'),
(652,'scroll'),
(652,'thats'),
(652,'the.'),
(652,'to'),
(652,'trumpet'),
(652,'twinkling'),
(652,'way'),
(652,'with'),
(652,'world'),
(652,'you'),
(653,'446'),
(653,'all'),
(653,'be.'),
(653,'dry'),
(653,'duchess.'),
(653,'enough'),
(653,'for'),
(653,'from'),
(653,'grow'),
(653,'him'),
(653,'i'),
(653,'let'),
(653,'make'),
(653,'me'),
(653,'nowhere'),
(653,'one'),
(653,'returned'),
(653,'same'),
(653,'shorter.'),
(653,'side'),
(653,'solemn'),
(653,'they'),
(653,'think:'),
(653,'though'),
(653,'tone'),
(653,'was'),
(653,'were'),
(653,'will'),
(653,'you'),
(654,'47'),
(654,'5a3e'),
(654,'8b43'),
(654,'ashlee'),
(654,'beier'),
(654,'c247d0aed5f2'),
(654,'c794'),
(654,'confirmed'),
(654,'e198f42c-c794-5a3e-8b43-c247d0aed5f2'),
(654,'ebf1e2'),
(654,'europe/amsterdam'),
(654,'event'),
(654,'glover'),
(654,'online'),
(654,'rau-glover'),
(655,'48'),
(655,'5a3e'),
(655,'8b43'),
(655,'c247d0aed5f2'),
(655,'c794'),
(655,'confirmed'),
(655,'e198f42c-c794-5a3e-8b43-c247d0aed5f2'),
(655,'ebf1e2'),
(655,'europe/amsterdam'),
(655,'event'),
(655,'glover'),
(655,'mr.'),
(655,'online'),
(655,'rau-glover'),
(655,'shayne'),
(655,'zemlak'),
(656,'49'),
(656,'5a3e'),
(656,'8b43'),
(656,'administrator'),
(656,'c247d0aed5f2'),
(656,'c794'),
(656,'confirmed'),
(656,'e198f42c-c794-5a3e-8b43-c247d0aed5f2'),
(656,'ebf1e2'),
(656,'europe/amsterdam'),
(656,'event'),
(656,'glover'),
(656,'online'),
(656,'rau-glover'),
(656,'system'),
(657,'447'),
(657,'against'),
(657,'alice.'),
(657,'and.'),
(657,'as'),
(657,'authority'),
(657,'be'),
(657,'could'),
(657,'door'),
(657,'down'),
(657,'elbow'),
(657,'ever'),
(657,'hear'),
(657,'herself'),
(657,'it'),
(657,'lying'),
(657,'of'),
(657,'one'),
(657,'over'),
(657,'person'),
(657,'said'),
(657,'say'),
(657,'she'),
(657,'spoke.'),
(657,'stand'),
(657,'the'),
(657,'to'),
(657,'up'),
(657,'well'),
(657,'wet'),
(657,'will'),
(657,'with'),
(658,'448'),
(658,'and'),
(658,'at.'),
(658,'be'),
(658,'curious'),
(658,'do.'),
(658,'dont'),
(658,'duchess'),
(658,'em'),
(658,'first'),
(658,'her'),
(658,'history'),
(658,'ill'),
(658,'its'),
(658,'ive'),
(658,'know'),
(658,'learn'),
(658,'most'),
(658,'not'),
(658,'of'),
(658,'said'),
(658,'say'),
(658,'she'),
(658,'should'),
(658,'speech.'),
(658,'tell'),
(658,'than'),
(658,'the'),
(658,'think'),
(658,'to'),
(658,'tried'),
(658,'very'),
(658,'your'),
(659,'449'),
(659,'alice'),
(659,'and'),
(659,'as'),
(659,'certain.'),
(659,'could'),
(659,'curtsey'),
(659,'dormouse'),
(659,'dropped'),
(659,'felt'),
(659,'first'),
(659,'gloves'),
(659,'if'),
(659,'ill.'),
(659,'it'),
(659,'kid'),
(659,'please'),
(659,'rabbit'),
(659,'said'),
(659,'she'),
(659,'sir--'),
(659,'started'),
(659,'the'),
(659,'to'),
(659,'tried'),
(659,'verse'),
(659,'very'),
(659,'violently'),
(659,'was'),
(659,'white'),
(659,'you'),
(660,'07c96fe04846'),
(660,'50'),
(660,'51f0'),
(660,'5345'),
(660,'9813'),
(660,'ashlee'),
(660,'b919a268-5345-51f0-9813-07c96fe04846'),
(660,'beier'),
(660,'confirmed'),
(660,'ebf1e2'),
(660,'europe/amsterdam'),
(660,'event'),
(660,'ltd'),
(660,'online'),
(660,'stoltenberg'),
(661,'07c96fe04846'),
(661,'51f0'),
(661,'5345'),
(661,'9813'),
(661,'b919a268-5345-51f0-9813-07c96fe04846'),
(661,'confirmed'),
(661,'ebf1e2'),
(661,'europe/amsterdam'),
(661,'event'),
(661,'jedidiah'),
(661,'ltd'),
(661,'mr.'),
(661,'online'),
(661,'stoltenberg'),
(661,'tromp'),
(662,'07c96fe04846'),
(662,'51f0'),
(662,'52'),
(662,'5345'),
(662,'9813'),
(662,'b919a268-5345-51f0-9813-07c96fe04846'),
(662,'confirmed'),
(662,'ebf1e2'),
(662,'europe/amsterdam'),
(662,'event'),
(662,'ltd'),
(662,'mr.'),
(662,'online'),
(662,'shayne'),
(662,'stoltenberg'),
(662,'zemlak'),
(663,'450'),
(663,'alice'),
(663,'and'),
(663,'as'),
(663,'certain.'),
(663,'could'),
(663,'curtsey'),
(663,'dormouse'),
(663,'dropped'),
(663,'felt'),
(663,'first'),
(663,'gloves'),
(663,'if'),
(663,'ill.'),
(663,'it'),
(663,'kid'),
(663,'please'),
(663,'rabbit'),
(663,'said'),
(663,'she'),
(663,'sir--'),
(663,'started'),
(663,'the'),
(663,'to'),
(663,'tried'),
(663,'verse'),
(663,'very'),
(663,'violently'),
(663,'was'),
(663,'white'),
(663,'you'),
(664,'5147'),
(664,'52c7'),
(664,'53'),
(664,'857c'),
(664,'a0170486-52c7-5147-857c-bb3e79eea229'),
(664,'and'),
(664,'ashlee'),
(664,'bb3e79eea229'),
(664,'beier'),
(664,'confirmed'),
(664,'ebf1e2'),
(664,'europe/amsterdam'),
(664,'event'),
(664,'office'),
(664,'orn'),
(664,'pacocha'),
(664,'toy'),
(665,'5147'),
(665,'52c7'),
(665,'54'),
(665,'857c'),
(665,'a0170486-52c7-5147-857c-bb3e79eea229'),
(665,'and'),
(665,'bb3e79eea229'),
(665,'camron'),
(665,'confirmed'),
(665,'ebf1e2'),
(665,'europe/amsterdam'),
(665,'event'),
(665,'heller'),
(665,'office'),
(665,'orn'),
(665,'pacocha'),
(665,'sr.'),
(665,'toy'),
(666,'5147'),
(666,'52c7'),
(666,'55'),
(666,'857c'),
(666,'a0170486-52c7-5147-857c-bb3e79eea229'),
(666,'and'),
(666,'bb3e79eea229'),
(666,'burdette'),
(666,'confirmed'),
(666,'ebf1e2'),
(666,'europe/amsterdam'),
(666,'event'),
(666,'office'),
(666,'orn'),
(666,'pacocha'),
(666,'stamm'),
(666,'toy'),
(667,'451'),
(667,'and'),
(667,'at.'),
(667,'be'),
(667,'curious'),
(667,'do.'),
(667,'dont'),
(667,'duchess'),
(667,'em'),
(667,'first'),
(667,'her'),
(667,'history'),
(667,'ill'),
(667,'its'),
(667,'ive'),
(667,'know'),
(667,'learn'),
(667,'most'),
(667,'not'),
(667,'of'),
(667,'said'),
(667,'say'),
(667,'she'),
(667,'should'),
(667,'speech.'),
(667,'tell'),
(667,'than'),
(667,'the'),
(667,'think'),
(667,'to'),
(667,'tried'),
(667,'very'),
(667,'your'),
(668,'41a7a4deb4dd'),
(668,'5345'),
(668,'56'),
(668,'6fee'),
(668,'8d13'),
(668,'ae45108f-6fee-5345-8d13-41a7a4deb4dd'),
(668,'and'),
(668,'ashlee'),
(668,'beier'),
(668,'brakus'),
(668,'confirmed'),
(668,'ebf1e2'),
(668,'europe/amsterdam'),
(668,'event'),
(668,'krajcik'),
(668,'office'),
(668,'roberts'),
(669,'41a7a4deb4dd'),
(669,'5345'),
(669,'57'),
(669,'6fee'),
(669,'8d13'),
(669,'ae45108f-6fee-5345-8d13-41a7a4deb4dd'),
(669,'and'),
(669,'brakus'),
(669,'burdette'),
(669,'confirmed'),
(669,'ebf1e2'),
(669,'europe/amsterdam'),
(669,'event'),
(669,'krajcik'),
(669,'office'),
(669,'roberts'),
(669,'stamm'),
(670,'41a7a4deb4dd'),
(670,'5345'),
(670,'58'),
(670,'6fee'),
(670,'8d13'),
(670,'administrator'),
(670,'ae45108f-6fee-5345-8d13-41a7a4deb4dd'),
(670,'and'),
(670,'brakus'),
(670,'confirmed'),
(670,'ebf1e2'),
(670,'europe/amsterdam'),
(670,'event'),
(670,'krajcik'),
(670,'office'),
(670,'roberts'),
(670,'system'),
(671,'452'),
(671,'alice'),
(671,'all'),
(671,'and'),
(671,'been'),
(671,'bleeds'),
(671,'court'),
(671,'doing'),
(671,'hare'),
(671,'have'),
(671,'here'),
(671,'it'),
(671,'knife'),
(671,'looked'),
(671,'majesty'),
(671,'march'),
(671,'may'),
(671,'on'),
(671,'please'),
(671,'round'),
(671,'said'),
(671,'she.'),
(671,'still'),
(671,'the'),
(671,'to'),
(671,'usually'),
(671,'was'),
(671,'went'),
(671,'what'),
(671,'with'),
(671,'your'),
(672,'453'),
(672,'again.'),
(672,'alice'),
(672,'all'),
(672,'almost'),
(672,'and'),
(672,'at'),
(672,'began'),
(672,'by'),
(672,'dont'),
(672,'ear'),
(672,'fairly'),
(672,'furious'),
(672,'grunt'),
(672,'in'),
(672,'its'),
(672,'left'),
(672,'not'),
(672,'off'),
(672,'on'),
(672,'ought'),
(672,'out'),
(672,'passion'),
(672,'right'),
(672,'said'),
(672,'sneezing'),
(672,'thats'),
(672,'there'),
(672,'this'),
(672,'time.'),
(672,'to'),
(672,'went'),
(673,'454'),
(673,'all'),
(673,'and'),
(673,'at'),
(673,'cleared'),
(673,'couples:'),
(673,'hand'),
(673,'her'),
(673,'in'),
(673,'last'),
(673,'lying'),
(673,'mock'),
(673,'on'),
(673,'out'),
(673,'rabbits'),
(673,'round'),
(673,'salmon'),
(673,'seals'),
(673,'she'),
(673,'so'),
(673,'spread'),
(673,'the.'),
(673,'then'),
(673,'they'),
(673,'till'),
(673,'turtle.'),
(673,'turtles'),
(673,'voice'),
(673,'were'),
(673,'when'),
(673,'while'),
(673,'youve'),
(674,'455'),
(674,'again.'),
(674,'alice'),
(674,'all'),
(674,'almost'),
(674,'and'),
(674,'at'),
(674,'began'),
(674,'by'),
(674,'dont'),
(674,'ear'),
(674,'fairly'),
(674,'furious'),
(674,'grunt'),
(674,'in'),
(674,'its'),
(674,'left'),
(674,'not'),
(674,'off'),
(674,'on'),
(674,'ought'),
(674,'out'),
(674,'passion'),
(674,'right'),
(674,'said'),
(674,'sneezing'),
(674,'thats'),
(674,'there'),
(674,'this'),
(674,'time.'),
(674,'to'),
(674,'went'),
(675,'1459e56c-9bc4-540e-8bf3-d54ca1d0def9'),
(675,'540e'),
(675,'59'),
(675,'8bf3'),
(675,'9bc4'),
(675,'confirmed'),
(675,'d54ca1d0def9'),
(675,'ebf1e2'),
(675,'europe/amsterdam'),
(675,'event'),
(675,'howe'),
(675,'nolan'),
(675,'office'),
(675,'plc'),
(675,'tony'),
(676,'1459e56c-9bc4-540e-8bf3-d54ca1d0def9'),
(676,'540e'),
(676,'60'),
(676,'8bf3'),
(676,'9bc4'),
(676,'administrator'),
(676,'confirmed'),
(676,'d54ca1d0def9'),
(676,'ebf1e2'),
(676,'europe/amsterdam'),
(676,'event'),
(676,'nolan'),
(676,'office'),
(676,'plc'),
(676,'system'),
(677,'456'),
(677,'again'),
(677,'and'),
(677,'be.'),
(677,'chain'),
(677,'daisy-chain'),
(677,'feel'),
(677,'felt'),
(677,'fetch'),
(677,'involved'),
(677,'making'),
(677,'me'),
(677,'moment'),
(677,'no'),
(677,'of'),
(677,'pair'),
(677,'pleasure'),
(677,'room'),
(677,'she'),
(677,'sleepy'),
(677,'stop'),
(677,'stupid'),
(677,'sure'),
(677,'the'),
(677,'this'),
(677,'very'),
(677,'way'),
(677,'whether'),
(677,'wonder'),
(677,'would'),
(678,'590fefd99dbf'),
(678,'5c4e'),
(678,'61'),
(678,'ab44'),
(678,'and'),
(678,'bruen'),
(678,'confirmed'),
(678,'connelly'),
(678,'customer'),
(678,'d6fdbf05-e535-5c4e-ab44-590fefd99dbf'),
(678,'e535'),
(678,'ebf1e2'),
(678,'europe/amsterdam'),
(678,'event'),
(678,'howe'),
(678,'lang'),
(678,'tony'),
(679,'590fefd99dbf'),
(679,'5c4e'),
(679,'62'),
(679,'ab44'),
(679,'and'),
(679,'bruen'),
(679,'camron'),
(679,'confirmed'),
(679,'connelly'),
(679,'customer'),
(679,'d6fdbf05-e535-5c4e-ab44-590fefd99dbf'),
(679,'e535'),
(679,'ebf1e2'),
(679,'europe/amsterdam'),
(679,'event'),
(679,'heller'),
(679,'lang'),
(679,'sr.'),
(680,'590fefd99dbf'),
(680,'5c4e'),
(680,'63'),
(680,'ab44'),
(680,'and'),
(680,'broderick'),
(680,'bruen'),
(680,'confirmed'),
(680,'connelly'),
(680,'customer'),
(680,'d6fdbf05-e535-5c4e-ab44-590fefd99dbf'),
(680,'e535'),
(680,'ebf1e2'),
(680,'europe/amsterdam'),
(680,'event'),
(680,'hauck'),
(680,'lang'),
(680,'mr.'),
(681,'457'),
(681,'again'),
(681,'agree'),
(681,'alice'),
(681,'and'),
(681,'be'),
(681,'but'),
(681,'certainly'),
(681,'dormouse'),
(681,'everything'),
(681,'felt'),
(681,'grand'),
(681,'grow'),
(681,'large'),
(681,'let'),
(681,'me'),
(681,'no'),
(681,'one'),
(681,'out.'),
(681,'ready'),
(681,'room'),
(681,'said'),
(681,'see:'),
(681,'that'),
(681,'theres'),
(681,'to'),
(681,'turned'),
(681,'up'),
(681,'who'),
(681,'would'),
(681,'you'),
(682,'458'),
(682,'alice'),
(682,'all.'),
(682,'already'),
(682,'and'),
(682,'at'),
(682,'both'),
(682,'bowed'),
(682,'came'),
(682,'curls'),
(682,'dormouse'),
(682,'dream:--'),
(682,'dreamed'),
(682,'entangled'),
(682,'first'),
(682,'got'),
(682,'her'),
(682,'in'),
(682,'it'),
(682,'laughed'),
(682,'little'),
(682,'low'),
(682,'much'),
(682,'of'),
(682,'pebbles'),
(682,'rattling'),
(682,'shall'),
(682,'she'),
(682,'so'),
(682,'that'),
(682,'their'),
(682,'they'),
(682,'together.'),
(682,'was'),
(683,'459'),
(683,'alice'),
(683,'all'),
(683,'and'),
(683,'been'),
(683,'bleeds'),
(683,'court'),
(683,'doing'),
(683,'hare'),
(683,'have'),
(683,'here'),
(683,'it'),
(683,'knife'),
(683,'looked'),
(683,'majesty'),
(683,'march'),
(683,'may'),
(683,'on'),
(683,'please'),
(683,'round'),
(683,'said'),
(683,'she.'),
(683,'still'),
(683,'the'),
(683,'to'),
(683,'usually'),
(683,'was'),
(683,'went'),
(683,'what'),
(683,'with'),
(683,'your'),
(684,'39442416-c89b-562a-bf12-7c38c8b50f93'),
(684,'562a'),
(684,'64'),
(684,'7c38c8b50f93'),
(684,'and'),
(684,'bf12'),
(684,'breitenberg'),
(684,'c89b'),
(684,'confirmed'),
(684,'ebf1e2'),
(684,'europe/amsterdam'),
(684,'event'),
(684,'ferry'),
(684,'howe'),
(684,'parisian'),
(684,'tony'),
(685,'39442416-c89b-562a-bf12-7c38c8b50f93'),
(685,'562a'),
(685,'65'),
(685,'7c38c8b50f93'),
(685,'administrator'),
(685,'and'),
(685,'bf12'),
(685,'breitenberg'),
(685,'c89b'),
(685,'confirmed'),
(685,'ebf1e2'),
(685,'europe/amsterdam'),
(685,'event'),
(685,'ferry'),
(685,'parisian'),
(685,'system'),
(686,'460'),
(686,'a.'),
(686,'about'),
(686,'anxiously'),
(686,'be'),
(686,'doesnt'),
(686,'fifteenth'),
(686,'gryphon'),
(686,'help'),
(686,'her.'),
(686,'its'),
(686,'last'),
(686,'let'),
(686,'like'),
(686,'looking'),
(686,'me'),
(686,'oh'),
(686,'on'),
(686,'remark'),
(686,'said.'),
(686,'shall'),
(686,'she'),
(686,'the'),
(686,'this'),
(686,'to'),
(686,'undo'),
(686,'vegetable.'),
(686,'went'),
(687,'461'),
(687,'against'),
(687,'alice.'),
(687,'and.'),
(687,'as'),
(687,'authority'),
(687,'be'),
(687,'could'),
(687,'door'),
(687,'down'),
(687,'elbow'),
(687,'ever'),
(687,'hear'),
(687,'herself'),
(687,'it'),
(687,'lying'),
(687,'of'),
(687,'one'),
(687,'over'),
(687,'person'),
(687,'said'),
(687,'say'),
(687,'she'),
(687,'spoke.'),
(687,'stand'),
(687,'the'),
(687,'to'),
(687,'up'),
(687,'well'),
(687,'wet'),
(687,'will'),
(687,'with'),
(688,'462'),
(688,'and'),
(688,'antipathies'),
(688,'coast'),
(688,'despair'),
(688,'downward'),
(688,'english'),
(688,'find'),
(688,'gryphon'),
(688,'hand'),
(688,'hatter:'),
(688,'heads'),
(688,'her'),
(688,'in'),
(688,'long'),
(688,'on'),
(688,'put'),
(688,'said'),
(688,'she'),
(688,'so'),
(688,'that'),
(688,'their'),
(688,'they.'),
(688,'thing'),
(688,'think--'),
(688,'was'),
(688,'would'),
(688,'you'),
(689,'463'),
(689,'all'),
(689,'aloud'),
(689,'and'),
(689,'asked'),
(689,'both'),
(689,'creatures'),
(689,'existence'),
(689,'faces'),
(689,'for'),
(689,'had'),
(689,'he'),
(689,'hid'),
(689,'his'),
(689,'how'),
(689,'in'),
(689,'it'),
(689,'large'),
(689,'moment'),
(689,'now'),
(689,'places--all'),
(689,'proper'),
(689,'rabbit'),
(689,'repeated'),
(689,'she'),
(689,'still'),
(689,'their'),
(689,'turn'),
(689,'was'),
(689,'white'),
(689,'with.'),
(690,'3bae365fe1af'),
(690,'5529'),
(690,'66'),
(690,'767c'),
(690,'and'),
(690,'b5a3'),
(690,'confirmed'),
(690,'customer'),
(690,'ebf1e2'),
(690,'europe/amsterdam'),
(690,'event'),
(690,'fdad1a3d-767c-5529-b5a3-3bae365fe1af'),
(690,'howe'),
(690,'hudson'),
(690,'mosciski'),
(690,'ryan'),
(690,'tony'),
(691,'3bae365fe1af'),
(691,'5529'),
(691,'67'),
(691,'767c'),
(691,'and'),
(691,'b5a3'),
(691,'camron'),
(691,'confirmed'),
(691,'customer'),
(691,'ebf1e2'),
(691,'europe/amsterdam'),
(691,'event'),
(691,'fdad1a3d-767c-5529-b5a3-3bae365fe1af'),
(691,'heller'),
(691,'hudson'),
(691,'mosciski'),
(691,'ryan'),
(691,'sr.'),
(692,'3bae365fe1af'),
(692,'5529'),
(692,'68'),
(692,'767c'),
(692,'and'),
(692,'b5a3'),
(692,'confirmed'),
(692,'customer'),
(692,'ebf1e2'),
(692,'europe/amsterdam'),
(692,'event'),
(692,'fdad1a3d-767c-5529-b5a3-3bae365fe1af'),
(692,'hudson'),
(692,'mosciski'),
(692,'mr.'),
(692,'ryan'),
(692,'shayne'),
(692,'zemlak'),
(693,'464'),
(693,'a.'),
(693,'about'),
(693,'anxiously'),
(693,'be'),
(693,'doesnt'),
(693,'fifteenth'),
(693,'gryphon'),
(693,'help'),
(693,'her.'),
(693,'its'),
(693,'last'),
(693,'let'),
(693,'like'),
(693,'looking'),
(693,'me'),
(693,'oh'),
(693,'on'),
(693,'remark'),
(693,'said.'),
(693,'shall'),
(693,'she'),
(693,'the'),
(693,'this'),
(693,'to'),
(693,'undo'),
(693,'vegetable.'),
(693,'went'),
(694,'465'),
(694,'again'),
(694,'and'),
(694,'be.'),
(694,'chain'),
(694,'daisy-chain'),
(694,'feel'),
(694,'felt'),
(694,'fetch'),
(694,'involved'),
(694,'making'),
(694,'me'),
(694,'moment'),
(694,'no'),
(694,'of'),
(694,'pair'),
(694,'pleasure'),
(694,'room'),
(694,'she'),
(694,'sleepy'),
(694,'stop'),
(694,'stupid'),
(694,'sure'),
(694,'the'),
(694,'this'),
(694,'very'),
(694,'way'),
(694,'whether'),
(694,'wonder'),
(694,'would'),
(695,'27f2'),
(695,'50f3'),
(695,'51e8fba8-27f2-50f3-bfa7-cb22f759f233'),
(695,'69'),
(695,'and'),
(695,'bfa7'),
(695,'cb22f759f233'),
(695,'confirmed'),
(695,'customer'),
(695,'ebf1e2'),
(695,'europe/amsterdam'),
(695,'event'),
(695,'gislason'),
(695,'howe'),
(695,'miller'),
(695,'tony'),
(695,'zieme'),
(696,'27f2'),
(696,'50f3'),
(696,'51e8fba8-27f2-50f3-bfa7-cb22f759f233'),
(696,'70'),
(696,'administrator'),
(696,'and'),
(696,'bfa7'),
(696,'cb22f759f233'),
(696,'confirmed'),
(696,'customer'),
(696,'ebf1e2'),
(696,'europe/amsterdam'),
(696,'event'),
(696,'gislason'),
(696,'miller'),
(696,'system'),
(696,'zieme'),
(697,'27f2'),
(697,'50f3'),
(697,'51e8fba8-27f2-50f3-bfa7-cb22f759f233'),
(697,'71'),
(697,'and'),
(697,'bfa7'),
(697,'broderick'),
(697,'cb22f759f233'),
(697,'confirmed'),
(697,'customer'),
(697,'ebf1e2'),
(697,'europe/amsterdam'),
(697,'event'),
(697,'gislason'),
(697,'hauck'),
(697,'miller'),
(697,'mr.'),
(697,'zieme'),
(698,'466'),
(698,'air:'),
(698,'are'),
(698,'cattle'),
(698,'cried'),
(698,'dinah'),
(698,'earnestly'),
(698,'first.'),
(698,'guests'),
(698,'had'),
(698,'her'),
(698,'his'),
(698,'in.'),
(698,'it'),
(698,'me'),
(698,'now'),
(698,'of'),
(698,'other'),
(698,'out'),
(698,'puzzled'),
(698,'rabbit'),
(698,'said'),
(698,'silence'),
(698,'taken'),
(698,'tell'),
(698,'the'),
(698,'very'),
(698,'watch'),
(698,'what'),
(698,'white'),
(698,'who'),
(698,'why'),
(698,'you'),
(699,'467'),
(699,'against'),
(699,'alice.'),
(699,'and.'),
(699,'as'),
(699,'authority'),
(699,'be'),
(699,'could'),
(699,'door'),
(699,'down'),
(699,'elbow'),
(699,'ever'),
(699,'hear'),
(699,'herself'),
(699,'it'),
(699,'lying'),
(699,'of'),
(699,'one'),
(699,'over'),
(699,'person'),
(699,'said'),
(699,'say'),
(699,'she'),
(699,'spoke.'),
(699,'stand'),
(699,'the'),
(699,'to'),
(699,'up'),
(699,'well'),
(699,'wet'),
(699,'will'),
(699,'with'),
(700,'468'),
(700,'all'),
(700,'and'),
(700,'at'),
(700,'cleared'),
(700,'couples:'),
(700,'hand'),
(700,'her'),
(700,'in'),
(700,'last'),
(700,'lying'),
(700,'mock'),
(700,'on'),
(700,'out'),
(700,'rabbits'),
(700,'round'),
(700,'salmon'),
(700,'seals'),
(700,'she'),
(700,'so'),
(700,'spread'),
(700,'the.'),
(700,'then'),
(700,'they'),
(700,'till'),
(700,'turtle.'),
(700,'turtles'),
(700,'voice'),
(700,'were'),
(700,'when'),
(700,'while'),
(700,'youve'),
(701,'469'),
(701,'air.'),
(701,'alice'),
(701,'but'),
(701,'cats'),
(701,'cut'),
(701,'deeply'),
(701,'duchess'),
(701,'even'),
(701,'finger'),
(701,'got'),
(701,'if'),
(701,'in'),
(701,'ive'),
(701,'knave'),
(701,'like'),
(701,'minute'),
(701,'nurse'),
(701,'of.'),
(701,'passionate'),
(701,'replied'),
(701,'shrill'),
(701,'table'),
(701,'the'),
(701,'to'),
(701,'very'),
(701,'voice.'),
(701,'with'),
(701,'would'),
(701,'your'),
(702,'22d2'),
(702,'56a7'),
(702,'72'),
(702,'8e92394b7692'),
(702,'90f1'),
(702,'and'),
(702,'bayer'),
(702,'confirmed'),
(702,'ebf1e2'),
(702,'europe/amsterdam'),
(702,'event'),
(702,'f8c25be7-22d2-56a7-90f1-8e92394b7692'),
(702,'hills'),
(702,'johnny'),
(702,'kirlin'),
(702,'prof.'),
(702,'wolff'),
(703,'22d2'),
(703,'56a7'),
(703,'73'),
(703,'8e92394b7692'),
(703,'90f1'),
(703,'and'),
(703,'bayer'),
(703,'confirmed'),
(703,'ebf1e2'),
(703,'europe/amsterdam'),
(703,'event'),
(703,'f8c25be7-22d2-56a7-90f1-8e92394b7692'),
(703,'hills'),
(703,'howe'),
(703,'tony'),
(703,'wolff'),
(704,'22d2'),
(704,'56a7'),
(704,'74'),
(704,'8e92394b7692'),
(704,'90f1'),
(704,'and'),
(704,'bayer'),
(704,'cartwright'),
(704,'confirmed'),
(704,'ebf1e2'),
(704,'elizabeth'),
(704,'europe/amsterdam'),
(704,'event'),
(704,'f8c25be7-22d2-56a7-90f1-8e92394b7692'),
(704,'hills'),
(704,'mrs.'),
(704,'wolff'),
(705,'470'),
(705,'a'),
(705,'can'),
(705,'dormouse.'),
(705,'extremely'),
(705,'eyes'),
(705,'feeling'),
(705,'for'),
(705,'fourteenth'),
(705,'getting'),
(705,'his'),
(705,'hot'),
(705,'its'),
(705,'little'),
(705,'march'),
(705,'minute'),
(705,'nose.'),
(705,'of'),
(705,'opened'),
(705,'or'),
(705,'remember'),
(705,'slowly'),
(705,'small'),
(705,'tea'),
(705,'that'),
(705,'the'),
(705,'think'),
(705,'to'),
(705,'two'),
(705,'upon'),
(705,'very.'),
(705,'were'),
(706,'471'),
(706,'against'),
(706,'alice.'),
(706,'and.'),
(706,'as'),
(706,'authority'),
(706,'be'),
(706,'could'),
(706,'door'),
(706,'down'),
(706,'elbow'),
(706,'ever'),
(706,'hear'),
(706,'herself'),
(706,'it'),
(706,'lying'),
(706,'of'),
(706,'one'),
(706,'over'),
(706,'person'),
(706,'said'),
(706,'say'),
(706,'she'),
(706,'spoke.'),
(706,'stand'),
(706,'the'),
(706,'to'),
(706,'up'),
(706,'well'),
(706,'wet'),
(706,'will'),
(706,'with'),
(707,'364ed6943220'),
(707,'38addf4b-775c-5665-896d-364ed6943220'),
(707,'5665'),
(707,'75'),
(707,'775c'),
(707,'896d'),
(707,'confirmed'),
(707,'ebf1e2'),
(707,'europe/amsterdam'),
(707,'event'),
(707,'johnny'),
(707,'kirlin'),
(707,'office'),
(707,'prof.'),
(707,'quitzon-runte'),
(707,'runte'),
(708,'364ed6943220'),
(708,'38addf4b-775c-5665-896d-364ed6943220'),
(708,'5665'),
(708,'76'),
(708,'775c'),
(708,'896d'),
(708,'administrator'),
(708,'confirmed'),
(708,'ebf1e2'),
(708,'europe/amsterdam'),
(708,'event'),
(708,'office'),
(708,'quitzon-runte'),
(708,'runte'),
(708,'system'),
(709,'364ed6943220'),
(709,'38addf4b-775c-5665-896d-364ed6943220'),
(709,'5665'),
(709,'775c'),
(709,'896d'),
(709,'ashlee'),
(709,'beier'),
(709,'confirmed'),
(709,'ebf1e2'),
(709,'europe/amsterdam'),
(709,'event'),
(709,'office'),
(709,'quitzon-runte'),
(709,'runte'),
(710,'472'),
(710,'all'),
(710,'aloud'),
(710,'and'),
(710,'asked'),
(710,'both'),
(710,'creatures'),
(710,'existence'),
(710,'faces'),
(710,'for'),
(710,'had'),
(710,'he'),
(710,'hid'),
(710,'his'),
(710,'how'),
(710,'in'),
(710,'it'),
(710,'large'),
(710,'moment'),
(710,'now'),
(710,'places--all'),
(710,'proper'),
(710,'rabbit'),
(710,'repeated'),
(710,'she'),
(710,'still'),
(710,'their'),
(710,'turn'),
(710,'was'),
(710,'white'),
(710,'with.'),
(711,'473'),
(711,'alice'),
(711,'all.'),
(711,'already'),
(711,'and'),
(711,'at'),
(711,'both'),
(711,'bowed'),
(711,'came'),
(711,'curls'),
(711,'dormouse'),
(711,'dream:--'),
(711,'dreamed'),
(711,'entangled'),
(711,'first'),
(711,'got'),
(711,'her'),
(711,'in'),
(711,'it'),
(711,'laughed'),
(711,'little'),
(711,'low'),
(711,'much'),
(711,'of'),
(711,'pebbles'),
(711,'rattling'),
(711,'shall'),
(711,'she'),
(711,'so'),
(711,'that'),
(711,'their'),
(711,'they'),
(711,'together.'),
(711,'was'),
(712,'474'),
(712,'accounts'),
(712,'ah'),
(712,'be'),
(712,'but'),
(712,'chain'),
(712,'daisy-chain'),
(712,'dont'),
(712,'five'),
(712,'for'),
(712,'in'),
(712,'it'),
(712,'learn'),
(712,'like'),
(712,'making'),
(712,'music.'),
(712,'of'),
(712,'pleased'),
(712,'pleasure'),
(712,'pray'),
(712,'said'),
(712,'say'),
(712,'soothing.'),
(712,'that'),
(712,'the'),
(712,'tone.'),
(712,'trouble'),
(712,'whether'),
(712,'would'),
(712,'yourself'),
(713,'475'),
(713,'all'),
(713,'and'),
(713,'at'),
(713,'cleared'),
(713,'couples:'),
(713,'hand'),
(713,'her'),
(713,'in'),
(713,'last'),
(713,'lying'),
(713,'mock'),
(713,'on'),
(713,'out'),
(713,'rabbits'),
(713,'round'),
(713,'salmon'),
(713,'seals'),
(713,'she'),
(713,'so'),
(713,'spread'),
(713,'the.'),
(713,'then'),
(713,'they'),
(713,'till'),
(713,'turtle.'),
(713,'turtles'),
(713,'voice'),
(713,'were'),
(713,'when'),
(713,'while'),
(713,'youve'),
(714,'5ae0'),
(714,'78'),
(714,'b04e'),
(714,'bauch-ryan'),
(714,'c94982e04a98'),
(714,'confirmed'),
(714,'d6685aca-f289-5ae0-b04e-c94982e04a98'),
(714,'ebf1e2'),
(714,'europe/amsterdam'),
(714,'event'),
(714,'f289'),
(714,'johnny'),
(714,'kirlin'),
(714,'office'),
(714,'prof.'),
(714,'ryan'),
(715,'5ae0'),
(715,'79'),
(715,'b04e'),
(715,'bauch-ryan'),
(715,'c94982e04a98'),
(715,'confirmed'),
(715,'d6685aca-f289-5ae0-b04e-c94982e04a98'),
(715,'ebf1e2'),
(715,'europe/amsterdam'),
(715,'event'),
(715,'f289'),
(715,'mr.'),
(715,'office'),
(715,'ryan'),
(715,'shayne'),
(715,'zemlak'),
(716,'5ae0'),
(716,'80'),
(716,'b04e'),
(716,'bauch-ryan'),
(716,'c94982e04a98'),
(716,'confirmed'),
(716,'d6685aca-f289-5ae0-b04e-c94982e04a98'),
(716,'ebf1e2'),
(716,'europe/amsterdam'),
(716,'event'),
(716,'f289'),
(716,'jedidiah'),
(716,'mr.'),
(716,'office'),
(716,'ryan'),
(716,'tromp'),
(717,'476'),
(717,'air.'),
(717,'alice'),
(717,'but'),
(717,'cats'),
(717,'cut'),
(717,'deeply'),
(717,'duchess'),
(717,'even'),
(717,'finger'),
(717,'got'),
(717,'if'),
(717,'in'),
(717,'ive'),
(717,'knave'),
(717,'like'),
(717,'minute'),
(717,'nurse'),
(717,'of.'),
(717,'passionate'),
(717,'replied'),
(717,'shrill'),
(717,'table'),
(717,'the'),
(717,'to'),
(717,'very'),
(717,'voice.'),
(717,'with'),
(717,'would'),
(717,'your'),
(718,'477'),
(718,'again.'),
(718,'alice'),
(718,'all'),
(718,'almost'),
(718,'and'),
(718,'at'),
(718,'began'),
(718,'by'),
(718,'dont'),
(718,'ear'),
(718,'fairly'),
(718,'furious'),
(718,'grunt'),
(718,'in'),
(718,'its'),
(718,'left'),
(718,'not'),
(718,'off'),
(718,'on'),
(718,'ought'),
(718,'out'),
(718,'passion'),
(718,'right'),
(718,'said'),
(718,'sneezing'),
(718,'thats'),
(718,'there'),
(718,'this'),
(718,'time.'),
(718,'to'),
(718,'went'),
(719,'478'),
(719,'air.'),
(719,'alice'),
(719,'but'),
(719,'cats'),
(719,'cut'),
(719,'deeply'),
(719,'duchess'),
(719,'even'),
(719,'finger'),
(719,'got'),
(719,'if'),
(719,'in'),
(719,'ive'),
(719,'knave'),
(719,'like'),
(719,'minute'),
(719,'nurse'),
(719,'of.'),
(719,'passionate'),
(719,'replied'),
(719,'shrill'),
(719,'table'),
(719,'the'),
(719,'to'),
(719,'very'),
(719,'voice.'),
(719,'with'),
(719,'would'),
(719,'your'),
(720,'479'),
(720,'and'),
(720,'antipathies'),
(720,'coast'),
(720,'despair'),
(720,'downward'),
(720,'english'),
(720,'find'),
(720,'gryphon'),
(720,'hand'),
(720,'hatter:'),
(720,'heads'),
(720,'her'),
(720,'in'),
(720,'long'),
(720,'on'),
(720,'put'),
(720,'said'),
(720,'she'),
(720,'so'),
(720,'that'),
(720,'their'),
(720,'they.'),
(720,'thing'),
(720,'think--'),
(720,'was'),
(720,'would'),
(720,'you'),
(721,'480'),
(721,'again.'),
(721,'alice'),
(721,'all'),
(721,'almost'),
(721,'and'),
(721,'at'),
(721,'began'),
(721,'by'),
(721,'dont'),
(721,'ear'),
(721,'fairly'),
(721,'furious'),
(721,'grunt'),
(721,'in'),
(721,'its'),
(721,'left'),
(721,'not'),
(721,'off'),
(721,'on'),
(721,'ought'),
(721,'out'),
(721,'passion'),
(721,'right'),
(721,'said'),
(721,'sneezing'),
(721,'thats'),
(721,'there'),
(721,'this'),
(721,'time.'),
(721,'to'),
(721,'went'),
(722,'2de3f966-d106-5d05-8065-63a832af4d4d'),
(722,'5d05'),
(722,'63a832af4d4d'),
(722,'8065'),
(722,'81'),
(722,'confirmed'),
(722,'customer'),
(722,'d106'),
(722,'ebf1e2'),
(722,'europe/amsterdam'),
(722,'event'),
(722,'johnny'),
(722,'kirlin'),
(722,'llc'),
(722,'prof.'),
(722,'ziemann'),
(723,'2de3f966-d106-5d05-8065-63a832af4d4d'),
(723,'5d05'),
(723,'63a832af4d4d'),
(723,'8065'),
(723,'82'),
(723,'ashlee'),
(723,'beier'),
(723,'confirmed'),
(723,'customer'),
(723,'d106'),
(723,'ebf1e2'),
(723,'europe/amsterdam'),
(723,'event'),
(723,'llc'),
(723,'ziemann'),
(724,'481'),
(724,'again.'),
(724,'alice'),
(724,'all'),
(724,'almost'),
(724,'and'),
(724,'at'),
(724,'began'),
(724,'by'),
(724,'dont'),
(724,'ear'),
(724,'fairly'),
(724,'furious'),
(724,'grunt'),
(724,'in'),
(724,'its'),
(724,'left'),
(724,'not'),
(724,'off'),
(724,'on'),
(724,'ought'),
(724,'out'),
(724,'passion'),
(724,'right'),
(724,'said'),
(724,'sneezing'),
(724,'thats'),
(724,'there'),
(724,'this'),
(724,'time.'),
(724,'to'),
(724,'went'),
(725,'5858'),
(725,'834f'),
(725,'b3af'),
(725,'confirmed'),
(725,'customer'),
(725,'e573a84f-b3af-5858-834f-fc22b1f58c51'),
(725,'ebf1e2'),
(725,'europe/amsterdam'),
(725,'event'),
(725,'farrell'),
(725,'fc22b1f58c51'),
(725,'johnny'),
(725,'kirlin'),
(725,'pacocha-farrell'),
(725,'prof.'),
(726,'5858'),
(726,'834f'),
(726,'84'),
(726,'ashlee'),
(726,'b3af'),
(726,'beier'),
(726,'confirmed'),
(726,'customer'),
(726,'e573a84f-b3af-5858-834f-fc22b1f58c51'),
(726,'ebf1e2'),
(726,'europe/amsterdam'),
(726,'event'),
(726,'farrell'),
(726,'fc22b1f58c51'),
(726,'pacocha-farrell'),
(727,'482'),
(727,'and'),
(727,'antipathies'),
(727,'coast'),
(727,'despair'),
(727,'downward'),
(727,'english'),
(727,'find'),
(727,'gryphon'),
(727,'hand'),
(727,'hatter:'),
(727,'heads'),
(727,'her'),
(727,'in'),
(727,'long'),
(727,'on'),
(727,'put'),
(727,'said'),
(727,'she'),
(727,'so'),
(727,'that'),
(727,'their'),
(727,'they.'),
(727,'thing'),
(727,'think--'),
(727,'was'),
(727,'would'),
(727,'you'),
(728,'1c87d699-9c3f-5b6c-9d8e-39829e3a4acc'),
(728,'39829e3a4acc'),
(728,'5b6c'),
(728,'85'),
(728,'9c3f'),
(728,'9d8e'),
(728,'and'),
(728,'boyer'),
(728,'burdette'),
(728,'confirmed'),
(728,'customer'),
(728,'denesik'),
(728,'ebf1e2'),
(728,'europe/amsterdam'),
(728,'event'),
(728,'morissette'),
(728,'stamm'),
(729,'1c87d699-9c3f-5b6c-9d8e-39829e3a4acc'),
(729,'39829e3a4acc'),
(729,'5b6c'),
(729,'86'),
(729,'9c3f'),
(729,'9d8e'),
(729,'and'),
(729,'boyer'),
(729,'cartwright'),
(729,'confirmed'),
(729,'customer'),
(729,'denesik'),
(729,'ebf1e2'),
(729,'elizabeth'),
(729,'europe/amsterdam'),
(729,'event'),
(729,'morissette'),
(729,'mrs.'),
(730,'1c87d699-9c3f-5b6c-9d8e-39829e3a4acc'),
(730,'39829e3a4acc'),
(730,'5b6c'),
(730,'87'),
(730,'9c3f'),
(730,'9d8e'),
(730,'and'),
(730,'boyer'),
(730,'confirmed'),
(730,'customer'),
(730,'denesik'),
(730,'ebf1e2'),
(730,'europe/amsterdam'),
(730,'event'),
(730,'jedidiah'),
(730,'morissette'),
(730,'mr.'),
(730,'tromp'),
(731,'--and'),
(731,'483'),
(731,'and'),
(731,'at'),
(731,'contemptuously.'),
(731,'dare'),
(731,'even'),
(731,'every'),
(731,'head'),
(731,'himself'),
(731,'his'),
(731,'it'),
(731,'just'),
(731,'looking'),
(731,'never'),
(731,'now'),
(731,'on.'),
(731,'put'),
(731,'raised'),
(731,'say'),
(731,'shaking'),
(731,'she'),
(731,'shoes'),
(731,'spoke'),
(731,'take'),
(731,'then'),
(731,'time.'),
(731,'tiptoe'),
(731,'to'),
(731,'uneasily'),
(731,'upon'),
(731,'was'),
(731,'you'),
(732,'484'),
(732,'alice'),
(732,'all.'),
(732,'already'),
(732,'and'),
(732,'at'),
(732,'both'),
(732,'bowed'),
(732,'came'),
(732,'curls'),
(732,'dormouse'),
(732,'dream:--'),
(732,'dreamed'),
(732,'entangled'),
(732,'first'),
(732,'got'),
(732,'her'),
(732,'in'),
(732,'it'),
(732,'laughed'),
(732,'little'),
(732,'low'),
(732,'much'),
(732,'of'),
(732,'pebbles'),
(732,'rattling'),
(732,'shall'),
(732,'she'),
(732,'so'),
(732,'that'),
(732,'their'),
(732,'they'),
(732,'together.'),
(732,'was'),
(733,'485'),
(733,'and'),
(733,'at.'),
(733,'be'),
(733,'curious'),
(733,'do.'),
(733,'dont'),
(733,'duchess'),
(733,'em'),
(733,'first'),
(733,'her'),
(733,'history'),
(733,'ill'),
(733,'its'),
(733,'ive'),
(733,'know'),
(733,'learn'),
(733,'most'),
(733,'not'),
(733,'of'),
(733,'said'),
(733,'say'),
(733,'she'),
(733,'should'),
(733,'speech.'),
(733,'tell'),
(733,'than'),
(733,'the'),
(733,'think'),
(733,'to'),
(733,'tried'),
(733,'very'),
(733,'your'),
(734,'20bfae8e-6559-581f-abf2-4bcf6cc7e391'),
(734,'4bcf6cc7e391'),
(734,'581f'),
(734,'6559'),
(734,'88'),
(734,'abf2'),
(734,'burdette'),
(734,'christiansen-cruickshank'),
(734,'confirmed'),
(734,'cruickshank'),
(734,'ebf1e2'),
(734,'europe/amsterdam'),
(734,'event'),
(734,'online'),
(734,'stamm'),
(735,'20bfae8e-6559-581f-abf2-4bcf6cc7e391'),
(735,'4bcf6cc7e391'),
(735,'581f'),
(735,'6559'),
(735,'89'),
(735,'abf2'),
(735,'christiansen-cruickshank'),
(735,'confirmed'),
(735,'cruickshank'),
(735,'ebf1e2'),
(735,'europe/amsterdam'),
(735,'event'),
(735,'johnny'),
(735,'kirlin'),
(735,'online'),
(735,'prof.'),
(736,'20bfae8e-6559-581f-abf2-4bcf6cc7e391'),
(736,'4bcf6cc7e391'),
(736,'581f'),
(736,'6559'),
(736,'90'),
(736,'abf2'),
(736,'camron'),
(736,'christiansen-cruickshank'),
(736,'confirmed'),
(736,'cruickshank'),
(736,'ebf1e2'),
(736,'europe/amsterdam'),
(736,'event'),
(736,'heller'),
(736,'online'),
(736,'sr.'),
(737,'486'),
(737,'alice'),
(737,'at'),
(737,'behind'),
(737,'close'),
(737,'could'),
(737,'day.'),
(737,'down'),
(737,'gone'),
(737,'guilt'),
(737,'had'),
(737,'her'),
(737,'his'),
(737,'how'),
(737,'it'),
(737,'looked'),
(737,'mock'),
(737,'out'),
(737,'persisted.'),
(737,'poor.'),
(737,'proves'),
(737,'said'),
(737,'she'),
(737,'side.'),
(737,'that'),
(737,'them'),
(737,'through'),
(737,'trying'),
(737,'turn'),
(737,'turtle'),
(737,'was'),
(737,'when'),
(737,'with'),
(738,'487'),
(738,'ah'),
(738,'alice.'),
(738,'all'),
(738,'am'),
(738,'and'),
(738,'begins'),
(738,'by'),
(738,'concert'),
(738,'course'),
(738,'from'),
(738,'given'),
(738,'great'),
(738,'hand'),
(738,'him'),
(738,'in'),
(738,'of'),
(738,'one'),
(738,'parchment'),
(738,'returned'),
(738,'said'),
(738,'scroll'),
(738,'thats'),
(738,'the.'),
(738,'to'),
(738,'trumpet'),
(738,'twinkling'),
(738,'way'),
(738,'with'),
(738,'world'),
(738,'you'),
(739,'1b8fa29da6bc'),
(739,'253bb07f-fae6-56c6-9ae3-1b8fa29da6bc'),
(739,'56c6'),
(739,'91'),
(739,'9ae3'),
(739,'blick-dooley'),
(739,'burdette'),
(739,'confirmed'),
(739,'dooley'),
(739,'ebf1e2'),
(739,'europe/amsterdam'),
(739,'event'),
(739,'fae6'),
(739,'stamm'),
(740,'1b8fa29da6bc'),
(740,'253bb07f-fae6-56c6-9ae3-1b8fa29da6bc'),
(740,'56c6'),
(740,'92'),
(740,'9ae3'),
(740,'blick-dooley'),
(740,'camron'),
(740,'confirmed'),
(740,'dooley'),
(740,'ebf1e2'),
(740,'europe/amsterdam'),
(740,'event'),
(740,'fae6'),
(740,'heller'),
(740,'sr.'),
(741,'488'),
(741,'air.'),
(741,'alice'),
(741,'but'),
(741,'cats'),
(741,'cut'),
(741,'deeply'),
(741,'duchess'),
(741,'even'),
(741,'finger'),
(741,'got'),
(741,'if'),
(741,'in'),
(741,'ive'),
(741,'knave'),
(741,'like'),
(741,'minute'),
(741,'nurse'),
(741,'of.'),
(741,'passionate'),
(741,'replied'),
(741,'shrill'),
(741,'table'),
(741,'the'),
(741,'to'),
(741,'very'),
(741,'voice.'),
(741,'with'),
(741,'would'),
(741,'your'),
(742,'26e8a6da-edcb-53d8-a88c-4ad4814f991f'),
(742,'4ad4814f991f'),
(742,'53d8'),
(742,'93'),
(742,'a88c'),
(742,'altenwerth-carroll'),
(742,'burdette'),
(742,'carroll'),
(742,'confirmed'),
(742,'ebf1e2'),
(742,'edcb'),
(742,'europe/amsterdam'),
(742,'event'),
(742,'stamm'),
(743,'26e8a6da-edcb-53d8-a88c-4ad4814f991f'),
(743,'4ad4814f991f'),
(743,'53d8'),
(743,'94'),
(743,'a88c'),
(743,'altenwerth-carroll'),
(743,'carroll'),
(743,'confirmed'),
(743,'ebf1e2'),
(743,'edcb'),
(743,'europe/amsterdam'),
(743,'event'),
(743,'jedidiah'),
(743,'mr.'),
(743,'tromp'),
(744,'26e8a6da-edcb-53d8-a88c-4ad4814f991f'),
(744,'4ad4814f991f'),
(744,'53d8'),
(744,'95'),
(744,'a88c'),
(744,'altenwerth-carroll'),
(744,'carroll'),
(744,'confirmed'),
(744,'ebf1e2'),
(744,'edcb'),
(744,'europe/amsterdam'),
(744,'event'),
(744,'mr.'),
(744,'shayne'),
(744,'zemlak'),
(745,'489'),
(745,'all'),
(745,'be.'),
(745,'dry'),
(745,'duchess.'),
(745,'enough'),
(745,'for'),
(745,'from'),
(745,'grow'),
(745,'him'),
(745,'i'),
(745,'let'),
(745,'make'),
(745,'me'),
(745,'nowhere'),
(745,'one'),
(745,'returned'),
(745,'same'),
(745,'shorter.'),
(745,'side'),
(745,'solemn'),
(745,'they'),
(745,'think:'),
(745,'though'),
(745,'tone'),
(745,'was'),
(745,'were'),
(745,'will'),
(745,'you'),
(746,'490'),
(746,'and'),
(746,'antipathies'),
(746,'coast'),
(746,'despair'),
(746,'downward'),
(746,'english'),
(746,'find'),
(746,'gryphon'),
(746,'hand'),
(746,'hatter:'),
(746,'heads'),
(746,'her'),
(746,'in'),
(746,'long'),
(746,'on'),
(746,'put'),
(746,'said'),
(746,'she'),
(746,'so'),
(746,'that'),
(746,'their'),
(746,'they.'),
(746,'thing'),
(746,'think--'),
(746,'was'),
(746,'would'),
(746,'you'),
(747,'491'),
(747,'air.'),
(747,'alice'),
(747,'but'),
(747,'cats'),
(747,'cut'),
(747,'deeply'),
(747,'duchess'),
(747,'even'),
(747,'finger'),
(747,'got'),
(747,'if'),
(747,'in'),
(747,'ive'),
(747,'knave'),
(747,'like'),
(747,'minute'),
(747,'nurse'),
(747,'of.'),
(747,'passionate'),
(747,'replied'),
(747,'shrill'),
(747,'table'),
(747,'the'),
(747,'to'),
(747,'very'),
(747,'voice.'),
(747,'with'),
(747,'would'),
(747,'your'),
(748,'492'),
(748,'again'),
(748,'agree'),
(748,'alice'),
(748,'and'),
(748,'be'),
(748,'but'),
(748,'certainly'),
(748,'dormouse'),
(748,'everything'),
(748,'felt'),
(748,'grand'),
(748,'grow'),
(748,'large'),
(748,'let'),
(748,'me'),
(748,'no'),
(748,'one'),
(748,'out.'),
(748,'ready'),
(748,'room'),
(748,'said'),
(748,'see:'),
(748,'that'),
(748,'theres'),
(748,'to'),
(748,'turned'),
(748,'up'),
(748,'who'),
(748,'would'),
(748,'you'),
(749,'493'),
(749,'against'),
(749,'alice.'),
(749,'and.'),
(749,'as'),
(749,'authority'),
(749,'be'),
(749,'could'),
(749,'door'),
(749,'down'),
(749,'elbow'),
(749,'ever'),
(749,'hear'),
(749,'herself'),
(749,'it'),
(749,'lying'),
(749,'of'),
(749,'one'),
(749,'over'),
(749,'person'),
(749,'said'),
(749,'say'),
(749,'she'),
(749,'spoke.'),
(749,'stand'),
(749,'the'),
(749,'to'),
(749,'up'),
(749,'well'),
(749,'wet'),
(749,'will'),
(749,'with'),
(750,'3a82'),
(750,'46390833-3a82-534a-aa38-5cc9139bd277'),
(750,'534a'),
(750,'5cc9139bd277'),
(750,'96'),
(750,'aa38'),
(750,'and'),
(750,'burdette'),
(750,'confirmed'),
(750,'ebf1e2'),
(750,'europe/amsterdam'),
(750,'event'),
(750,'huels'),
(750,'lindgren'),
(750,'schaefer'),
(750,'stamm'),
(751,'3a82'),
(751,'46390833-3a82-534a-aa38-5cc9139bd277'),
(751,'534a'),
(751,'5cc9139bd277'),
(751,'97'),
(751,'aa38'),
(751,'and'),
(751,'confirmed'),
(751,'ebf1e2'),
(751,'europe/amsterdam'),
(751,'event'),
(751,'huels'),
(751,'lindgren'),
(751,'mr.'),
(751,'schaefer'),
(751,'shayne'),
(751,'zemlak'),
(752,'3a82'),
(752,'46390833-3a82-534a-aa38-5cc9139bd277'),
(752,'534a'),
(752,'5cc9139bd277'),
(752,'98'),
(752,'aa38'),
(752,'and'),
(752,'confirmed'),
(752,'ebf1e2'),
(752,'europe/amsterdam'),
(752,'event'),
(752,'huels'),
(752,'johnny'),
(752,'kirlin'),
(752,'lindgren'),
(752,'prof.'),
(752,'schaefer'),
(753,'494'),
(753,'alice'),
(753,'and'),
(753,'as'),
(753,'certain.'),
(753,'could'),
(753,'curtsey'),
(753,'dormouse'),
(753,'dropped'),
(753,'felt'),
(753,'first'),
(753,'gloves'),
(753,'if'),
(753,'ill.'),
(753,'it'),
(753,'kid'),
(753,'please'),
(753,'rabbit'),
(753,'said'),
(753,'she'),
(753,'sir--'),
(753,'started'),
(753,'the'),
(753,'to'),
(753,'tried'),
(753,'verse'),
(753,'very'),
(753,'violently'),
(753,'was'),
(753,'white'),
(753,'you'),
(754,'495'),
(754,'alice'),
(754,'and'),
(754,'as'),
(754,'certain.'),
(754,'could'),
(754,'curtsey'),
(754,'dormouse'),
(754,'dropped'),
(754,'felt'),
(754,'first'),
(754,'gloves'),
(754,'if'),
(754,'ill.'),
(754,'it'),
(754,'kid'),
(754,'please'),
(754,'rabbit'),
(754,'said'),
(754,'she'),
(754,'sir--'),
(754,'started'),
(754,'the'),
(754,'to'),
(754,'tried'),
(754,'verse'),
(754,'very'),
(754,'violently'),
(754,'was'),
(754,'white'),
(754,'you'),
(755,'496'),
(755,'alice'),
(755,'all.'),
(755,'already'),
(755,'and'),
(755,'at'),
(755,'both'),
(755,'bowed'),
(755,'came'),
(755,'curls'),
(755,'dormouse'),
(755,'dream:--'),
(755,'dreamed'),
(755,'entangled'),
(755,'first'),
(755,'got'),
(755,'her'),
(755,'in'),
(755,'it'),
(755,'laughed'),
(755,'little'),
(755,'low'),
(755,'much'),
(755,'of'),
(755,'pebbles'),
(755,'rattling'),
(755,'shall'),
(755,'she'),
(755,'so'),
(755,'that'),
(755,'their'),
(755,'they'),
(755,'together.'),
(755,'was'),
(756,'5e22'),
(756,'6197bf126e92'),
(756,'99'),
(756,'ab9d'),
(756,'c5f86ac9-feeb-5e22-ab9d-6197bf126e92'),
(756,'camron'),
(756,'confirmed'),
(756,'customer'),
(756,'ebf1e2'),
(756,'europe/amsterdam'),
(756,'event'),
(756,'feeb'),
(756,'heller'),
(756,'ltd'),
(756,'nicolas'),
(756,'sr.'),
(757,'100'),
(757,'5e22'),
(757,'6197bf126e92'),
(757,'ab9d'),
(757,'ashlee'),
(757,'beier'),
(757,'c5f86ac9-feeb-5e22-ab9d-6197bf126e92'),
(757,'confirmed'),
(757,'customer'),
(757,'ebf1e2'),
(757,'europe/amsterdam'),
(757,'event'),
(757,'feeb'),
(757,'ltd'),
(757,'nicolas'),
(758,'101'),
(758,'5e22'),
(758,'6197bf126e92'),
(758,'ab9d'),
(758,'c5f86ac9-feeb-5e22-ab9d-6197bf126e92'),
(758,'confirmed'),
(758,'customer'),
(758,'ebf1e2'),
(758,'europe/amsterdam'),
(758,'event'),
(758,'feeb'),
(758,'howe'),
(758,'ltd'),
(758,'nicolas'),
(758,'tony'),
(759,'497'),
(759,'air:'),
(759,'are'),
(759,'cattle'),
(759,'cried'),
(759,'dinah'),
(759,'earnestly'),
(759,'first.'),
(759,'guests'),
(759,'had'),
(759,'her'),
(759,'his'),
(759,'in.'),
(759,'it'),
(759,'me'),
(759,'now'),
(759,'of'),
(759,'other'),
(759,'out'),
(759,'puzzled'),
(759,'rabbit'),
(759,'said'),
(759,'silence'),
(759,'taken'),
(759,'tell'),
(759,'the'),
(759,'very'),
(759,'watch'),
(759,'what'),
(759,'white'),
(759,'who'),
(759,'why'),
(759,'you'),
(760,'498'),
(760,'alice'),
(760,'all.'),
(760,'already'),
(760,'and'),
(760,'at'),
(760,'both'),
(760,'bowed'),
(760,'came'),
(760,'curls'),
(760,'dormouse'),
(760,'dream:--'),
(760,'dreamed'),
(760,'entangled'),
(760,'first'),
(760,'got'),
(760,'her'),
(760,'in'),
(760,'it'),
(760,'laughed'),
(760,'little'),
(760,'low'),
(760,'much'),
(760,'of'),
(760,'pebbles'),
(760,'rattling'),
(760,'shall'),
(760,'she'),
(760,'so'),
(760,'that'),
(760,'their'),
(760,'they'),
(760,'together.'),
(760,'was'),
(761,'499'),
(761,'all'),
(761,'and'),
(761,'at'),
(761,'cleared'),
(761,'couples:'),
(761,'hand'),
(761,'her'),
(761,'in'),
(761,'last'),
(761,'lying'),
(761,'mock'),
(761,'on'),
(761,'out'),
(761,'rabbits'),
(761,'round'),
(761,'salmon'),
(761,'seals'),
(761,'she'),
(761,'so'),
(761,'spread'),
(761,'the.'),
(761,'then'),
(761,'they'),
(761,'till'),
(761,'turtle.'),
(761,'turtles'),
(761,'voice'),
(761,'were'),
(761,'when'),
(761,'while'),
(761,'youve'),
(762,'500'),
(762,'air.'),
(762,'alice'),
(762,'but'),
(762,'cats'),
(762,'cut'),
(762,'deeply'),
(762,'duchess'),
(762,'even'),
(762,'finger'),
(762,'got'),
(762,'if'),
(762,'in'),
(762,'ive'),
(762,'knave'),
(762,'like'),
(762,'minute'),
(762,'nurse'),
(762,'of.'),
(762,'passionate'),
(762,'replied'),
(762,'shrill'),
(762,'table'),
(762,'the'),
(762,'to'),
(762,'very'),
(762,'voice.'),
(762,'with'),
(762,'would'),
(762,'your'),
(763,'102'),
(763,'41868843-c2ec-567a-893f-ef9135ab01f4'),
(763,'567a'),
(763,'893f'),
(763,'c2ec'),
(763,'camron'),
(763,'confirmed'),
(763,'ebf1e2'),
(763,'ef9135ab01f4'),
(763,'europe/amsterdam'),
(763,'event'),
(763,'heller'),
(763,'hintz-koch'),
(763,'koch'),
(763,'online'),
(763,'sr.'),
(764,'103'),
(764,'41868843-c2ec-567a-893f-ef9135ab01f4'),
(764,'567a'),
(764,'893f'),
(764,'c2ec'),
(764,'confirmed'),
(764,'ebf1e2'),
(764,'ef9135ab01f4'),
(764,'europe/amsterdam'),
(764,'event'),
(764,'hintz-koch'),
(764,'jedidiah'),
(764,'koch'),
(764,'mr.'),
(764,'online'),
(764,'tromp'),
(765,'501'),
(765,'alice'),
(765,'all.'),
(765,'already'),
(765,'and'),
(765,'at'),
(765,'both'),
(765,'bowed'),
(765,'came'),
(765,'curls'),
(765,'dormouse'),
(765,'dream:--'),
(765,'dreamed'),
(765,'entangled'),
(765,'first'),
(765,'got'),
(765,'her'),
(765,'in'),
(765,'it'),
(765,'laughed'),
(765,'little'),
(765,'low'),
(765,'much'),
(765,'of'),
(765,'pebbles'),
(765,'rattling'),
(765,'shall'),
(765,'she'),
(765,'so'),
(765,'that'),
(765,'their'),
(765,'they'),
(765,'together.'),
(765,'was'),
(766,'104'),
(766,'54da'),
(766,'844d'),
(766,'9413b8046a81'),
(766,'braun'),
(766,'camron'),
(766,'confirmed'),
(766,'customer'),
(766,'e32d'),
(766,'e8e5a744-e32d-54da-844d-9413b8046a81'),
(766,'ebf1e2'),
(766,'europe/amsterdam'),
(766,'event'),
(766,'green-braun'),
(766,'heller'),
(766,'sr.'),
(767,'105'),
(767,'54da'),
(767,'844d'),
(767,'9413b8046a81'),
(767,'braun'),
(767,'confirmed'),
(767,'customer'),
(767,'e32d'),
(767,'e8e5a744-e32d-54da-844d-9413b8046a81'),
(767,'ebf1e2'),
(767,'europe/amsterdam'),
(767,'event'),
(767,'green-braun'),
(767,'howe'),
(767,'tony'),
(768,'106'),
(768,'54da'),
(768,'844d'),
(768,'9413b8046a81'),
(768,'braun'),
(768,'burdette'),
(768,'confirmed'),
(768,'customer'),
(768,'e32d'),
(768,'e8e5a744-e32d-54da-844d-9413b8046a81'),
(768,'ebf1e2'),
(768,'europe/amsterdam'),
(768,'event'),
(768,'green-braun'),
(768,'stamm'),
(769,'502'),
(769,'alice'),
(769,'all.'),
(769,'already'),
(769,'and'),
(769,'at'),
(769,'both'),
(769,'bowed'),
(769,'came'),
(769,'curls'),
(769,'dormouse'),
(769,'dream:--'),
(769,'dreamed'),
(769,'entangled'),
(769,'first'),
(769,'got'),
(769,'her'),
(769,'in'),
(769,'it'),
(769,'laughed'),
(769,'little'),
(769,'low'),
(769,'much'),
(769,'of'),
(769,'pebbles'),
(769,'rattling'),
(769,'shall'),
(769,'she'),
(769,'so'),
(769,'that'),
(769,'their'),
(769,'they'),
(769,'together.'),
(769,'was'),
(770,'503'),
(770,'air:'),
(770,'are'),
(770,'cattle'),
(770,'cried'),
(770,'dinah'),
(770,'earnestly'),
(770,'first.'),
(770,'guests'),
(770,'had'),
(770,'her'),
(770,'his'),
(770,'in.'),
(770,'it'),
(770,'me'),
(770,'now'),
(770,'of'),
(770,'other'),
(770,'out'),
(770,'puzzled'),
(770,'rabbit'),
(770,'said'),
(770,'silence'),
(770,'taken'),
(770,'tell'),
(770,'the'),
(770,'very'),
(770,'watch'),
(770,'what'),
(770,'white'),
(770,'who'),
(770,'why'),
(770,'you'),
(771,'504'),
(771,'all'),
(771,'aloud'),
(771,'and'),
(771,'asked'),
(771,'both'),
(771,'creatures'),
(771,'existence'),
(771,'faces'),
(771,'for'),
(771,'had'),
(771,'he'),
(771,'hid'),
(771,'his'),
(771,'how'),
(771,'in'),
(771,'it'),
(771,'large'),
(771,'moment'),
(771,'now'),
(771,'places--all'),
(771,'proper'),
(771,'rabbit'),
(771,'repeated'),
(771,'she'),
(771,'still'),
(771,'their'),
(771,'turn'),
(771,'was'),
(771,'white'),
(771,'with.'),
(772,'505'),
(772,'and'),
(772,'at.'),
(772,'be'),
(772,'curious'),
(772,'do.'),
(772,'dont'),
(772,'duchess'),
(772,'em'),
(772,'first'),
(772,'her'),
(772,'history'),
(772,'ill'),
(772,'its'),
(772,'ive'),
(772,'know'),
(772,'learn'),
(772,'most'),
(772,'not'),
(772,'of'),
(772,'said'),
(772,'say'),
(772,'she'),
(772,'should'),
(772,'speech.'),
(772,'tell'),
(772,'than'),
(772,'the'),
(772,'think'),
(772,'to'),
(772,'tried'),
(772,'very'),
(772,'your'),
(773,'506'),
(773,'ah'),
(773,'alice.'),
(773,'all'),
(773,'am'),
(773,'and'),
(773,'begins'),
(773,'by'),
(773,'concert'),
(773,'course'),
(773,'from'),
(773,'given'),
(773,'great'),
(773,'hand'),
(773,'him'),
(773,'in'),
(773,'of'),
(773,'one'),
(773,'parchment'),
(773,'returned'),
(773,'said'),
(773,'scroll'),
(773,'thats'),
(773,'the.'),
(773,'to'),
(773,'trumpet'),
(773,'twinkling'),
(773,'way'),
(773,'with'),
(773,'world'),
(773,'you'),
(774,'107'),
(774,'5640'),
(774,'a5177be9-f4c0-5640-b462-df3ca6d0fb95'),
(774,'and'),
(774,'b462'),
(774,'camron'),
(774,'confirmed'),
(774,'df3ca6d0fb95'),
(774,'ebf1e2'),
(774,'europe/amsterdam'),
(774,'event'),
(774,'f4c0'),
(774,'heller'),
(774,'hills'),
(774,'mann'),
(774,'online'),
(774,'spencer'),
(774,'sr.'),
(775,'108'),
(775,'5640'),
(775,'a5177be9-f4c0-5640-b462-df3ca6d0fb95'),
(775,'administrator'),
(775,'and'),
(775,'b462'),
(775,'confirmed'),
(775,'df3ca6d0fb95'),
(775,'ebf1e2'),
(775,'europe/amsterdam'),
(775,'event'),
(775,'f4c0'),
(775,'hills'),
(775,'mann'),
(775,'online'),
(775,'spencer'),
(775,'system'),
(776,'109'),
(776,'5640'),
(776,'a5177be9-f4c0-5640-b462-df3ca6d0fb95'),
(776,'and'),
(776,'ashlee'),
(776,'b462'),
(776,'beier'),
(776,'confirmed'),
(776,'df3ca6d0fb95'),
(776,'ebf1e2'),
(776,'europe/amsterdam'),
(776,'event'),
(776,'f4c0'),
(776,'hills'),
(776,'mann'),
(776,'online'),
(776,'spencer'),
(777,'507'),
(777,'alice'),
(777,'all.'),
(777,'already'),
(777,'and'),
(777,'at'),
(777,'both'),
(777,'bowed'),
(777,'came'),
(777,'curls'),
(777,'dormouse'),
(777,'dream:--'),
(777,'dreamed'),
(777,'entangled'),
(777,'first'),
(777,'got'),
(777,'her'),
(777,'in'),
(777,'it'),
(777,'laughed'),
(777,'little'),
(777,'low'),
(777,'much'),
(777,'of'),
(777,'pebbles'),
(777,'rattling'),
(777,'shall'),
(777,'she'),
(777,'so'),
(777,'that'),
(777,'their'),
(777,'they'),
(777,'together.'),
(777,'was'),
(778,'110'),
(778,'202f82e40ee5'),
(778,'3c1ac064-8877-5cd7-b262-202f82e40ee5'),
(778,'5cd7'),
(778,'8877'),
(778,'and'),
(778,'b262'),
(778,'camron'),
(778,'confirmed'),
(778,'ebf1e2'),
(778,'europe/amsterdam'),
(778,'event'),
(778,'farrell'),
(778,'fisher'),
(778,'heller'),
(778,'herman'),
(778,'online'),
(778,'sr.'),
(779,'111'),
(779,'202f82e40ee5'),
(779,'3c1ac064-8877-5cd7-b262-202f82e40ee5'),
(779,'5cd7'),
(779,'8877'),
(779,'and'),
(779,'ashlee'),
(779,'b262'),
(779,'beier'),
(779,'confirmed'),
(779,'ebf1e2'),
(779,'europe/amsterdam'),
(779,'event'),
(779,'farrell'),
(779,'fisher'),
(779,'herman'),
(779,'online'),
(780,'112'),
(780,'202f82e40ee5'),
(780,'3c1ac064-8877-5cd7-b262-202f82e40ee5'),
(780,'5cd7'),
(780,'8877'),
(780,'and'),
(780,'b262'),
(780,'broderick'),
(780,'confirmed'),
(780,'ebf1e2'),
(780,'europe/amsterdam'),
(780,'event'),
(780,'farrell'),
(780,'fisher'),
(780,'hauck'),
(780,'herman'),
(780,'mr.'),
(780,'online'),
(781,'508'),
(781,'again'),
(781,'and'),
(781,'be.'),
(781,'chain'),
(781,'daisy-chain'),
(781,'feel'),
(781,'felt'),
(781,'fetch'),
(781,'involved'),
(781,'making'),
(781,'me'),
(781,'moment'),
(781,'no'),
(781,'of'),
(781,'pair'),
(781,'pleasure'),
(781,'room'),
(781,'she'),
(781,'sleepy'),
(781,'stop'),
(781,'stupid'),
(781,'sure'),
(781,'the'),
(781,'this'),
(781,'very'),
(781,'way'),
(781,'whether'),
(781,'wonder'),
(781,'would'),
(782,'509'),
(782,'alice'),
(782,'all.'),
(782,'already'),
(782,'and'),
(782,'at'),
(782,'both'),
(782,'bowed'),
(782,'came'),
(782,'curls'),
(782,'dormouse'),
(782,'dream:--'),
(782,'dreamed'),
(782,'entangled'),
(782,'first'),
(782,'got'),
(782,'her'),
(782,'in'),
(782,'it'),
(782,'laughed'),
(782,'little'),
(782,'low'),
(782,'much'),
(782,'of'),
(782,'pebbles'),
(782,'rattling'),
(782,'shall'),
(782,'she'),
(782,'so'),
(782,'that'),
(782,'their'),
(782,'they'),
(782,'together.'),
(782,'was'),
(783,'510'),
(783,'again'),
(783,'agree'),
(783,'alice'),
(783,'and'),
(783,'be'),
(783,'but'),
(783,'certainly'),
(783,'dormouse'),
(783,'everything'),
(783,'felt'),
(783,'grand'),
(783,'grow'),
(783,'large'),
(783,'let'),
(783,'me'),
(783,'no'),
(783,'one'),
(783,'out.'),
(783,'ready'),
(783,'room'),
(783,'said'),
(783,'see:'),
(783,'that'),
(783,'theres'),
(783,'to'),
(783,'turned'),
(783,'up'),
(783,'who'),
(783,'would'),
(783,'you'),
(784,'0291e95c647e'),
(784,'113'),
(784,'2bb03261-71d8-5893-bfb7-0291e95c647e'),
(784,'5893'),
(784,'71d8'),
(784,'and'),
(784,'bfb7'),
(784,'confirmed'),
(784,'ebf1e2'),
(784,'europe/amsterdam'),
(784,'event'),
(784,'mr.'),
(784,'office'),
(784,'shayne'),
(784,'sons'),
(784,'torp'),
(784,'zemlak'),
(785,'0291e95c647e'),
(785,'114'),
(785,'2bb03261-71d8-5893-bfb7-0291e95c647e'),
(785,'5893'),
(785,'71d8'),
(785,'and'),
(785,'bfb7'),
(785,'burdette'),
(785,'confirmed'),
(785,'ebf1e2'),
(785,'europe/amsterdam'),
(785,'event'),
(785,'office'),
(785,'sons'),
(785,'stamm'),
(785,'torp'),
(786,'0291e95c647e'),
(786,'115'),
(786,'2bb03261-71d8-5893-bfb7-0291e95c647e'),
(786,'5893'),
(786,'71d8'),
(786,'administrator'),
(786,'and'),
(786,'bfb7'),
(786,'confirmed'),
(786,'ebf1e2'),
(786,'europe/amsterdam'),
(786,'event'),
(786,'office'),
(786,'sons'),
(786,'system'),
(786,'torp'),
(787,'511'),
(787,'alice'),
(787,'and'),
(787,'as'),
(787,'certain.'),
(787,'could'),
(787,'curtsey'),
(787,'dormouse'),
(787,'dropped'),
(787,'felt'),
(787,'first'),
(787,'gloves'),
(787,'if'),
(787,'ill.'),
(787,'it'),
(787,'kid'),
(787,'please'),
(787,'rabbit'),
(787,'said'),
(787,'she'),
(787,'sir--'),
(787,'started'),
(787,'the'),
(787,'to'),
(787,'tried'),
(787,'verse'),
(787,'very'),
(787,'violently'),
(787,'was'),
(787,'white'),
(787,'you'),
(788,'116'),
(788,'1eaeef31-def8-5d70-8192-626d4a2febd2'),
(788,'5d70'),
(788,'626d4a2febd2'),
(788,'8192'),
(788,'and'),
(788,'confirmed'),
(788,'def8'),
(788,'ebf1e2'),
(788,'europe/amsterdam'),
(788,'event'),
(788,'koepp'),
(788,'mr.'),
(788,'reichert'),
(788,'schinner'),
(788,'shayne'),
(788,'zemlak'),
(789,'117'),
(789,'1eaeef31-def8-5d70-8192-626d4a2febd2'),
(789,'5d70'),
(789,'626d4a2febd2'),
(789,'8192'),
(789,'and'),
(789,'ashlee'),
(789,'beier'),
(789,'confirmed'),
(789,'def8'),
(789,'ebf1e2'),
(789,'europe/amsterdam'),
(789,'event'),
(789,'koepp'),
(789,'reichert'),
(789,'schinner'),
(790,'118'),
(790,'1eaeef31-def8-5d70-8192-626d4a2febd2'),
(790,'5d70'),
(790,'626d4a2febd2'),
(790,'8192'),
(790,'and'),
(790,'confirmed'),
(790,'def8'),
(790,'ebf1e2'),
(790,'europe/amsterdam'),
(790,'event'),
(790,'johnny'),
(790,'kirlin'),
(790,'koepp'),
(790,'prof.'),
(790,'reichert'),
(790,'schinner'),
(791,'512'),
(791,'against'),
(791,'alice.'),
(791,'and.'),
(791,'as'),
(791,'authority'),
(791,'be'),
(791,'could'),
(791,'door'),
(791,'down'),
(791,'elbow'),
(791,'ever'),
(791,'hear'),
(791,'herself'),
(791,'it'),
(791,'lying'),
(791,'of'),
(791,'one'),
(791,'over'),
(791,'person'),
(791,'said'),
(791,'say'),
(791,'she'),
(791,'spoke.'),
(791,'stand'),
(791,'the'),
(791,'to'),
(791,'up'),
(791,'well'),
(791,'wet'),
(791,'will'),
(791,'with'),
(792,'513'),
(792,'again.'),
(792,'alice'),
(792,'all'),
(792,'almost'),
(792,'and'),
(792,'at'),
(792,'began'),
(792,'by'),
(792,'dont'),
(792,'ear'),
(792,'fairly'),
(792,'furious'),
(792,'grunt'),
(792,'in'),
(792,'its'),
(792,'left'),
(792,'not'),
(792,'off'),
(792,'on'),
(792,'ought'),
(792,'out'),
(792,'passion'),
(792,'right'),
(792,'said'),
(792,'sneezing'),
(792,'thats'),
(792,'there'),
(792,'this'),
(792,'time.'),
(792,'to'),
(792,'went'),
(793,'119'),
(793,'5700'),
(793,'8c017e53-d37d-5700-ae58-c295a6aae44e'),
(793,'ae58'),
(793,'c295a6aae44e'),
(793,'confirmed'),
(793,'customer'),
(793,'d37d'),
(793,'ebf1e2'),
(793,'europe/amsterdam'),
(793,'event'),
(793,'ltd'),
(793,'mr.'),
(793,'shayne'),
(793,'wolff'),
(793,'zemlak'),
(794,'120'),
(794,'5700'),
(794,'8c017e53-d37d-5700-ae58-c295a6aae44e'),
(794,'ae58'),
(794,'broderick'),
(794,'c295a6aae44e'),
(794,'confirmed'),
(794,'customer'),
(794,'d37d'),
(794,'ebf1e2'),
(794,'europe/amsterdam'),
(794,'event'),
(794,'hauck'),
(794,'ltd'),
(794,'mr.'),
(794,'wolff'),
(795,'121'),
(795,'5700'),
(795,'8c017e53-d37d-5700-ae58-c295a6aae44e'),
(795,'administrator'),
(795,'ae58'),
(795,'c295a6aae44e'),
(795,'confirmed'),
(795,'customer'),
(795,'d37d'),
(795,'ebf1e2'),
(795,'europe/amsterdam'),
(795,'event'),
(795,'ltd'),
(795,'system'),
(795,'wolff'),
(796,'514'),
(796,'a'),
(796,'can'),
(796,'dormouse.'),
(796,'extremely'),
(796,'eyes'),
(796,'feeling'),
(796,'for'),
(796,'fourteenth'),
(796,'getting'),
(796,'his'),
(796,'hot'),
(796,'its'),
(796,'little'),
(796,'march'),
(796,'minute'),
(796,'nose.'),
(796,'of'),
(796,'opened'),
(796,'or'),
(796,'remember'),
(796,'slowly'),
(796,'small'),
(796,'tea'),
(796,'that'),
(796,'the'),
(796,'think'),
(796,'to'),
(796,'two'),
(796,'upon'),
(796,'very.'),
(796,'were'),
(797,'515'),
(797,'alice'),
(797,'all.'),
(797,'already'),
(797,'and'),
(797,'at'),
(797,'both'),
(797,'bowed'),
(797,'came'),
(797,'curls'),
(797,'dormouse'),
(797,'dream:--'),
(797,'dreamed'),
(797,'entangled'),
(797,'first'),
(797,'got'),
(797,'her'),
(797,'in'),
(797,'it'),
(797,'laughed'),
(797,'little'),
(797,'low'),
(797,'much'),
(797,'of'),
(797,'pebbles'),
(797,'rattling'),
(797,'shall'),
(797,'she'),
(797,'so'),
(797,'that'),
(797,'their'),
(797,'they'),
(797,'together.'),
(797,'was'),
(798,'122'),
(798,'5401'),
(798,'9c08'),
(798,'adc6065a-9c08-5401-ba7c-db677b7d83ab'),
(798,'and'),
(798,'ba7c'),
(798,'confirmed'),
(798,'db677b7d83ab'),
(798,'ebf1e2'),
(798,'europe/amsterdam'),
(798,'event'),
(798,'mr.'),
(798,'office'),
(798,'purdy'),
(798,'shayne'),
(798,'sons'),
(798,'zemlak'),
(799,'123'),
(799,'5401'),
(799,'9c08'),
(799,'adc6065a-9c08-5401-ba7c-db677b7d83ab'),
(799,'and'),
(799,'ba7c'),
(799,'burdette'),
(799,'confirmed'),
(799,'db677b7d83ab'),
(799,'ebf1e2'),
(799,'europe/amsterdam'),
(799,'event'),
(799,'office'),
(799,'purdy'),
(799,'sons'),
(799,'stamm'),
(800,'--and'),
(800,'516'),
(800,'and'),
(800,'at'),
(800,'contemptuously.'),
(800,'dare'),
(800,'even'),
(800,'every'),
(800,'head'),
(800,'himself'),
(800,'his'),
(800,'it'),
(800,'just'),
(800,'looking'),
(800,'never'),
(800,'now'),
(800,'on.'),
(800,'put'),
(800,'raised'),
(800,'say'),
(800,'shaking'),
(800,'she'),
(800,'shoes'),
(800,'spoke'),
(800,'take'),
(800,'then'),
(800,'time.'),
(800,'tiptoe'),
(800,'to'),
(800,'uneasily'),
(800,'upon'),
(800,'was'),
(800,'you'),
(801,'517'),
(801,'all'),
(801,'and'),
(801,'at'),
(801,'cleared'),
(801,'couples:'),
(801,'hand'),
(801,'her'),
(801,'in'),
(801,'last'),
(801,'lying'),
(801,'mock'),
(801,'on'),
(801,'out'),
(801,'rabbits'),
(801,'round'),
(801,'salmon'),
(801,'seals'),
(801,'she'),
(801,'so'),
(801,'spread'),
(801,'the.'),
(801,'then'),
(801,'they'),
(801,'till'),
(801,'turtle.'),
(801,'turtles'),
(801,'voice'),
(801,'were'),
(801,'when'),
(801,'while'),
(801,'youve'),
(802,'518'),
(802,'all'),
(802,'be.'),
(802,'dry'),
(802,'duchess.'),
(802,'enough'),
(802,'for'),
(802,'from'),
(802,'grow'),
(802,'him'),
(802,'i'),
(802,'let'),
(802,'make'),
(802,'me'),
(802,'nowhere'),
(802,'one'),
(802,'returned'),
(802,'same'),
(802,'shorter.'),
(802,'side'),
(802,'solemn'),
(802,'they'),
(802,'think:'),
(802,'though'),
(802,'tone'),
(802,'was'),
(802,'were'),
(802,'will'),
(802,'you'),
(803,'519'),
(803,'alice'),
(803,'all.'),
(803,'already'),
(803,'and'),
(803,'at'),
(803,'both'),
(803,'bowed'),
(803,'came'),
(803,'curls'),
(803,'dormouse'),
(803,'dream:--'),
(803,'dreamed'),
(803,'entangled'),
(803,'first'),
(803,'got'),
(803,'her'),
(803,'in'),
(803,'it'),
(803,'laughed'),
(803,'little'),
(803,'low'),
(803,'much'),
(803,'of'),
(803,'pebbles'),
(803,'rattling'),
(803,'shall'),
(803,'she'),
(803,'so'),
(803,'that'),
(803,'their'),
(803,'they'),
(803,'together.'),
(803,'was'),
(804,'0247'),
(804,'0bcb9697c114'),
(804,'124'),
(804,'55a1'),
(804,'7eba6d1e-0247-55a1-b72c-0bcb9697c114'),
(804,'b72c'),
(804,'confirmed'),
(804,'ebf1e2'),
(804,'europe/amsterdam'),
(804,'event'),
(804,'hane-lesch'),
(804,'lesch'),
(804,'mr.'),
(804,'office'),
(804,'shayne'),
(804,'zemlak'),
(805,'0247'),
(805,'0bcb9697c114'),
(805,'125'),
(805,'55a1'),
(805,'7eba6d1e-0247-55a1-b72c-0bcb9697c114'),
(805,'b72c'),
(805,'cartwright'),
(805,'confirmed'),
(805,'ebf1e2'),
(805,'elizabeth'),
(805,'europe/amsterdam'),
(805,'event'),
(805,'hane-lesch'),
(805,'lesch'),
(805,'mrs.'),
(805,'office'),
(806,'520'),
(806,'again'),
(806,'agree'),
(806,'alice'),
(806,'and'),
(806,'be'),
(806,'but'),
(806,'certainly'),
(806,'dormouse'),
(806,'everything'),
(806,'felt'),
(806,'grand'),
(806,'grow'),
(806,'large'),
(806,'let'),
(806,'me'),
(806,'no'),
(806,'one'),
(806,'out.'),
(806,'ready'),
(806,'room'),
(806,'said'),
(806,'see:'),
(806,'that'),
(806,'theres'),
(806,'to'),
(806,'turned'),
(806,'up'),
(806,'who'),
(806,'would'),
(806,'you'),
(807,'521'),
(807,'again.'),
(807,'alice'),
(807,'all'),
(807,'almost'),
(807,'and'),
(807,'at'),
(807,'began'),
(807,'by'),
(807,'dont'),
(807,'ear'),
(807,'fairly'),
(807,'furious'),
(807,'grunt'),
(807,'in'),
(807,'its'),
(807,'left'),
(807,'not'),
(807,'off'),
(807,'on'),
(807,'ought'),
(807,'out'),
(807,'passion'),
(807,'right'),
(807,'said'),
(807,'sneezing'),
(807,'thats'),
(807,'there'),
(807,'this'),
(807,'time.'),
(807,'to'),
(807,'went'),
(808,'522'),
(808,'air:'),
(808,'are'),
(808,'cattle'),
(808,'cried'),
(808,'dinah'),
(808,'earnestly'),
(808,'first.'),
(808,'guests'),
(808,'had'),
(808,'her'),
(808,'his'),
(808,'in.'),
(808,'it'),
(808,'me'),
(808,'now'),
(808,'of'),
(808,'other'),
(808,'out'),
(808,'puzzled'),
(808,'rabbit'),
(808,'said'),
(808,'silence'),
(808,'taken'),
(808,'tell'),
(808,'the'),
(808,'very'),
(808,'watch'),
(808,'what'),
(808,'white'),
(808,'who'),
(808,'why'),
(808,'you'),
(809,'126'),
(809,'296a'),
(809,'5a8c'),
(809,'af7a'),
(809,'aufderhar'),
(809,'c471db32f57b'),
(809,'cartwright'),
(809,'confirmed'),
(809,'customer'),
(809,'ebf1e2'),
(809,'elizabeth'),
(809,'europe/amsterdam'),
(809,'event'),
(809,'fcf14ddf-296a-5a8c-af7a-c471db32f57b'),
(809,'mcclure-aufderhar'),
(809,'mrs.'),
(810,'127'),
(810,'296a'),
(810,'5a8c'),
(810,'af7a'),
(810,'aufderhar'),
(810,'c471db32f57b'),
(810,'camron'),
(810,'confirmed'),
(810,'customer'),
(810,'ebf1e2'),
(810,'europe/amsterdam'),
(810,'event'),
(810,'fcf14ddf-296a-5a8c-af7a-c471db32f57b'),
(810,'heller'),
(810,'mcclure-aufderhar'),
(810,'sr.'),
(811,'523'),
(811,'air.'),
(811,'alice'),
(811,'but'),
(811,'cats'),
(811,'cut'),
(811,'deeply'),
(811,'duchess'),
(811,'even'),
(811,'finger'),
(811,'got'),
(811,'if'),
(811,'in'),
(811,'ive'),
(811,'knave'),
(811,'like'),
(811,'minute'),
(811,'nurse'),
(811,'of.'),
(811,'passionate'),
(811,'replied'),
(811,'shrill'),
(811,'table'),
(811,'the'),
(811,'to'),
(811,'very'),
(811,'voice.'),
(811,'with'),
(811,'would'),
(811,'your'),
(812,'524'),
(812,'again'),
(812,'agree'),
(812,'alice'),
(812,'and'),
(812,'be'),
(812,'but'),
(812,'certainly'),
(812,'dormouse'),
(812,'everything'),
(812,'felt'),
(812,'grand'),
(812,'grow'),
(812,'large'),
(812,'let'),
(812,'me'),
(812,'no'),
(812,'one'),
(812,'out.'),
(812,'ready'),
(812,'room'),
(812,'said'),
(812,'see:'),
(812,'that'),
(812,'theres'),
(812,'to'),
(812,'turned'),
(812,'up'),
(812,'who'),
(812,'would'),
(812,'you'),
(813,'525'),
(813,'all'),
(813,'and'),
(813,'at'),
(813,'cleared'),
(813,'couples:'),
(813,'hand'),
(813,'her'),
(813,'in'),
(813,'last'),
(813,'lying'),
(813,'mock'),
(813,'on'),
(813,'out'),
(813,'rabbits'),
(813,'round'),
(813,'salmon'),
(813,'seals'),
(813,'she'),
(813,'so'),
(813,'spread'),
(813,'the.'),
(813,'then'),
(813,'they'),
(813,'till'),
(813,'turtle.'),
(813,'turtles'),
(813,'voice'),
(813,'were'),
(813,'when'),
(813,'while'),
(813,'youve'),
(814,'526'),
(814,'all'),
(814,'aloud'),
(814,'and'),
(814,'asked'),
(814,'both'),
(814,'creatures'),
(814,'existence'),
(814,'faces'),
(814,'for'),
(814,'had'),
(814,'he'),
(814,'hid'),
(814,'his'),
(814,'how'),
(814,'in'),
(814,'it'),
(814,'large'),
(814,'moment'),
(814,'now'),
(814,'places--all'),
(814,'proper'),
(814,'rabbit'),
(814,'repeated'),
(814,'she'),
(814,'still'),
(814,'their'),
(814,'turn'),
(814,'was'),
(814,'white'),
(814,'with.'),
(815,'128'),
(815,'1a6413f2-9d6c-5f66-81be-e3594c0809d8'),
(815,'5f66'),
(815,'81be'),
(815,'9d6c'),
(815,'and'),
(815,'cartwright'),
(815,'confirmed'),
(815,'e3594c0809d8'),
(815,'ebf1e2'),
(815,'elizabeth'),
(815,'europe/amsterdam'),
(815,'event'),
(815,'kuvalis'),
(815,'marquardt'),
(815,'mrs.'),
(815,'ratke'),
(816,'129'),
(816,'1a6413f2-9d6c-5f66-81be-e3594c0809d8'),
(816,'5f66'),
(816,'81be'),
(816,'9d6c'),
(816,'and'),
(816,'camron'),
(816,'confirmed'),
(816,'e3594c0809d8'),
(816,'ebf1e2'),
(816,'europe/amsterdam'),
(816,'event'),
(816,'heller'),
(816,'kuvalis'),
(816,'marquardt'),
(816,'ratke'),
(816,'sr.'),
(817,'130'),
(817,'1a6413f2-9d6c-5f66-81be-e3594c0809d8'),
(817,'5f66'),
(817,'81be'),
(817,'9d6c'),
(817,'and'),
(817,'burdette'),
(817,'confirmed'),
(817,'e3594c0809d8'),
(817,'ebf1e2'),
(817,'europe/amsterdam'),
(817,'event'),
(817,'kuvalis'),
(817,'marquardt'),
(817,'ratke'),
(817,'stamm'),
(818,'--and'),
(818,'527'),
(818,'and'),
(818,'at'),
(818,'contemptuously.'),
(818,'dare'),
(818,'even'),
(818,'every'),
(818,'head'),
(818,'himself'),
(818,'his'),
(818,'it'),
(818,'just'),
(818,'looking'),
(818,'never'),
(818,'now'),
(818,'on.'),
(818,'put'),
(818,'raised'),
(818,'say'),
(818,'shaking'),
(818,'she'),
(818,'shoes'),
(818,'spoke'),
(818,'take'),
(818,'then'),
(818,'time.'),
(818,'tiptoe'),
(818,'to'),
(818,'uneasily'),
(818,'upon'),
(818,'was'),
(818,'you'),
(819,'528'),
(819,'against'),
(819,'alice.'),
(819,'and.'),
(819,'as'),
(819,'authority'),
(819,'be'),
(819,'could'),
(819,'door'),
(819,'down'),
(819,'elbow'),
(819,'ever'),
(819,'hear'),
(819,'herself'),
(819,'it'),
(819,'lying'),
(819,'of'),
(819,'one'),
(819,'over'),
(819,'person'),
(819,'said'),
(819,'say'),
(819,'she'),
(819,'spoke.'),
(819,'stand'),
(819,'the'),
(819,'to'),
(819,'up'),
(819,'well'),
(819,'wet'),
(819,'will'),
(819,'with'),
(820,'131'),
(820,'2d8f695e781f'),
(820,'3edc'),
(820,'5b89'),
(820,'90a7e8d3-3edc-5b89-b3d8-2d8f695e781f'),
(820,'and'),
(820,'b3d8'),
(820,'cartwright'),
(820,'confirmed'),
(820,'ebf1e2'),
(820,'elizabeth'),
(820,'europe/amsterdam'),
(820,'event'),
(820,'hudson'),
(820,'kshlerin'),
(820,'mrs.'),
(820,'murray'),
(820,'online'),
(821,'132'),
(821,'2d8f695e781f'),
(821,'3edc'),
(821,'5b89'),
(821,'90a7e8d3-3edc-5b89-b3d8-2d8f695e781f'),
(821,'and'),
(821,'b3d8'),
(821,'broderick'),
(821,'confirmed'),
(821,'ebf1e2'),
(821,'europe/amsterdam'),
(821,'event'),
(821,'hauck'),
(821,'hudson'),
(821,'kshlerin'),
(821,'mr.'),
(821,'murray'),
(821,'online'),
(822,'133'),
(822,'2d8f695e781f'),
(822,'3edc'),
(822,'5b89'),
(822,'90a7e8d3-3edc-5b89-b3d8-2d8f695e781f'),
(822,'and'),
(822,'b3d8'),
(822,'confirmed'),
(822,'ebf1e2'),
(822,'europe/amsterdam'),
(822,'event'),
(822,'hudson'),
(822,'jedidiah'),
(822,'kshlerin'),
(822,'mr.'),
(822,'murray'),
(822,'online'),
(822,'tromp'),
(823,'529'),
(823,'a.'),
(823,'about'),
(823,'anxiously'),
(823,'be'),
(823,'doesnt'),
(823,'fifteenth'),
(823,'gryphon'),
(823,'help'),
(823,'her.'),
(823,'its'),
(823,'last'),
(823,'let'),
(823,'like'),
(823,'looking'),
(823,'me'),
(823,'oh'),
(823,'on'),
(823,'remark'),
(823,'said.'),
(823,'shall'),
(823,'she'),
(823,'the'),
(823,'this'),
(823,'to'),
(823,'undo'),
(823,'vegetable.'),
(823,'went'),
(824,'134'),
(824,'568b'),
(824,'6837'),
(824,'a3536e84-6837-568b-a507-a5fe8de5a6b1'),
(824,'a507'),
(824,'a5fe8de5a6b1'),
(824,'cartwright'),
(824,'confirmed'),
(824,'ebf1e2'),
(824,'elizabeth'),
(824,'europe/amsterdam'),
(824,'event'),
(824,'gerhold-hand'),
(824,'hand'),
(824,'mrs.'),
(825,'135'),
(825,'568b'),
(825,'6837'),
(825,'a3536e84-6837-568b-a507-a5fe8de5a6b1'),
(825,'a507'),
(825,'a5fe8de5a6b1'),
(825,'camron'),
(825,'confirmed'),
(825,'ebf1e2'),
(825,'europe/amsterdam'),
(825,'event'),
(825,'gerhold-hand'),
(825,'hand'),
(825,'heller'),
(825,'sr.'),
(826,'136'),
(826,'568b'),
(826,'6837'),
(826,'a3536e84-6837-568b-a507-a5fe8de5a6b1'),
(826,'a507'),
(826,'a5fe8de5a6b1'),
(826,'confirmed'),
(826,'ebf1e2'),
(826,'europe/amsterdam'),
(826,'event'),
(826,'gerhold-hand'),
(826,'hand'),
(826,'mr.'),
(826,'shayne'),
(826,'zemlak'),
(827,'530'),
(827,'air:'),
(827,'are'),
(827,'cattle'),
(827,'cried'),
(827,'dinah'),
(827,'earnestly'),
(827,'first.'),
(827,'guests'),
(827,'had'),
(827,'her'),
(827,'his'),
(827,'in.'),
(827,'it'),
(827,'me'),
(827,'now'),
(827,'of'),
(827,'other'),
(827,'out'),
(827,'puzzled'),
(827,'rabbit'),
(827,'said'),
(827,'silence'),
(827,'taken'),
(827,'tell'),
(827,'the'),
(827,'very'),
(827,'watch'),
(827,'what'),
(827,'white'),
(827,'who'),
(827,'why'),
(827,'you'),
(828,'531'),
(828,'accounts'),
(828,'ah'),
(828,'be'),
(828,'but'),
(828,'chain'),
(828,'daisy-chain'),
(828,'dont'),
(828,'five'),
(828,'for'),
(828,'in'),
(828,'it'),
(828,'learn'),
(828,'like'),
(828,'making'),
(828,'music.'),
(828,'of'),
(828,'pleased'),
(828,'pleasure'),
(828,'pray'),
(828,'said'),
(828,'say'),
(828,'soothing.'),
(828,'that'),
(828,'the'),
(828,'tone.'),
(828,'trouble'),
(828,'whether'),
(828,'would'),
(828,'yourself'),
(829,'--and'),
(829,'532'),
(829,'and'),
(829,'at'),
(829,'contemptuously.'),
(829,'dare'),
(829,'even'),
(829,'every'),
(829,'head'),
(829,'himself'),
(829,'his'),
(829,'it'),
(829,'just'),
(829,'looking'),
(829,'never'),
(829,'now'),
(829,'on.'),
(829,'put'),
(829,'raised'),
(829,'say'),
(829,'shaking'),
(829,'she'),
(829,'shoes'),
(829,'spoke'),
(829,'take'),
(829,'then'),
(829,'time.'),
(829,'tiptoe'),
(829,'to'),
(829,'uneasily'),
(829,'upon'),
(829,'was'),
(829,'you'),
(830,'137'),
(830,'30f2ca72-ba7b-598d-9dfb-8ebeab7204e0'),
(830,'598d'),
(830,'8ebeab7204e0'),
(830,'9dfb'),
(830,'aufderhar'),
(830,'ba7b'),
(830,'cartwright'),
(830,'confirmed'),
(830,'ebf1e2'),
(830,'elizabeth'),
(830,'europe/amsterdam'),
(830,'event'),
(830,'llc'),
(830,'mrs.'),
(830,'office'),
(831,'138'),
(831,'30f2ca72-ba7b-598d-9dfb-8ebeab7204e0'),
(831,'598d'),
(831,'8ebeab7204e0'),
(831,'9dfb'),
(831,'aufderhar'),
(831,'ba7b'),
(831,'broderick'),
(831,'confirmed'),
(831,'ebf1e2'),
(831,'europe/amsterdam'),
(831,'event'),
(831,'hauck'),
(831,'llc'),
(831,'mr.'),
(831,'office'),
(832,'533'),
(832,'accounts'),
(832,'ah'),
(832,'be'),
(832,'but'),
(832,'chain'),
(832,'daisy-chain'),
(832,'dont'),
(832,'five'),
(832,'for'),
(832,'in'),
(832,'it'),
(832,'learn'),
(832,'like'),
(832,'making'),
(832,'music.'),
(832,'of'),
(832,'pleased'),
(832,'pleasure'),
(832,'pray'),
(832,'said'),
(832,'say'),
(832,'soothing.'),
(832,'that'),
(832,'the'),
(832,'tone.'),
(832,'trouble'),
(832,'whether'),
(832,'would'),
(832,'yourself'),
(833,'139'),
(833,'59e8'),
(833,'818c'),
(833,'and'),
(833,'beatty'),
(833,'bergnaum'),
(833,'ccfc931b-dcc6-59e8-818c-eb2b379f4755'),
(833,'confirmed'),
(833,'dcc6'),
(833,'eb2b379f4755'),
(833,'ebf1e2'),
(833,'europe/amsterdam'),
(833,'event'),
(833,'jr.'),
(833,'kirlin'),
(833,'online'),
(833,'prof.'),
(833,'runolfsson'),
(833,'simone'),
(834,'140'),
(834,'59e8'),
(834,'818c'),
(834,'and'),
(834,'beatty'),
(834,'bergnaum'),
(834,'camron'),
(834,'ccfc931b-dcc6-59e8-818c-eb2b379f4755'),
(834,'confirmed'),
(834,'dcc6'),
(834,'eb2b379f4755'),
(834,'ebf1e2'),
(834,'europe/amsterdam'),
(834,'event'),
(834,'heller'),
(834,'online'),
(834,'runolfsson'),
(834,'sr.'),
(835,'534'),
(835,'all'),
(835,'aloud'),
(835,'and'),
(835,'asked'),
(835,'both'),
(835,'creatures'),
(835,'existence'),
(835,'faces'),
(835,'for'),
(835,'had'),
(835,'he'),
(835,'hid'),
(835,'his'),
(835,'how'),
(835,'in'),
(835,'it'),
(835,'large'),
(835,'moment'),
(835,'now'),
(835,'places--all'),
(835,'proper'),
(835,'rabbit'),
(835,'repeated'),
(835,'she'),
(835,'still'),
(835,'their'),
(835,'turn'),
(835,'was'),
(835,'white'),
(835,'with.'),
(836,'535'),
(836,'a'),
(836,'can'),
(836,'dormouse.'),
(836,'extremely'),
(836,'eyes'),
(836,'feeling'),
(836,'for'),
(836,'fourteenth'),
(836,'getting'),
(836,'his'),
(836,'hot'),
(836,'its'),
(836,'little'),
(836,'march'),
(836,'minute'),
(836,'nose.'),
(836,'of'),
(836,'opened'),
(836,'or'),
(836,'remember'),
(836,'slowly'),
(836,'small'),
(836,'tea'),
(836,'that'),
(836,'the'),
(836,'think'),
(836,'to'),
(836,'two'),
(836,'upon'),
(836,'very.'),
(836,'were'),
(837,'141'),
(837,'524b'),
(837,'94ff6395-ddca-524b-9921-d595edac613d'),
(837,'9921'),
(837,'confirmed'),
(837,'d595edac613d'),
(837,'ddca'),
(837,'ebf1e2'),
(837,'europe/amsterdam'),
(837,'event'),
(837,'greenholt'),
(837,'jr.'),
(837,'kirlin'),
(837,'lynch-greenholt'),
(837,'online'),
(837,'prof.'),
(837,'simone'),
(838,'142'),
(838,'524b'),
(838,'94ff6395-ddca-524b-9921-d595edac613d'),
(838,'9921'),
(838,'ashlee'),
(838,'beier'),
(838,'confirmed'),
(838,'d595edac613d'),
(838,'ddca'),
(838,'ebf1e2'),
(838,'europe/amsterdam'),
(838,'event'),
(838,'greenholt'),
(838,'lynch-greenholt'),
(838,'online'),
(839,'143'),
(839,'524b'),
(839,'94ff6395-ddca-524b-9921-d595edac613d'),
(839,'9921'),
(839,'burdette'),
(839,'confirmed'),
(839,'d595edac613d'),
(839,'ddca'),
(839,'ebf1e2'),
(839,'europe/amsterdam'),
(839,'event'),
(839,'greenholt'),
(839,'lynch-greenholt'),
(839,'online'),
(839,'stamm'),
(840,'536'),
(840,'again'),
(840,'and'),
(840,'be.'),
(840,'chain'),
(840,'daisy-chain'),
(840,'feel'),
(840,'felt'),
(840,'fetch'),
(840,'involved'),
(840,'making'),
(840,'me'),
(840,'moment'),
(840,'no'),
(840,'of'),
(840,'pair'),
(840,'pleasure'),
(840,'room'),
(840,'she'),
(840,'sleepy'),
(840,'stop'),
(840,'stupid'),
(840,'sure'),
(840,'the'),
(840,'this'),
(840,'very'),
(840,'way'),
(840,'whether'),
(840,'wonder'),
(840,'would'),
(841,'144'),
(841,'3eb1e384-7519-56ef-a42d-cb7d23a1cb9b'),
(841,'56ef'),
(841,'7519'),
(841,'a42d'),
(841,'and'),
(841,'barton'),
(841,'cb7d23a1cb9b'),
(841,'confirmed'),
(841,'dach'),
(841,'ebf1e2'),
(841,'europe/amsterdam'),
(841,'event'),
(841,'goldner'),
(841,'jr.'),
(841,'kirlin'),
(841,'office'),
(841,'prof.'),
(841,'simone'),
(842,'145'),
(842,'3eb1e384-7519-56ef-a42d-cb7d23a1cb9b'),
(842,'56ef'),
(842,'7519'),
(842,'a42d'),
(842,'and'),
(842,'ashlee'),
(842,'barton'),
(842,'beier'),
(842,'cb7d23a1cb9b'),
(842,'confirmed'),
(842,'dach'),
(842,'ebf1e2'),
(842,'europe/amsterdam'),
(842,'event'),
(842,'goldner'),
(842,'office'),
(843,'146'),
(843,'3eb1e384-7519-56ef-a42d-cb7d23a1cb9b'),
(843,'56ef'),
(843,'7519'),
(843,'a42d'),
(843,'and'),
(843,'barton'),
(843,'cb7d23a1cb9b'),
(843,'confirmed'),
(843,'dach'),
(843,'ebf1e2'),
(843,'europe/amsterdam'),
(843,'event'),
(843,'goldner'),
(843,'howe'),
(843,'office'),
(843,'tony'),
(844,'537'),
(844,'air.'),
(844,'alice'),
(844,'but'),
(844,'cats'),
(844,'cut'),
(844,'deeply'),
(844,'duchess'),
(844,'even'),
(844,'finger'),
(844,'got'),
(844,'if'),
(844,'in'),
(844,'ive'),
(844,'knave'),
(844,'like'),
(844,'minute'),
(844,'nurse'),
(844,'of.'),
(844,'passionate'),
(844,'replied'),
(844,'shrill'),
(844,'table'),
(844,'the'),
(844,'to'),
(844,'very'),
(844,'voice.'),
(844,'with'),
(844,'would'),
(844,'your'),
(845,'538'),
(845,'against'),
(845,'alice.'),
(845,'and.'),
(845,'as'),
(845,'authority'),
(845,'be'),
(845,'could'),
(845,'door'),
(845,'down'),
(845,'elbow'),
(845,'ever'),
(845,'hear'),
(845,'herself'),
(845,'it'),
(845,'lying'),
(845,'of'),
(845,'one'),
(845,'over'),
(845,'person'),
(845,'said'),
(845,'say'),
(845,'she'),
(845,'spoke.'),
(845,'stand'),
(845,'the'),
(845,'to'),
(845,'up'),
(845,'well'),
(845,'wet'),
(845,'will'),
(845,'with'),
(846,'539'),
(846,'air:'),
(846,'are'),
(846,'cattle'),
(846,'cried'),
(846,'dinah'),
(846,'earnestly'),
(846,'first.'),
(846,'guests'),
(846,'had'),
(846,'her'),
(846,'his'),
(846,'in.'),
(846,'it'),
(846,'me'),
(846,'now'),
(846,'of'),
(846,'other'),
(846,'out'),
(846,'puzzled'),
(846,'rabbit'),
(846,'said'),
(846,'silence'),
(846,'taken'),
(846,'tell'),
(846,'the'),
(846,'very'),
(846,'watch'),
(846,'what'),
(846,'white'),
(846,'who'),
(846,'why'),
(846,'you'),
(847,'540'),
(847,'again'),
(847,'and'),
(847,'be.'),
(847,'chain'),
(847,'daisy-chain'),
(847,'feel'),
(847,'felt'),
(847,'fetch'),
(847,'involved'),
(847,'making'),
(847,'me'),
(847,'moment'),
(847,'no'),
(847,'of'),
(847,'pair'),
(847,'pleasure'),
(847,'room'),
(847,'she'),
(847,'sleepy'),
(847,'stop'),
(847,'stupid'),
(847,'sure'),
(847,'the'),
(847,'this'),
(847,'very'),
(847,'way'),
(847,'whether'),
(847,'wonder'),
(847,'would'),
(848,'541'),
(848,'again.'),
(848,'alice'),
(848,'all'),
(848,'almost'),
(848,'and'),
(848,'at'),
(848,'began'),
(848,'by'),
(848,'dont'),
(848,'ear'),
(848,'fairly'),
(848,'furious'),
(848,'grunt'),
(848,'in'),
(848,'its'),
(848,'left'),
(848,'not'),
(848,'off'),
(848,'on'),
(848,'ought'),
(848,'out'),
(848,'passion'),
(848,'right'),
(848,'said'),
(848,'sneezing'),
(848,'thats'),
(848,'there'),
(848,'this'),
(848,'time.'),
(848,'to'),
(848,'went'),
(849,'147'),
(849,'5ed1'),
(849,'a2e2'),
(849,'a5c8'),
(849,'b0cc8de7c38a'),
(849,'confirmed'),
(849,'e5c262da-a2e2-5ed1-a5c8-b0cc8de7c38a'),
(849,'ebf1e2'),
(849,'europe/amsterdam'),
(849,'event'),
(849,'hintz'),
(849,'jr.'),
(849,'kirlin'),
(849,'online'),
(849,'plc'),
(849,'prof.'),
(849,'simone'),
(850,'148'),
(850,'5ed1'),
(850,'a2e2'),
(850,'a5c8'),
(850,'b0cc8de7c38a'),
(850,'confirmed'),
(850,'e5c262da-a2e2-5ed1-a5c8-b0cc8de7c38a'),
(850,'ebf1e2'),
(850,'europe/amsterdam'),
(850,'event'),
(850,'hintz'),
(850,'howe'),
(850,'online'),
(850,'plc'),
(850,'tony'),
(851,'149'),
(851,'5ed1'),
(851,'a2e2'),
(851,'a5c8'),
(851,'administrator'),
(851,'b0cc8de7c38a'),
(851,'confirmed'),
(851,'e5c262da-a2e2-5ed1-a5c8-b0cc8de7c38a'),
(851,'ebf1e2'),
(851,'europe/amsterdam'),
(851,'event'),
(851,'hintz'),
(851,'online'),
(851,'plc'),
(851,'system'),
(852,'542'),
(852,'again'),
(852,'and'),
(852,'be.'),
(852,'chain'),
(852,'daisy-chain'),
(852,'feel'),
(852,'felt'),
(852,'fetch'),
(852,'involved'),
(852,'making'),
(852,'me'),
(852,'moment'),
(852,'no'),
(852,'of'),
(852,'pair'),
(852,'pleasure'),
(852,'room'),
(852,'she'),
(852,'sleepy'),
(852,'stop'),
(852,'stupid'),
(852,'sure'),
(852,'the'),
(852,'this'),
(852,'very'),
(852,'way'),
(852,'whether'),
(852,'wonder'),
(852,'would'),
(853,'150'),
(853,'2fdd9fbd-6a9b-5f61-a001-f2117afae1f0'),
(853,'5f61'),
(853,'6a9b'),
(853,'a001'),
(853,'confirmed'),
(853,'cruickshank-terry'),
(853,'customer'),
(853,'ebf1e2'),
(853,'europe/amsterdam'),
(853,'event'),
(853,'f2117afae1f0'),
(853,'jr.'),
(853,'kirlin'),
(853,'prof.'),
(853,'simone'),
(853,'terry'),
(854,'151'),
(854,'2fdd9fbd-6a9b-5f61-a001-f2117afae1f0'),
(854,'5f61'),
(854,'6a9b'),
(854,'a001'),
(854,'confirmed'),
(854,'cruickshank-terry'),
(854,'customer'),
(854,'ebf1e2'),
(854,'europe/amsterdam'),
(854,'event'),
(854,'f2117afae1f0'),
(854,'mr.'),
(854,'shayne'),
(854,'terry'),
(854,'zemlak'),
(855,'543'),
(855,'a'),
(855,'can'),
(855,'dormouse.'),
(855,'extremely'),
(855,'eyes'),
(855,'feeling'),
(855,'for'),
(855,'fourteenth'),
(855,'getting'),
(855,'his'),
(855,'hot'),
(855,'its'),
(855,'little'),
(855,'march'),
(855,'minute'),
(855,'nose.'),
(855,'of'),
(855,'opened'),
(855,'or'),
(855,'remember'),
(855,'slowly'),
(855,'small'),
(855,'tea'),
(855,'that'),
(855,'the'),
(855,'think'),
(855,'to'),
(855,'two'),
(855,'upon'),
(855,'very.'),
(855,'were'),
(856,'152'),
(856,'49d893a9-ffd0-56c7-9aad-68f94b168eb3'),
(856,'56c7'),
(856,'68f94b168eb3'),
(856,'9aad'),
(856,'and'),
(856,'bergnaum'),
(856,'confirmed'),
(856,'durgan'),
(856,'ebf1e2'),
(856,'europe/amsterdam'),
(856,'event'),
(856,'ffd0'),
(856,'hammes'),
(856,'hettinger'),
(856,'nicklaus'),
(856,'office'),
(857,'153'),
(857,'49d893a9-ffd0-56c7-9aad-68f94b168eb3'),
(857,'56c7'),
(857,'68f94b168eb3'),
(857,'9aad'),
(857,'and'),
(857,'bergnaum'),
(857,'cartwright'),
(857,'confirmed'),
(857,'ebf1e2'),
(857,'elizabeth'),
(857,'europe/amsterdam'),
(857,'event'),
(857,'ffd0'),
(857,'hammes'),
(857,'hettinger'),
(857,'mrs.'),
(857,'office'),
(858,'154'),
(858,'49d893a9-ffd0-56c7-9aad-68f94b168eb3'),
(858,'56c7'),
(858,'68f94b168eb3'),
(858,'9aad'),
(858,'and'),
(858,'bergnaum'),
(858,'confirmed'),
(858,'ebf1e2'),
(858,'europe/amsterdam'),
(858,'event'),
(858,'ffd0'),
(858,'hammes'),
(858,'hettinger'),
(858,'jedidiah'),
(858,'mr.'),
(858,'office'),
(858,'tromp'),
(859,'544'),
(859,'alice'),
(859,'all'),
(859,'and'),
(859,'been'),
(859,'bleeds'),
(859,'court'),
(859,'doing'),
(859,'hare'),
(859,'have'),
(859,'here'),
(859,'it'),
(859,'knife'),
(859,'looked'),
(859,'majesty'),
(859,'march'),
(859,'may'),
(859,'on'),
(859,'please'),
(859,'round'),
(859,'said'),
(859,'she.'),
(859,'still'),
(859,'the'),
(859,'to'),
(859,'usually'),
(859,'was'),
(859,'went'),
(859,'what'),
(859,'with'),
(859,'your'),
(860,'155'),
(860,'3b6f'),
(860,'5eb4'),
(860,'5f2eb8208ca1'),
(860,'bf22'),
(860,'c936cfe5-3b6f-5eb4-bf22-5f2eb8208ca1'),
(860,'confirmed'),
(860,'durgan'),
(860,'ebf1e2'),
(860,'europe/amsterdam'),
(860,'event'),
(860,'gislason'),
(860,'hill-gislason'),
(860,'nicklaus'),
(860,'online'),
(861,'156'),
(861,'3b6f'),
(861,'5eb4'),
(861,'5f2eb8208ca1'),
(861,'ashlee'),
(861,'beier'),
(861,'bf22'),
(861,'c936cfe5-3b6f-5eb4-bf22-5f2eb8208ca1'),
(861,'confirmed'),
(861,'ebf1e2'),
(861,'europe/amsterdam'),
(861,'event'),
(861,'gislason'),
(861,'hill-gislason'),
(861,'online'),
(862,'545'),
(862,'against'),
(862,'alice.'),
(862,'and.'),
(862,'as'),
(862,'authority'),
(862,'be'),
(862,'could'),
(862,'door'),
(862,'down'),
(862,'elbow'),
(862,'ever'),
(862,'hear'),
(862,'herself'),
(862,'it'),
(862,'lying'),
(862,'of'),
(862,'one'),
(862,'over'),
(862,'person'),
(862,'said'),
(862,'say'),
(862,'she'),
(862,'spoke.'),
(862,'stand'),
(862,'the'),
(862,'to'),
(862,'up'),
(862,'well'),
(862,'wet'),
(862,'will'),
(862,'with'),
(863,'0aaa4fcb-f0f0-5fa0-ad1f-51c9579abc44'),
(863,'157'),
(863,'51c9579abc44'),
(863,'5fa0'),
(863,'ad1f'),
(863,'and'),
(863,'confirmed'),
(863,'customer'),
(863,'durgan'),
(863,'ebf1e2'),
(863,'europe/amsterdam'),
(863,'event'),
(863,'f0f0'),
(863,'hill'),
(863,'koelpin'),
(863,'nicklaus'),
(863,'pacocha'),
(864,'0aaa4fcb-f0f0-5fa0-ad1f-51c9579abc44'),
(864,'158'),
(864,'51c9579abc44'),
(864,'5fa0'),
(864,'ad1f'),
(864,'and'),
(864,'confirmed'),
(864,'customer'),
(864,'ebf1e2'),
(864,'europe/amsterdam'),
(864,'event'),
(864,'f0f0'),
(864,'hill'),
(864,'jedidiah'),
(864,'koelpin'),
(864,'mr.'),
(864,'pacocha'),
(864,'tromp'),
(865,'0aaa4fcb-f0f0-5fa0-ad1f-51c9579abc44'),
(865,'159'),
(865,'51c9579abc44'),
(865,'5fa0'),
(865,'ad1f'),
(865,'and'),
(865,'burdette'),
(865,'confirmed'),
(865,'customer'),
(865,'ebf1e2'),
(865,'europe/amsterdam'),
(865,'event'),
(865,'f0f0'),
(865,'hill'),
(865,'koelpin'),
(865,'pacocha'),
(865,'stamm'),
(866,'546'),
(866,'again'),
(866,'agree'),
(866,'alice'),
(866,'and'),
(866,'be'),
(866,'but'),
(866,'certainly'),
(866,'dormouse'),
(866,'everything'),
(866,'felt'),
(866,'grand'),
(866,'grow'),
(866,'large'),
(866,'let'),
(866,'me'),
(866,'no'),
(866,'one'),
(866,'out.'),
(866,'ready'),
(866,'room'),
(866,'said'),
(866,'see:'),
(866,'that'),
(866,'theres'),
(866,'to'),
(866,'turned'),
(866,'up'),
(866,'who'),
(866,'would'),
(866,'you'),
(867,'547'),
(867,'a.'),
(867,'about'),
(867,'anxiously'),
(867,'be'),
(867,'doesnt'),
(867,'fifteenth'),
(867,'gryphon'),
(867,'help'),
(867,'her.'),
(867,'its'),
(867,'last'),
(867,'let'),
(867,'like'),
(867,'looking'),
(867,'me'),
(867,'oh'),
(867,'on'),
(867,'remark'),
(867,'said.'),
(867,'shall'),
(867,'she'),
(867,'the'),
(867,'this'),
(867,'to'),
(867,'undo'),
(867,'vegetable.'),
(867,'went'),
(868,'548'),
(868,'alice'),
(868,'and'),
(868,'as'),
(868,'certain.'),
(868,'could'),
(868,'curtsey'),
(868,'dormouse'),
(868,'dropped'),
(868,'felt'),
(868,'first'),
(868,'gloves'),
(868,'if'),
(868,'ill.'),
(868,'it'),
(868,'kid'),
(868,'please'),
(868,'rabbit'),
(868,'said'),
(868,'she'),
(868,'sir--'),
(868,'started'),
(868,'the'),
(868,'to'),
(868,'tried'),
(868,'verse'),
(868,'very'),
(868,'violently'),
(868,'was'),
(868,'white'),
(868,'you'),
(869,'549'),
(869,'air:'),
(869,'are'),
(869,'cattle'),
(869,'cried'),
(869,'dinah'),
(869,'earnestly'),
(869,'first.'),
(869,'guests'),
(869,'had'),
(869,'her'),
(869,'his'),
(869,'in.'),
(869,'it'),
(869,'me'),
(869,'now'),
(869,'of'),
(869,'other'),
(869,'out'),
(869,'puzzled'),
(869,'rabbit'),
(869,'said'),
(869,'silence'),
(869,'taken'),
(869,'tell'),
(869,'the'),
(869,'very'),
(869,'watch'),
(869,'what'),
(869,'white'),
(869,'who'),
(869,'why'),
(869,'you'),
(870,'550'),
(870,'against'),
(870,'alice.'),
(870,'and.'),
(870,'as'),
(870,'authority'),
(870,'be'),
(870,'could'),
(870,'door'),
(870,'down'),
(870,'elbow'),
(870,'ever'),
(870,'hear'),
(870,'herself'),
(870,'it'),
(870,'lying'),
(870,'of'),
(870,'one'),
(870,'over'),
(870,'person'),
(870,'said'),
(870,'say'),
(870,'she'),
(870,'spoke.'),
(870,'stand'),
(870,'the'),
(870,'to'),
(870,'up'),
(870,'well'),
(870,'wet'),
(870,'will'),
(870,'with'),
(871,'0ab62ffb-e679-5616-8587-6005c62fd2a2'),
(871,'160'),
(871,'5616'),
(871,'6005c62fd2a2'),
(871,'8587'),
(871,'and'),
(871,'confirmed'),
(871,'durgan'),
(871,'e679'),
(871,'ebf1e2'),
(871,'europe/amsterdam'),
(871,'event'),
(871,'gorczany'),
(871,'koch'),
(871,'murphy'),
(871,'nicklaus'),
(872,'0ab62ffb-e679-5616-8587-6005c62fd2a2'),
(872,'161'),
(872,'5616'),
(872,'6005c62fd2a2'),
(872,'8587'),
(872,'and'),
(872,'cartwright'),
(872,'confirmed'),
(872,'e679'),
(872,'ebf1e2'),
(872,'elizabeth'),
(872,'europe/amsterdam'),
(872,'event'),
(872,'gorczany'),
(872,'koch'),
(872,'mrs.'),
(872,'murphy'),
(873,'0ab62ffb-e679-5616-8587-6005c62fd2a2'),
(873,'162'),
(873,'5616'),
(873,'6005c62fd2a2'),
(873,'8587'),
(873,'and'),
(873,'broderick'),
(873,'confirmed'),
(873,'e679'),
(873,'ebf1e2'),
(873,'europe/amsterdam'),
(873,'event'),
(873,'gorczany'),
(873,'hauck'),
(873,'koch'),
(873,'mr.'),
(873,'murphy'),
(874,'551'),
(874,'against'),
(874,'alice.'),
(874,'and.'),
(874,'as'),
(874,'authority'),
(874,'be'),
(874,'could'),
(874,'door'),
(874,'down'),
(874,'elbow'),
(874,'ever'),
(874,'hear'),
(874,'herself'),
(874,'it'),
(874,'lying'),
(874,'of'),
(874,'one'),
(874,'over'),
(874,'person'),
(874,'said'),
(874,'say'),
(874,'she'),
(874,'spoke.'),
(874,'stand'),
(874,'the'),
(874,'to'),
(874,'up'),
(874,'well'),
(874,'wet'),
(874,'will'),
(874,'with'),
(875,'552'),
(875,'ah'),
(875,'alice.'),
(875,'all'),
(875,'am'),
(875,'and'),
(875,'begins'),
(875,'by'),
(875,'concert'),
(875,'course'),
(875,'from'),
(875,'given'),
(875,'great'),
(875,'hand'),
(875,'him'),
(875,'in'),
(875,'of'),
(875,'one'),
(875,'parchment'),
(875,'returned'),
(875,'said'),
(875,'scroll'),
(875,'thats'),
(875,'the.'),
(875,'to'),
(875,'trumpet'),
(875,'twinkling'),
(875,'way'),
(875,'with'),
(875,'world'),
(875,'you'),
(876,'553'),
(876,'alice'),
(876,'at'),
(876,'behind'),
(876,'close'),
(876,'could'),
(876,'day.'),
(876,'down'),
(876,'gone'),
(876,'guilt'),
(876,'had'),
(876,'her'),
(876,'his'),
(876,'how'),
(876,'it'),
(876,'looked'),
(876,'mock'),
(876,'out'),
(876,'persisted.'),
(876,'poor.'),
(876,'proves'),
(876,'said'),
(876,'she'),
(876,'side.'),
(876,'that'),
(876,'them'),
(876,'through'),
(876,'trying'),
(876,'turn'),
(876,'turtle'),
(876,'was'),
(876,'when'),
(876,'with'),
(877,'554'),
(877,'alice'),
(877,'at'),
(877,'behind'),
(877,'close'),
(877,'could'),
(877,'day.'),
(877,'down'),
(877,'gone'),
(877,'guilt'),
(877,'had'),
(877,'her'),
(877,'his'),
(877,'how'),
(877,'it'),
(877,'looked'),
(877,'mock'),
(877,'out'),
(877,'persisted.'),
(877,'poor.'),
(877,'proves'),
(877,'said'),
(877,'she'),
(877,'side.'),
(877,'that'),
(877,'them'),
(877,'through'),
(877,'trying'),
(877,'turn'),
(877,'turtle'),
(877,'was'),
(877,'when'),
(877,'with'),
(878,'555'),
(878,'all'),
(878,'and'),
(878,'at'),
(878,'cleared'),
(878,'couples:'),
(878,'hand'),
(878,'her'),
(878,'in'),
(878,'last'),
(878,'lying'),
(878,'mock'),
(878,'on'),
(878,'out'),
(878,'rabbits'),
(878,'round'),
(878,'salmon'),
(878,'seals'),
(878,'she'),
(878,'so'),
(878,'spread'),
(878,'the.'),
(878,'then'),
(878,'they'),
(878,'till'),
(878,'turtle.'),
(878,'turtles'),
(878,'voice'),
(878,'were'),
(878,'when'),
(878,'while'),
(878,'youve'),
(879,'163'),
(879,'2cfb82c7-8495-5868-957a-ac6743bd3fa1'),
(879,'5868'),
(879,'8495'),
(879,'957a'),
(879,'ac6743bd3fa1'),
(879,'and'),
(879,'confirmed'),
(879,'durgan'),
(879,'ebf1e2'),
(879,'europe/amsterdam'),
(879,'event'),
(879,'kuhlman'),
(879,'nicklaus'),
(879,'office'),
(879,'prosacco'),
(879,'simonis'),
(880,'164'),
(880,'2cfb82c7-8495-5868-957a-ac6743bd3fa1'),
(880,'5868'),
(880,'8495'),
(880,'957a'),
(880,'ac6743bd3fa1'),
(880,'and'),
(880,'confirmed'),
(880,'ebf1e2'),
(880,'europe/amsterdam'),
(880,'event'),
(880,'jedidiah'),
(880,'kuhlman'),
(880,'mr.'),
(880,'office'),
(880,'prosacco'),
(880,'simonis'),
(880,'tromp'),
(881,'165'),
(881,'2cfb82c7-8495-5868-957a-ac6743bd3fa1'),
(881,'5868'),
(881,'8495'),
(881,'957a'),
(881,'ac6743bd3fa1'),
(881,'and'),
(881,'confirmed'),
(881,'ebf1e2'),
(881,'europe/amsterdam'),
(881,'event'),
(881,'howe'),
(881,'kuhlman'),
(881,'office'),
(881,'prosacco'),
(881,'simonis'),
(881,'tony'),
(882,'556'),
(882,'alice'),
(882,'at'),
(882,'behind'),
(882,'close'),
(882,'could'),
(882,'day.'),
(882,'down'),
(882,'gone'),
(882,'guilt'),
(882,'had'),
(882,'her'),
(882,'his'),
(882,'how'),
(882,'it'),
(882,'looked'),
(882,'mock'),
(882,'out'),
(882,'persisted.'),
(882,'poor.'),
(882,'proves'),
(882,'said'),
(882,'she'),
(882,'side.'),
(882,'that'),
(882,'them'),
(882,'through'),
(882,'trying'),
(882,'turn'),
(882,'turtle'),
(882,'was'),
(882,'when'),
(882,'with'),
(883,'557'),
(883,'again'),
(883,'and'),
(883,'be.'),
(883,'chain'),
(883,'daisy-chain'),
(883,'feel'),
(883,'felt'),
(883,'fetch'),
(883,'involved'),
(883,'making'),
(883,'me'),
(883,'moment'),
(883,'no'),
(883,'of'),
(883,'pair'),
(883,'pleasure'),
(883,'room'),
(883,'she'),
(883,'sleepy'),
(883,'stop'),
(883,'stupid'),
(883,'sure'),
(883,'the'),
(883,'this'),
(883,'very'),
(883,'way'),
(883,'whether'),
(883,'wonder'),
(883,'would'),
(884,'17'),
(884,'calendar/road'),
(884,'folder'),
(884,'road'),
(884,'room'),
(884,'runner'),
(885,'18'),
(885,'calendar/don'),
(885,'coyote'),
(885,'don'),
(885,'folder'),
(885,'room'),
(886,'19'),
(886,'demo'),
(886,'folder'),
(886,'users/demo'),
(887,'1/19/'),
(887,'file'),
(887,'jpg'),
(887,'noperson.jpg'),
(887,'users/demo/noperson.jpg'),
(888,'1/19/'),
(888,'2'),
(888,'demo'),
(888,'docx'),
(888,'file'),
(888,'letter.docx'),
(888,'users/demo/demo'),
(889,'1/19/'),
(889,'3'),
(889,'empty.odt'),
(889,'file'),
(889,'odt'),
(889,'users/demo/empty.odt'),
(890,'1/19/'),
(890,'4'),
(890,'file'),
(890,'png'),
(890,'users/demo/wecoyote.png'),
(890,'wecoyote.png'),
(891,'1/19/'),
(891,'5'),
(891,'docx'),
(891,'empty.docx'),
(891,'file'),
(891,'users/demo/empty.docx'),
(892,'1/2/'),
(892,'6'),
(892,'file'),
(892,'odt'),
(892,'test.odt'),
(892,'users/admin/test.odt'),
(893,'22'),
(893,'folder'),
(893,'tmp/1'),
(899,'12'),
(899,'21/22/'),
(899,'beindigen'),
(899,'file'),
(899,'kemkens.odt'),
(899,'odt'),
(899,'overeenkomst'),
(899,'tmp/1/beindigen');
/*!40000 ALTER TABLE `core_search_word` ENABLE KEYS */;
UNLOCK TABLES;

--
-- Table structure for table `core_setting`
--

DROP TABLE IF EXISTS `core_setting`;
/*!40101 SET @saved_cs_client     = @@character_set_client */;
/*!40101 SET character_set_client = utf8 */;
CREATE TABLE `core_setting` (
  `moduleId` int(11) NOT NULL,
  `name` varchar(190) NOT NULL,
  `value` text DEFAULT NULL,
  PRIMARY KEY (`moduleId`,`name`),
  CONSTRAINT `module` FOREIGN KEY (`moduleId`) REFERENCES `core_module` (`id`) ON DELETE CASCADE
) ENGINE=InnoDB DEFAULT CHARSET=utf8mb4 COLLATE=utf8mb4_unicode_ci;
/*!40101 SET character_set_client = @saved_cs_client */;

--
-- Dumping data for table `core_setting`
--

LOCK TABLES `core_setting` WRITE;
/*!40000 ALTER TABLE `core_setting` DISABLE KEYS */;
INSERT INTO `core_setting` VALUES
(1,'cacheClearedAt','1743430901'),
(1,'corsAllowOrigin',''),
(1,'databaseVersion','6.8.111'),
(1,'demoDataAsked','1'),
(1,'language','en'),
(1,'license','eyJ0eXAiOiJKV1QiLCJhbGciOiJIUzI1NiJ9.eyJ2ZXJzaW9uIjoiMjUuMiIsImhvc3RuYW1lIjoibG9jYWxob3N0LCoubG9jYWxob3N0LGhvc3QuZG9ja2VyLmludGVybmFsLG9mZmljZS5pbnRlcm1lc2gubmwsb2ZmaWNlLmdyb3VwLW9mZmljZS5jb20sMTkyLjE2OC42NC4yLDE5Mi4xNjguMTc4LjQxLDE5Mi4xNjguMS43IiwibGljZW5zZXMiOnsiZ3JvdXBvZmZpY2UtcHJvIjp7InZlcnNpb24iOiIyNS4yIiwiZXhwaXJlc0F0IjpudWxsLCJuYW1lIjoiR3JvdXAtT2ZmaWNlIFByb2Zlc3Npb25hbCIsInVwZ3JhZGVGZWUiOjMyOX0sImJpbGxpbmciOnsidmVyc2lvbiI6IjI1LjIiLCJleHBpcmVzQXQiOm51bGwsIm5hbWUiOiJCaWxsaW5nIG1vZHVsZSIsInVwZ3JhZGVGZWUiOjE2NH0sImRvY3VtZW50cyI6eyJ2ZXJzaW9uIjoiMjUuMiIsImV4cGlyZXNBdCI6bnVsbCwibmFtZSI6IkRvY3VtZW50cyIsInVwZ3JhZGVGZWUiOjE5OX19fQ.UsqEi2uNVGkeZRG1eFtQI90ASCoXzcOWgvipvU2FKKI'),
(1,'locale','C.utf8'),
(1,'passwordMinLength','4'),
(1,'smtpPassword',NULL),
(1,'systemEmail','admin@intermesh.localhost'),
(1,'URL','http://host.docker.internal:6880/'),
(1,'userAddressBookId','2'),
(1,'welcomeShown','1'),
(2,'autoLinkAddressBookIds',NULL),
(22,'documentServerSecret','s3cr3t'),
(22,'documentServerUrl','http://host.docker.internal:9080');
/*!40000 ALTER TABLE `core_setting` ENABLE KEYS */;
UNLOCK TABLES;

--
-- Table structure for table `core_smtp_account`
--

DROP TABLE IF EXISTS `core_smtp_account`;
/*!40101 SET @saved_cs_client     = @@character_set_client */;
/*!40101 SET character_set_client = utf8 */;
CREATE TABLE `core_smtp_account` (
  `id` int(11) NOT NULL AUTO_INCREMENT,
  `moduleId` int(11) NOT NULL,
  `aclId` int(11) NOT NULL,
  `hostname` varchar(190) NOT NULL,
  `port` int(11) NOT NULL DEFAULT 587,
  `username` varchar(190) DEFAULT NULL,
  `password` text DEFAULT NULL,
  `encryption` enum('tls','ssl') DEFAULT 'tls',
  `verifyCertificate` tinyint(1) NOT NULL DEFAULT 1,
  `fromName` varchar(190) NOT NULL,
  `fromEmail` varchar(190) NOT NULL,
  `maxMessagesPerMinute` smallint(5) unsigned NOT NULL DEFAULT 0,
  PRIMARY KEY (`id`),
  KEY `moduleId` (`moduleId`),
  KEY `aclId` (`aclId`),
  CONSTRAINT `core_smtp_account_ibfk_1` FOREIGN KEY (`moduleId`) REFERENCES `core_module` (`id`) ON DELETE CASCADE,
  CONSTRAINT `core_smtp_account_ibfk_2` FOREIGN KEY (`aclId`) REFERENCES `core_acl` (`id`)
) ENGINE=InnoDB DEFAULT CHARSET=utf8mb4 COLLATE=utf8mb4_unicode_ci;
/*!40101 SET character_set_client = @saved_cs_client */;

--
-- Dumping data for table `core_smtp_account`
--

LOCK TABLES `core_smtp_account` WRITE;
/*!40000 ALTER TABLE `core_smtp_account` DISABLE KEYS */;
/*!40000 ALTER TABLE `core_smtp_account` ENABLE KEYS */;
UNLOCK TABLES;

--
-- Table structure for table `core_spreadsheet_export`
--

DROP TABLE IF EXISTS `core_spreadsheet_export`;
/*!40101 SET @saved_cs_client     = @@character_set_client */;
/*!40101 SET character_set_client = utf8 */;
CREATE TABLE `core_spreadsheet_export` (
  `id` int(10) unsigned NOT NULL AUTO_INCREMENT,
  `userId` int(11) NOT NULL,
  `entityTypeId` int(11) NOT NULL,
  `name` varchar(190) NOT NULL,
  `columns` text NOT NULL,
  PRIMARY KEY (`id`),
  KEY `userId` (`userId`),
  KEY `entityTypeId` (`entityTypeId`),
  KEY `name` (`name`),
  CONSTRAINT `core_spreadsheet_export_ibfk_1` FOREIGN KEY (`userId`) REFERENCES `core_user` (`id`) ON DELETE CASCADE,
  CONSTRAINT `core_spreadsheet_export_ibfk_2` FOREIGN KEY (`entityTypeId`) REFERENCES `core_entity` (`id`) ON DELETE CASCADE
) ENGINE=InnoDB DEFAULT CHARSET=utf8mb4 COLLATE=utf8mb4_unicode_ci;
/*!40101 SET character_set_client = @saved_cs_client */;

--
-- Dumping data for table `core_spreadsheet_export`
--

LOCK TABLES `core_spreadsheet_export` WRITE;
/*!40000 ALTER TABLE `core_spreadsheet_export` DISABLE KEYS */;
/*!40000 ALTER TABLE `core_spreadsheet_export` ENABLE KEYS */;
UNLOCK TABLES;

--
-- Table structure for table `core_user`
--

DROP TABLE IF EXISTS `core_user`;
/*!40101 SET @saved_cs_client     = @@character_set_client */;
/*!40101 SET character_set_client = utf8 */;
CREATE TABLE `core_user` (
  `id` int(11) NOT NULL AUTO_INCREMENT,
  `username` varchar(190) NOT NULL,
  `displayName` varchar(190) NOT NULL,
  `avatarId` binary(40) DEFAULT NULL,
  `enabled` tinyint(1) NOT NULL DEFAULT 1,
  `email` varchar(100) NOT NULL,
  `recoveryEmail` varchar(100) NOT NULL,
  `recoveryHash` varchar(40) DEFAULT NULL,
  `recoverySendAt` datetime DEFAULT NULL,
  `lastLogin` datetime DEFAULT NULL,
  `createdAt` datetime DEFAULT NULL,
  `modifiedAt` datetime DEFAULT NULL,
  `dateFormat` varchar(20) NOT NULL DEFAULT 'd-m-Y',
  `shortDateInList` tinyint(1) NOT NULL DEFAULT 1,
  `timeFormat` varchar(10) NOT NULL DEFAULT 'G:i',
  `thousandsSeparator` varchar(1) NOT NULL DEFAULT '.',
  `decimalSeparator` varchar(1) NOT NULL DEFAULT ',',
  `currency` char(3) NOT NULL DEFAULT '',
  `loginCount` int(11) NOT NULL DEFAULT 0,
  `max_rows_list` tinyint(4) NOT NULL DEFAULT 20,
  `timezone` varchar(50) NOT NULL DEFAULT 'Europe/Amsterdam',
  `start_module` varchar(50) NOT NULL DEFAULT 'summary',
  `language` varchar(20) NOT NULL DEFAULT 'en',
  `theme` varchar(20) NOT NULL DEFAULT 'Paper',
  `themeColorScheme` enum('light','dark','system') NOT NULL DEFAULT 'light',
  `firstWeekday` tinyint(4) NOT NULL DEFAULT 1,
  `sort_name` varchar(20) NOT NULL DEFAULT 'first_name',
  `muser_id` int(11) NOT NULL DEFAULT 0,
  `mute_sound` tinyint(1) NOT NULL DEFAULT 0,
  `mute_reminder_sound` tinyint(1) NOT NULL DEFAULT 0,
  `mute_new_mail_sound` tinyint(1) NOT NULL DEFAULT 0,
  `show_smilies` tinyint(1) NOT NULL DEFAULT 1,
  `auto_punctuation` tinyint(1) NOT NULL DEFAULT 0,
  `listSeparator` char(3) NOT NULL DEFAULT ';',
  `textSeparator` char(3) NOT NULL DEFAULT '"',
  `files_folder_id` int(11) NOT NULL DEFAULT 0,
  `disk_quota` bigint(20) DEFAULT NULL,
  `disk_usage` bigint(20) NOT NULL DEFAULT 0,
  `mail_reminders` tinyint(1) NOT NULL DEFAULT 0,
  `holidayset` varchar(10) DEFAULT NULL,
  `sort_email_addresses_by_time` tinyint(1) NOT NULL DEFAULT 0,
  `no_reminders` tinyint(1) NOT NULL DEFAULT 0,
  `homeDir` varchar(190) NOT NULL,
  `confirmOnMove` tinyint(1) NOT NULL DEFAULT 0,
  `passwordModifiedAt` datetime DEFAULT NULL,
  `forcePasswordChange` tinyint(1) NOT NULL DEFAULT 0,
  `enableSendShortcut` tinyint(1) NOT NULL DEFAULT 1,
  PRIMARY KEY (`id`),
  UNIQUE KEY `username` (`username`),
  KEY `fk_user_avatar_id_idx` (`avatarId`),
  KEY `email` (`email`),
  CONSTRAINT `fk_user_avatar_id` FOREIGN KEY (`avatarId`) REFERENCES `core_blob` (`id`) ON UPDATE NO ACTION
) ENGINE=InnoDB AUTO_INCREMENT=13 DEFAULT CHARSET=utf8mb4 COLLATE=utf8mb4_unicode_ci;
/*!40101 SET character_set_client = @saved_cs_client */;

--
-- Dumping data for table `core_user`
--

LOCK TABLES `core_user` WRITE;
/*!40000 ALTER TABLE `core_user` DISABLE KEYS */;
INSERT INTO `core_user` VALUES
(1,'admin','System Administrator',NULL,1,'admin@intermesh.localhost','admin@intermesh.localhost',NULL,NULL,'2025-03-31 08:11:51','2025-03-28 13:31:50','2025-03-31 14:10:02','d-m-Y',1,'G:i','.',',','',3,20,'Europe/Amsterdam','summary','en','Paper','light',1,'first_name',0,0,0,0,1,0,';','\"',0,NULL,109063,0,NULL,0,0,'users/admin',0,'2025-03-28 13:31:50',0,1),
(2,'demo','Mr. Broderick Hauck',NULL,1,'demo@group-office.com','demo@group-office.com',NULL,NULL,NULL,'2025-03-28 13:32:20','2025-03-28 13:32:20','d-m-Y',1,'G:i','.',',','',0,20,'Europe/Amsterdam','summary','en','Paper','light',1,'first_name',0,0,0,0,1,0,';','\"',0,NULL,0,0,NULL,0,0,'users/demo',0,'2025-03-28 13:32:20',0,1),
(3,'lavada77','Mr. Jedidiah Tromp',NULL,1,'lavada77@kiehn.org','lavada77@kiehn.org',NULL,NULL,NULL,'2025-03-28 13:32:20','2025-03-28 13:32:20','d-m-Y',1,'G:i','.',',','',0,20,'Europe/Amsterdam','summary','en','Paper','light',1,'first_name',0,0,0,0,1,0,';','\"',0,NULL,0,0,NULL,0,0,'users/lavada77',0,'2025-03-28 13:32:20',0,1),
(4,'emacejkovic','Ashlee Beier',NULL,1,'emacejkovic@heathcote.com','emacejkovic@heathcote.com',NULL,NULL,NULL,'2025-03-28 13:32:20','2025-03-28 13:32:20','d-m-Y',1,'G:i','.',',','',0,20,'Europe/Amsterdam','summary','en','Paper','light',1,'first_name',0,0,0,0,1,0,';','\"',0,NULL,0,0,NULL,0,0,'users/emacejkovic',0,'2025-03-28 13:32:20',0,1),
(5,'nikolaus.ferne','Tony Howe',NULL,1,'nikolaus.ferne@rolfson.com','nikolaus.ferne@rolfson.com',NULL,NULL,NULL,'2025-03-28 13:32:20','2025-03-28 13:32:20','d-m-Y',1,'G:i','.',',','',0,20,'Europe/Amsterdam','summary','en','Paper','light',1,'first_name',0,0,0,0,1,0,';','\"',0,NULL,0,0,NULL,0,0,'users/nikolaus.ferne',0,'2025-03-28 13:32:20',0,1),
(6,'zzieme','Prof. Johnny Kirlin',NULL,1,'zzieme@botsford.com','zzieme@botsford.com',NULL,NULL,NULL,'2025-03-28 13:32:21','2025-03-28 13:32:21','d-m-Y',1,'G:i','.',',','',0,20,'Europe/Amsterdam','summary','en','Paper','light',1,'first_name',0,0,0,0,1,0,';','\"',0,NULL,0,0,NULL,0,0,'users/zzieme',0,'2025-03-28 13:32:20',0,1),
(7,'dickinson.newell','Burdette Stamm',NULL,1,'dickinson.newell@rau.com','dickinson.newell@rau.com',NULL,NULL,NULL,'2025-03-28 13:32:21','2025-03-28 13:32:21','d-m-Y',1,'G:i','.',',','',0,20,'Europe/Amsterdam','summary','en','Paper','light',1,'first_name',0,0,0,0,1,0,';','\"',0,NULL,0,0,NULL,0,0,'users/dickinson.newell',0,'2025-03-28 13:32:21',0,1),
(8,'gerardo.schulist','Camron Heller Sr.',NULL,1,'gerardo.schulist@quigley.net','gerardo.schulist@quigley.net',NULL,NULL,NULL,'2025-03-28 13:32:21','2025-03-28 13:32:21','d-m-Y',1,'G:i','.',',','',0,20,'Europe/Amsterdam','summary','en','Paper','light',1,'first_name',0,0,0,0,1,0,';','\"',0,NULL,0,0,NULL,0,0,'users/gerardo.schulist',0,'2025-03-28 13:32:21',0,1),
(9,'rodrigo.mcclure','Mr. Shayne Zemlak',NULL,1,'rodrigo.mcclure@abbott.com','rodrigo.mcclure@abbott.com',NULL,NULL,NULL,'2025-03-28 13:32:21','2025-03-28 13:32:21','d-m-Y',1,'G:i','.',',','',0,20,'Europe/Amsterdam','summary','en','Paper','light',1,'first_name',0,0,0,0,1,0,';','\"',0,NULL,0,0,NULL,0,0,'users/rodrigo.mcclure',0,'2025-03-28 13:32:21',0,1),
(10,'nella.reichel','Mrs. Elizabeth Cartwright',NULL,1,'nella.reichel@emmerich.com','nella.reichel@emmerich.com',NULL,NULL,NULL,'2025-03-28 13:32:21','2025-03-28 13:32:21','d-m-Y',1,'G:i','.',',','',0,20,'Europe/Amsterdam','summary','en','Paper','light',1,'first_name',0,0,0,0,1,0,';','\"',0,NULL,0,0,NULL,0,0,'users/nella.reichel',0,'2025-03-28 13:32:21',0,1),
(11,'lora94','Prof. Simone Kirlin Jr.',NULL,1,'lora94@pollich.com','lora94@pollich.com',NULL,NULL,NULL,'2025-03-28 13:32:22','2025-03-28 13:32:22','d-m-Y',1,'G:i','.',',','',0,20,'Europe/Amsterdam','summary','en','Paper','light',1,'first_name',0,0,0,0,1,0,';','\"',0,NULL,0,0,NULL,0,0,'users/lora94',0,'2025-03-28 13:32:22',0,1),
(12,'maryse.kuphal','Nicklaus Durgan',NULL,1,'maryse.kuphal@jaskolski.org','maryse.kuphal@jaskolski.org',NULL,NULL,NULL,'2025-03-28 13:32:22','2025-03-28 13:32:22','d-m-Y',1,'G:i','.',',','',0,20,'Europe/Amsterdam','summary','en','Paper','light',1,'first_name',0,0,0,0,1,0,';','\"',0,NULL,0,0,NULL,0,0,'users/maryse.kuphal',0,'2025-03-28 13:32:22',0,1);
/*!40000 ALTER TABLE `core_user` ENABLE KEYS */;
UNLOCK TABLES;

--
-- Table structure for table `core_user_custom_fields`
--

DROP TABLE IF EXISTS `core_user_custom_fields`;
/*!40101 SET @saved_cs_client     = @@character_set_client */;
/*!40101 SET character_set_client = utf8 */;
CREATE TABLE `core_user_custom_fields` (
  `id` int(11) NOT NULL,
  PRIMARY KEY (`id`),
  CONSTRAINT `core_user_custom_fields_ibfk_1` FOREIGN KEY (`id`) REFERENCES `core_user` (`id`) ON DELETE CASCADE
) ENGINE=InnoDB DEFAULT CHARSET=utf8mb4 COLLATE=utf8mb4_unicode_ci;
/*!40101 SET character_set_client = @saved_cs_client */;

--
-- Dumping data for table `core_user_custom_fields`
--

LOCK TABLES `core_user_custom_fields` WRITE;
/*!40000 ALTER TABLE `core_user_custom_fields` DISABLE KEYS */;
/*!40000 ALTER TABLE `core_user_custom_fields` ENABLE KEYS */;
UNLOCK TABLES;

--
-- Table structure for table `core_user_default_group`
--

DROP TABLE IF EXISTS `core_user_default_group`;
/*!40101 SET @saved_cs_client     = @@character_set_client */;
/*!40101 SET character_set_client = utf8 */;
CREATE TABLE `core_user_default_group` (
  `groupId` int(11) NOT NULL,
  PRIMARY KEY (`groupId`),
  CONSTRAINT `core_user_default_group_ibfk_1` FOREIGN KEY (`groupId`) REFERENCES `core_group` (`id`) ON DELETE CASCADE
) ENGINE=InnoDB DEFAULT CHARSET=utf8mb4 COLLATE=utf8mb4_unicode_ci;
/*!40101 SET character_set_client = @saved_cs_client */;

--
-- Dumping data for table `core_user_default_group`
--

LOCK TABLES `core_user_default_group` WRITE;
/*!40000 ALTER TABLE `core_user_default_group` DISABLE KEYS */;
/*!40000 ALTER TABLE `core_user_default_group` ENABLE KEYS */;
UNLOCK TABLES;

--
-- Table structure for table `core_user_group`
--

DROP TABLE IF EXISTS `core_user_group`;
/*!40101 SET @saved_cs_client     = @@character_set_client */;
/*!40101 SET character_set_client = utf8 */;
CREATE TABLE `core_user_group` (
  `groupId` int(11) NOT NULL,
  `userId` int(11) NOT NULL,
  PRIMARY KEY (`groupId`,`userId`),
  KEY `userId` (`userId`),
  CONSTRAINT `core_user_group_ibfk_1` FOREIGN KEY (`groupId`) REFERENCES `core_group` (`id`) ON DELETE CASCADE,
  CONSTRAINT `core_user_group_ibfk_2` FOREIGN KEY (`userId`) REFERENCES `core_user` (`id`) ON DELETE CASCADE
) ENGINE=InnoDB DEFAULT CHARSET=utf8mb4 COLLATE=utf8mb4_unicode_ci;
/*!40101 SET character_set_client = @saved_cs_client */;

--
-- Dumping data for table `core_user_group`
--

LOCK TABLES `core_user_group` WRITE;
/*!40000 ALTER TABLE `core_user_group` DISABLE KEYS */;
INSERT INTO `core_user_group` VALUES
(1,1),
(2,1),
(4,1),
(2,2),
(3,2),
(5,2),
(2,3),
(3,3),
(6,3),
(2,4),
(3,4),
(7,4),
(2,5),
(3,5),
(8,5),
(2,6),
(3,6),
(9,6),
(2,7),
(3,7),
(10,7),
(2,8),
(3,8),
(11,8),
(2,9),
(3,9),
(12,9),
(2,10),
(3,10),
(13,10),
(2,11),
(3,11),
(14,11),
(2,12),
(3,12),
(15,12);
/*!40000 ALTER TABLE `core_user_group` ENABLE KEYS */;
UNLOCK TABLES;

--
-- Table structure for table `dav_calendar_changes`
--

DROP TABLE IF EXISTS `dav_calendar_changes`;
/*!40101 SET @saved_cs_client     = @@character_set_client */;
/*!40101 SET character_set_client = utf8 */;
CREATE TABLE `dav_calendar_changes` (
  `id` int(11) unsigned NOT NULL AUTO_INCREMENT,
  `uri` varbinary(200) NOT NULL,
  `synctoken` int(11) unsigned NOT NULL,
  `calendarid` int(11) unsigned NOT NULL,
  `operation` tinyint(1) NOT NULL,
  PRIMARY KEY (`id`),
  KEY `calendarid_synctoken` (`calendarid`,`synctoken`)
) ENGINE=InnoDB DEFAULT CHARSET=utf8mb4 COLLATE=utf8mb4_unicode_ci;
/*!40101 SET character_set_client = @saved_cs_client */;

--
-- Dumping data for table `dav_calendar_changes`
--

LOCK TABLES `dav_calendar_changes` WRITE;
/*!40000 ALTER TABLE `dav_calendar_changes` DISABLE KEYS */;
/*!40000 ALTER TABLE `dav_calendar_changes` ENABLE KEYS */;
UNLOCK TABLES;

--
-- Table structure for table `dav_events`
--

DROP TABLE IF EXISTS `dav_events`;
/*!40101 SET @saved_cs_client     = @@character_set_client */;
/*!40101 SET character_set_client = utf8 */;
CREATE TABLE `dav_events` (
  `id` int(11) NOT NULL,
  `mtime` int(11) NOT NULL,
  `data` mediumtext NOT NULL,
  `uri` varchar(512) CHARACTER SET ascii COLLATE ascii_bin NOT NULL DEFAULT '',
  PRIMARY KEY (`id`),
  KEY `uri` (`uri`)
) ENGINE=InnoDB DEFAULT CHARSET=utf8mb4 COLLATE=utf8mb4_unicode_ci;
/*!40101 SET character_set_client = @saved_cs_client */;

--
-- Dumping data for table `dav_events`
--

LOCK TABLES `dav_events` WRITE;
/*!40000 ALTER TABLE `dav_events` DISABLE KEYS */;
/*!40000 ALTER TABLE `dav_events` ENABLE KEYS */;
UNLOCK TABLES;

--
-- Table structure for table `dav_locks`
--

DROP TABLE IF EXISTS `dav_locks`;
/*!40101 SET @saved_cs_client     = @@character_set_client */;
/*!40101 SET character_set_client = utf8 */;
CREATE TABLE `dav_locks` (
  `id` int(10) unsigned NOT NULL AUTO_INCREMENT,
  `owner` varchar(100) DEFAULT NULL,
  `timeout` int(10) unsigned DEFAULT NULL,
  `created` int(11) DEFAULT NULL,
  `token` varbinary(100) DEFAULT NULL,
  `scope` tinyint(4) DEFAULT NULL,
  `depth` tinyint(4) DEFAULT NULL,
  `uri` varbinary(1000) DEFAULT NULL,
  PRIMARY KEY (`id`),
  KEY `token` (`token`),
  KEY `uri` (`uri`(100))
) ENGINE=InnoDB AUTO_INCREMENT=18 DEFAULT CHARSET=utf8mb4 COLLATE=utf8mb4_unicode_ci;
/*!40101 SET character_set_client = @saved_cs_client */;

--
-- Dumping data for table `dav_locks`
--

LOCK TABLES `dav_locks` WRITE;
/*!40000 ALTER TABLE `dav_locks` DISABLE KEYS */;
/*!40000 ALTER TABLE `dav_locks` ENABLE KEYS */;
UNLOCK TABLES;

--
-- Table structure for table `dav_tasks`
--

DROP TABLE IF EXISTS `dav_tasks`;
/*!40101 SET @saved_cs_client     = @@character_set_client */;
/*!40101 SET character_set_client = utf8 */;
CREATE TABLE `dav_tasks` (
  `id` int(11) NOT NULL,
  `mtime` int(11) NOT NULL,
  `data` text NOT NULL,
  `uri` varchar(512) CHARACTER SET ascii COLLATE ascii_bin NOT NULL DEFAULT '',
  PRIMARY KEY (`id`),
  KEY `uri` (`uri`)
) ENGINE=InnoDB DEFAULT CHARSET=utf8mb4 COLLATE=utf8mb4_unicode_ci;
/*!40101 SET character_set_client = @saved_cs_client */;

--
-- Dumping data for table `dav_tasks`
--

LOCK TABLES `dav_tasks` WRITE;
/*!40000 ALTER TABLE `dav_tasks` DISABLE KEYS */;
/*!40000 ALTER TABLE `dav_tasks` ENABLE KEYS */;
UNLOCK TABLES;

--
-- Table structure for table `em_accounts`
--

DROP TABLE IF EXISTS `em_accounts`;
/*!40101 SET @saved_cs_client     = @@character_set_client */;
/*!40101 SET character_set_client = utf8 */;
CREATE TABLE `em_accounts` (
  `id` int(11) NOT NULL AUTO_INCREMENT,
  `user_id` int(11) NOT NULL DEFAULT 0,
  `acl_id` int(11) NOT NULL DEFAULT 0,
  `host` varchar(100) DEFAULT NULL,
  `port` int(11) NOT NULL DEFAULT 0,
  `deprecated_use_ssl` tinyint(1) NOT NULL DEFAULT 0,
  `novalidate_cert` tinyint(1) NOT NULL DEFAULT 0,
  `username` varchar(190) DEFAULT NULL,
  `password` varchar(512) DEFAULT NULL,
  `imap_encryption` char(3) NOT NULL,
  `imap_allow_self_signed` tinyint(1) NOT NULL DEFAULT 1,
  `mbroot` varchar(30) NOT NULL DEFAULT '',
  `sent` varchar(100) DEFAULT 'Sent',
  `drafts` varchar(100) DEFAULT 'Drafts',
  `trash` varchar(100) NOT NULL DEFAULT 'Trash',
  `spam` varchar(100) NOT NULL DEFAULT 'Spam',
  `smtp_host` varchar(100) DEFAULT NULL,
  `smtp_port` int(11) NOT NULL,
  `smtp_encryption` char(10) NOT NULL,
  `smtp_allow_self_signed` tinyint(1) NOT NULL DEFAULT 0,
  `smtp_username` varchar(190) DEFAULT NULL,
  `smtp_password` varchar(512) NOT NULL DEFAULT '',
  `password_encrypted` tinyint(4) NOT NULL DEFAULT 0,
  `ignore_sent_folder` tinyint(1) NOT NULL DEFAULT 0,
  `save_sent` tinyint(1) NOT NULL DEFAULT 1,
  `sieve_port` int(11) NOT NULL,
  `sieve_usetls` tinyint(1) NOT NULL DEFAULT 1,
  `check_mailboxes` text DEFAULT NULL,
  `do_not_mark_as_read` tinyint(1) NOT NULL DEFAULT 0,
  `signature_below_reply` tinyint(1) NOT NULL DEFAULT 0,
  `full_reply_headers` tinyint(1) NOT NULL DEFAULT 0,
  `force_smtp_login` tinyint(1) NOT NULL DEFAULT 0,
  PRIMARY KEY (`id`),
  KEY `user_id` (`user_id`)
) ENGINE=InnoDB AUTO_INCREMENT=2 DEFAULT CHARSET=utf8mb4 COLLATE=utf8mb4_unicode_ci;
/*!40101 SET character_set_client = @saved_cs_client */;

--
-- Dumping data for table `em_accounts`
--

LOCK TABLES `em_accounts` WRITE;
/*!40000 ALTER TABLE `em_accounts` DISABLE KEYS */;
INSERT INTO `em_accounts` VALUES
(1,1,122,'mailserver',143,0,0,'admin@intermesh.localhost','{GOCRYPT2}def502004da076edb93336217316c6992c55b3f3d997c1a0155f8299dc96afefb0f79cb243fbb25f05c14951119a7923f8fb7c641b7d280843289819bb9f3bd387c798686940739524429194cb764648c968db3b439a31bd4d25c54228','',1,'','Sent','Drafts','Trash','Spam','mailserver',25,'tls',1,'','',2,0,1,4190,1,'INBOX',0,0,0,0);
/*!40000 ALTER TABLE `em_accounts` ENABLE KEYS */;
UNLOCK TABLES;

--
-- Table structure for table `em_accounts_collapsed`
--

DROP TABLE IF EXISTS `em_accounts_collapsed`;
/*!40101 SET @saved_cs_client     = @@character_set_client */;
/*!40101 SET character_set_client = utf8 */;
CREATE TABLE `em_accounts_collapsed` (
  `account_id` int(11) NOT NULL,
  `user_id` int(11) NOT NULL,
  PRIMARY KEY (`account_id`,`user_id`)
) ENGINE=InnoDB DEFAULT CHARSET=utf8mb4 COLLATE=utf8mb4_unicode_ci;
/*!40101 SET character_set_client = @saved_cs_client */;

--
-- Dumping data for table `em_accounts_collapsed`
--

LOCK TABLES `em_accounts_collapsed` WRITE;
/*!40000 ALTER TABLE `em_accounts_collapsed` DISABLE KEYS */;
/*!40000 ALTER TABLE `em_accounts_collapsed` ENABLE KEYS */;
UNLOCK TABLES;

--
-- Table structure for table `em_accounts_sort`
--

DROP TABLE IF EXISTS `em_accounts_sort`;
/*!40101 SET @saved_cs_client     = @@character_set_client */;
/*!40101 SET character_set_client = utf8 */;
CREATE TABLE `em_accounts_sort` (
  `account_id` int(11) NOT NULL,
  `user_id` int(11) NOT NULL,
  `order` int(11) NOT NULL,
  PRIMARY KEY (`account_id`,`user_id`)
) ENGINE=InnoDB DEFAULT CHARSET=utf8mb4 COLLATE=utf8mb4_unicode_ci;
/*!40101 SET character_set_client = @saved_cs_client */;

--
-- Dumping data for table `em_accounts_sort`
--

LOCK TABLES `em_accounts_sort` WRITE;
/*!40000 ALTER TABLE `em_accounts_sort` DISABLE KEYS */;
/*!40000 ALTER TABLE `em_accounts_sort` ENABLE KEYS */;
UNLOCK TABLES;

--
-- Table structure for table `em_aliases`
--

DROP TABLE IF EXISTS `em_aliases`;
/*!40101 SET @saved_cs_client     = @@character_set_client */;
/*!40101 SET character_set_client = utf8 */;
CREATE TABLE `em_aliases` (
  `id` int(11) NOT NULL AUTO_INCREMENT,
  `account_id` int(11) NOT NULL,
  `name` varchar(100) NOT NULL,
  `email` varchar(100) NOT NULL,
  `signature` text DEFAULT NULL,
  `default` tinyint(1) NOT NULL DEFAULT 0,
  PRIMARY KEY (`id`),
  KEY `account_id` (`account_id`)
) ENGINE=InnoDB AUTO_INCREMENT=2 DEFAULT CHARSET=utf8mb4 COLLATE=utf8mb4_unicode_ci;
/*!40101 SET character_set_client = @saved_cs_client */;

--
-- Dumping data for table `em_aliases`
--

LOCK TABLES `em_aliases` WRITE;
/*!40000 ALTER TABLE `em_aliases` DISABLE KEYS */;
INSERT INTO `em_aliases` VALUES
(1,1,'Admin','admin@intermesh.localhost','',1);
/*!40000 ALTER TABLE `em_aliases` ENABLE KEYS */;
UNLOCK TABLES;

--
-- Table structure for table `em_contacts_last_mail_times`
--

DROP TABLE IF EXISTS `em_contacts_last_mail_times`;
/*!40101 SET @saved_cs_client     = @@character_set_client */;
/*!40101 SET character_set_client = utf8 */;
CREATE TABLE `em_contacts_last_mail_times` (
  `contact_id` int(11) NOT NULL,
  `user_id` int(11) NOT NULL,
  `last_mail_time` int(11) NOT NULL,
  PRIMARY KEY (`contact_id`,`user_id`),
  KEY `em_contacts_last_mail_times_core_user_id_fk` (`user_id`),
  KEY `last_mail_time` (`last_mail_time`),
  CONSTRAINT `em_contacts_last_mail_times_addressbook_addressbook_id_fk` FOREIGN KEY (`contact_id`) REFERENCES `addressbook_contact` (`id`) ON DELETE CASCADE,
  CONSTRAINT `em_contacts_last_mail_times_core_user_id_fk` FOREIGN KEY (`user_id`) REFERENCES `core_user` (`id`) ON DELETE CASCADE
) ENGINE=InnoDB DEFAULT CHARSET=utf8mb4 COLLATE=utf8mb4_unicode_ci;
/*!40101 SET character_set_client = @saved_cs_client */;

--
-- Dumping data for table `em_contacts_last_mail_times`
--

LOCK TABLES `em_contacts_last_mail_times` WRITE;
/*!40000 ALTER TABLE `em_contacts_last_mail_times` DISABLE KEYS */;
INSERT INTO `em_contacts_last_mail_times` VALUES
(1,1,1743416246);
/*!40000 ALTER TABLE `em_contacts_last_mail_times` ENABLE KEYS */;
UNLOCK TABLES;

--
-- Table structure for table `em_filters`
--

DROP TABLE IF EXISTS `em_filters`;
/*!40101 SET @saved_cs_client     = @@character_set_client */;
/*!40101 SET character_set_client = utf8 */;
CREATE TABLE `em_filters` (
  `id` int(11) NOT NULL AUTO_INCREMENT,
  `account_id` int(11) NOT NULL DEFAULT 0,
  `field` varchar(20) DEFAULT NULL,
  `keyword` varchar(100) DEFAULT NULL,
  `folder` varchar(100) DEFAULT NULL,
  `priority` int(11) NOT NULL DEFAULT 0,
  `mark_as_read` enum('0','1') NOT NULL DEFAULT '0',
  PRIMARY KEY (`id`)
) ENGINE=InnoDB DEFAULT CHARSET=utf8mb4 COLLATE=utf8mb4_unicode_ci;
/*!40101 SET character_set_client = @saved_cs_client */;

--
-- Dumping data for table `em_filters`
--

LOCK TABLES `em_filters` WRITE;
/*!40000 ALTER TABLE `em_filters` DISABLE KEYS */;
/*!40000 ALTER TABLE `em_filters` ENABLE KEYS */;
UNLOCK TABLES;

--
-- Table structure for table `em_folders`
--

DROP TABLE IF EXISTS `em_folders`;
/*!40101 SET @saved_cs_client     = @@character_set_client */;
/*!40101 SET character_set_client = utf8 */;
CREATE TABLE `em_folders` (
  `id` int(11) NOT NULL DEFAULT 0,
  `account_id` int(11) NOT NULL DEFAULT 0,
  `name` varchar(255) DEFAULT NULL,
  `subscribed` enum('0','1') NOT NULL DEFAULT '0',
  `parent_id` int(11) NOT NULL DEFAULT 0,
  `delimiter` char(1) NOT NULL DEFAULT '',
  `sort_order` tinyint(4) NOT NULL DEFAULT 0,
  `msgcount` int(11) NOT NULL DEFAULT 0,
  `unseen` int(11) NOT NULL DEFAULT 0,
  `auto_check` enum('0','1') NOT NULL DEFAULT '0',
  `can_have_children` tinyint(1) NOT NULL,
  `no_select` tinyint(1) DEFAULT NULL,
  `sort` longtext DEFAULT NULL,
  PRIMARY KEY (`id`),
  KEY `account_id` (`account_id`),
  KEY `parent_id` (`parent_id`)
) ENGINE=InnoDB DEFAULT CHARSET=utf8mb4 COLLATE=utf8mb4_unicode_ci;
/*!40101 SET character_set_client = @saved_cs_client */;

--
-- Dumping data for table `em_folders`
--

LOCK TABLES `em_folders` WRITE;
/*!40000 ALTER TABLE `em_folders` DISABLE KEYS */;
/*!40000 ALTER TABLE `em_folders` ENABLE KEYS */;
UNLOCK TABLES;

--
-- Table structure for table `em_folders_expanded`
--

DROP TABLE IF EXISTS `em_folders_expanded`;
/*!40101 SET @saved_cs_client     = @@character_set_client */;
/*!40101 SET character_set_client = utf8 */;
CREATE TABLE `em_folders_expanded` (
  `folder_id` int(11) NOT NULL,
  `user_id` int(11) NOT NULL,
  PRIMARY KEY (`folder_id`,`user_id`)
) ENGINE=InnoDB DEFAULT CHARSET=utf8mb4 COLLATE=utf8mb4_unicode_ci;
/*!40101 SET character_set_client = @saved_cs_client */;

--
-- Dumping data for table `em_folders_expanded`
--

LOCK TABLES `em_folders_expanded` WRITE;
/*!40000 ALTER TABLE `em_folders_expanded` DISABLE KEYS */;
/*!40000 ALTER TABLE `em_folders_expanded` ENABLE KEYS */;
UNLOCK TABLES;

--
-- Table structure for table `em_labels`
--

DROP TABLE IF EXISTS `em_labels`;
/*!40101 SET @saved_cs_client     = @@character_set_client */;
/*!40101 SET character_set_client = utf8 */;
CREATE TABLE `em_labels` (
  `id` int(11) NOT NULL AUTO_INCREMENT,
  `name` varchar(100) NOT NULL,
  `flag` varchar(100) NOT NULL,
  `color` varchar(6) NOT NULL,
  `account_id` int(11) NOT NULL,
  `default` tinyint(1) NOT NULL DEFAULT 0,
  PRIMARY KEY (`id`)
) ENGINE=InnoDB AUTO_INCREMENT=6 DEFAULT CHARSET=utf8mb4 COLLATE=utf8mb4_unicode_ci;
/*!40101 SET character_set_client = @saved_cs_client */;

--
-- Dumping data for table `em_labels`
--

LOCK TABLES `em_labels` WRITE;
/*!40000 ALTER TABLE `em_labels` DISABLE KEYS */;
INSERT INTO `em_labels` VALUES
(1,'Label 1','$label1','7A7AFF',1,1),
(2,'Label 2','$label2','59BD59',1,1),
(3,'Label 3','$label3','FFBD59',1,1),
(4,'Label 4','$label4','FF5959',1,1),
(5,'Label 5','$label5','BD7ABD',1,1);
/*!40000 ALTER TABLE `em_labels` ENABLE KEYS */;
UNLOCK TABLES;

--
-- Table structure for table `em_links`
--

DROP TABLE IF EXISTS `em_links`;
/*!40101 SET @saved_cs_client     = @@character_set_client */;
/*!40101 SET character_set_client = utf8 */;
CREATE TABLE `em_links` (
  `id` int(11) NOT NULL AUTO_INCREMENT,
  `user_id` int(11) NOT NULL DEFAULT 0,
  `from` varchar(255) DEFAULT NULL,
  `to` text DEFAULT NULL,
  `subject` varchar(255) DEFAULT NULL,
  `time` int(11) NOT NULL DEFAULT 0,
  `path` varchar(255) DEFAULT NULL,
  `has_attachments` tinyint(1) DEFAULT 0,
  `ctime` int(11) NOT NULL,
  `mtime` int(11) NOT NULL DEFAULT 0,
  `muser_id` int(11) NOT NULL DEFAULT 0,
  `acl_id` int(11) NOT NULL,
  `uid` varchar(350) CHARACTER SET ascii COLLATE ascii_bin NOT NULL DEFAULT '',
  PRIMARY KEY (`id`),
  KEY `account_id` (`user_id`),
  KEY `uid` (`uid`)
) ENGINE=InnoDB DEFAULT CHARSET=utf8mb4 COLLATE=utf8mb4_uca1400_ai_ci;
/*!40101 SET character_set_client = @saved_cs_client */;

--
-- Dumping data for table `em_links`
--

LOCK TABLES `em_links` WRITE;
/*!40000 ALTER TABLE `em_links` DISABLE KEYS */;
/*!40000 ALTER TABLE `em_links` ENABLE KEYS */;
UNLOCK TABLES;

--
-- Table structure for table `em_messages_cache`
--

DROP TABLE IF EXISTS `em_messages_cache`;
/*!40101 SET @saved_cs_client     = @@character_set_client */;
/*!40101 SET character_set_client = utf8 */;
CREATE TABLE `em_messages_cache` (
  `folder_id` int(11) NOT NULL,
  `uid` int(11) NOT NULL,
  `account_id` int(11) NOT NULL,
  `new` enum('0','1') NOT NULL,
  `subject` varchar(100) DEFAULT NULL,
  `from` varchar(100) DEFAULT NULL,
  `size` int(11) NOT NULL,
  `udate` int(11) NOT NULL,
  `attachments` enum('0','1') NOT NULL,
  `flagged` enum('0','1') NOT NULL,
  `answered` enum('0','1') NOT NULL,
  `forwarded` tinyint(1) NOT NULL,
  `priority` tinyint(4) NOT NULL,
  `to` varchar(255) DEFAULT NULL,
  `serialized_message_object` mediumtext NOT NULL,
  PRIMARY KEY (`folder_id`,`uid`),
  KEY `account_id` (`account_id`)
) ENGINE=InnoDB DEFAULT CHARSET=utf8mb4 COLLATE=utf8mb4_unicode_ci;
/*!40101 SET character_set_client = @saved_cs_client */;

--
-- Dumping data for table `em_messages_cache`
--

LOCK TABLES `em_messages_cache` WRITE;
/*!40000 ALTER TABLE `em_messages_cache` DISABLE KEYS */;
/*!40000 ALTER TABLE `em_messages_cache` ENABLE KEYS */;
UNLOCK TABLES;

--
-- Table structure for table `em_portlet_folders`
--

DROP TABLE IF EXISTS `em_portlet_folders`;
/*!40101 SET @saved_cs_client     = @@character_set_client */;
/*!40101 SET character_set_client = utf8 */;
CREATE TABLE `em_portlet_folders` (
  `account_id` int(11) NOT NULL,
  `folder_name` varchar(100) NOT NULL,
  `user_id` int(11) NOT NULL,
  `mtime` int(11) NOT NULL,
  PRIMARY KEY (`account_id`,`folder_name`,`user_id`)
) ENGINE=InnoDB DEFAULT CHARSET=utf8mb4 COLLATE=utf8mb4_unicode_ci;
/*!40101 SET character_set_client = @saved_cs_client */;

--
-- Dumping data for table `em_portlet_folders`
--

LOCK TABLES `em_portlet_folders` WRITE;
/*!40000 ALTER TABLE `em_portlet_folders` DISABLE KEYS */;
/*!40000 ALTER TABLE `em_portlet_folders` ENABLE KEYS */;
UNLOCK TABLES;

--
-- Table structure for table `email_default_email_account_templates`
--

DROP TABLE IF EXISTS `email_default_email_account_templates`;
/*!40101 SET @saved_cs_client     = @@character_set_client */;
/*!40101 SET character_set_client = utf8 */;
CREATE TABLE `email_default_email_account_templates` (
  `account_id` int(11) NOT NULL,
  `template_id` int(11) NOT NULL DEFAULT 0,
  PRIMARY KEY (`account_id`),
  KEY `template_id` (`template_id`)
) ENGINE=InnoDB DEFAULT CHARSET=utf8mb4 COLLATE=utf8mb4_unicode_ci;
/*!40101 SET character_set_client = @saved_cs_client */;

--
-- Dumping data for table `email_default_email_account_templates`
--

LOCK TABLES `email_default_email_account_templates` WRITE;
/*!40000 ALTER TABLE `email_default_email_account_templates` DISABLE KEYS */;
INSERT INTO `email_default_email_account_templates` VALUES
(1,0);
/*!40000 ALTER TABLE `email_default_email_account_templates` ENABLE KEYS */;
UNLOCK TABLES;

--
-- Table structure for table `email_default_email_templates`
--

DROP TABLE IF EXISTS `email_default_email_templates`;
/*!40101 SET @saved_cs_client     = @@character_set_client */;
/*!40101 SET character_set_client = utf8 */;
CREATE TABLE `email_default_email_templates` (
  `user_id` int(11) NOT NULL,
  `template_id` int(11) NOT NULL DEFAULT 0,
  PRIMARY KEY (`user_id`),
  KEY `template_id` (`template_id`)
) ENGINE=InnoDB DEFAULT CHARSET=utf8mb4 COLLATE=utf8mb4_unicode_ci;
/*!40101 SET character_set_client = @saved_cs_client */;

--
-- Dumping data for table `email_default_email_templates`
--

LOCK TABLES `email_default_email_templates` WRITE;
/*!40000 ALTER TABLE `email_default_email_templates` DISABLE KEYS */;
INSERT INTO `email_default_email_templates` VALUES
(1,1);
/*!40000 ALTER TABLE `email_default_email_templates` ENABLE KEYS */;
UNLOCK TABLES;

--
-- Table structure for table `emp_folders`
--

DROP TABLE IF EXISTS `emp_folders`;
/*!40101 SET @saved_cs_client     = @@character_set_client */;
/*!40101 SET character_set_client = utf8 */;
CREATE TABLE `emp_folders` (
  `folder_id` int(11) NOT NULL,
  `user_id` int(11) NOT NULL,
  `mtime` int(11) NOT NULL,
  PRIMARY KEY (`folder_id`,`user_id`)
) ENGINE=InnoDB DEFAULT CHARSET=utf8mb4 COLLATE=utf8mb4_unicode_ci;
/*!40101 SET character_set_client = @saved_cs_client */;

--
-- Dumping data for table `emp_folders`
--

LOCK TABLES `emp_folders` WRITE;
/*!40000 ALTER TABLE `emp_folders` DISABLE KEYS */;
/*!40000 ALTER TABLE `emp_folders` ENABLE KEYS */;
UNLOCK TABLES;

--
-- Table structure for table `fs_bookmarks`
--

DROP TABLE IF EXISTS `fs_bookmarks`;
/*!40101 SET @saved_cs_client     = @@character_set_client */;
/*!40101 SET character_set_client = utf8 */;
CREATE TABLE `fs_bookmarks` (
  `folder_id` int(11) NOT NULL,
  `user_id` int(11) NOT NULL,
  PRIMARY KEY (`folder_id`,`user_id`),
  KEY `fs_bookmarks_core_user_id_fk` (`user_id`),
  CONSTRAINT `fs_bookmarks_core_user_id_fk` FOREIGN KEY (`user_id`) REFERENCES `core_user` (`id`) ON DELETE CASCADE,
  CONSTRAINT `fs_bookmarks_fs_folders_folder_id_fk` FOREIGN KEY (`folder_id`) REFERENCES `fs_folders` (`id`) ON DELETE CASCADE
) ENGINE=InnoDB DEFAULT CHARSET=utf8mb4 COLLATE=utf8mb4_unicode_ci;
/*!40101 SET character_set_client = @saved_cs_client */;

--
-- Dumping data for table `fs_bookmarks`
--

LOCK TABLES `fs_bookmarks` WRITE;
/*!40000 ALTER TABLE `fs_bookmarks` DISABLE KEYS */;
/*!40000 ALTER TABLE `fs_bookmarks` ENABLE KEYS */;
UNLOCK TABLES;

--
-- Table structure for table `fs_filehandlers`
--

DROP TABLE IF EXISTS `fs_filehandlers`;
/*!40101 SET @saved_cs_client     = @@character_set_client */;
/*!40101 SET character_set_client = utf8 */;
CREATE TABLE `fs_filehandlers` (
  `user_id` int(11) NOT NULL,
  `extension` varchar(20) NOT NULL,
  `cls` varchar(100) NOT NULL,
  PRIMARY KEY (`user_id`,`extension`)
) ENGINE=InnoDB DEFAULT CHARSET=utf8mb4 COLLATE=utf8mb4_unicode_ci;
/*!40101 SET character_set_client = @saved_cs_client */;

--
-- Dumping data for table `fs_filehandlers`
--

LOCK TABLES `fs_filehandlers` WRITE;
/*!40000 ALTER TABLE `fs_filehandlers` DISABLE KEYS */;
/*!40000 ALTER TABLE `fs_filehandlers` ENABLE KEYS */;
UNLOCK TABLES;

--
-- Table structure for table `fs_files`
--

DROP TABLE IF EXISTS `fs_files`;
/*!40101 SET @saved_cs_client     = @@character_set_client */;
/*!40101 SET character_set_client = utf8 */;
CREATE TABLE `fs_files` (
  `id` int(11) NOT NULL AUTO_INCREMENT,
  `folder_id` int(11) NOT NULL,
  `name` varchar(190) CHARACTER SET utf8mb4 COLLATE utf8mb4_bin NOT NULL,
  `locked_user_id` int(11) NOT NULL DEFAULT 0,
  `lock_id` varchar(192) DEFAULT NULL,
  `status_id` int(11) NOT NULL DEFAULT 0,
  `ctime` int(11) NOT NULL DEFAULT 0,
  `mtime` int(11) NOT NULL DEFAULT 0,
  `muser_id` int(11) NOT NULL DEFAULT 0,
  `size` bigint(20) NOT NULL,
  `user_id` int(11) NOT NULL,
  `comment` text DEFAULT NULL,
  `extension` varchar(20) NOT NULL,
  `expire_time` int(11) NOT NULL DEFAULT 0,
  `random_code` char(11) DEFAULT NULL,
  `delete_when_expired` tinyint(1) NOT NULL DEFAULT 0,
  `content_expire_date` int(11) DEFAULT NULL,
  `version` int(10) unsigned NOT NULL DEFAULT 1,
  PRIMARY KEY (`id`),
  UNIQUE KEY `folder_id_2` (`folder_id`,`name`),
  KEY `folder_id` (`folder_id`),
  KEY `name` (`name`),
  KEY `extension` (`extension`),
  KEY `mtime` (`mtime`),
  KEY `content_expire_date` (`content_expire_date`)
) ENGINE=InnoDB AUTO_INCREMENT=13 DEFAULT CHARSET=utf8mb4 COLLATE=utf8mb4_unicode_ci ROW_FORMAT=DYNAMIC;
/*!40101 SET character_set_client = @saved_cs_client */;

--
-- Dumping data for table `fs_files`
--

LOCK TABLES `fs_files` WRITE;
/*!40000 ALTER TABLE `fs_files` DISABLE KEYS */;
INSERT INTO `fs_files` VALUES
(1,19,'noperson.jpg',0,NULL,0,1743168766,1743168766,1,3015,1,NULL,'jpg',0,NULL,0,NULL,1),
(2,19,'Demo letter.docx',0,NULL,0,1743168766,1743168766,1,4312,1,NULL,'docx',0,NULL,0,NULL,1),
(3,19,'empty.odt',0,NULL,0,1743168766,1743168766,1,6971,1,NULL,'odt',0,NULL,0,NULL,1),
(4,19,'wecoyote.png',0,NULL,0,1743168766,1743168766,1,39495,1,NULL,'png',0,NULL,0,NULL,1),
(5,19,'empty.docx',0,NULL,0,1743168766,1743168766,1,3726,1,NULL,'docx',0,NULL,0,NULL,1),
(6,2,'test.odt',0,'',0,1743169275,1743430202,1,13545,1,NULL,'odt',0,NULL,0,NULL,17),
(12,22,'Beindigen overeenkomst Kemkens.odt',0,NULL,0,1743416472,1743416471,1,19618,1,NULL,'odt',0,NULL,0,NULL,1);
/*!40000 ALTER TABLE `fs_files` ENABLE KEYS */;
UNLOCK TABLES;

--
-- Table structure for table `fs_files_custom_fields`
--

DROP TABLE IF EXISTS `fs_files_custom_fields`;
/*!40101 SET @saved_cs_client     = @@character_set_client */;
/*!40101 SET character_set_client = utf8 */;
CREATE TABLE `fs_files_custom_fields` (
  `id` int(11) NOT NULL,
  PRIMARY KEY (`id`),
  CONSTRAINT `fs_files_custom_fields_ibfk_1` FOREIGN KEY (`id`) REFERENCES `fs_files` (`id`) ON DELETE CASCADE
) ENGINE=InnoDB DEFAULT CHARSET=utf8mb4 COLLATE=utf8mb4_uca1400_ai_ci;
/*!40101 SET character_set_client = @saved_cs_client */;

--
-- Dumping data for table `fs_files_custom_fields`
--

LOCK TABLES `fs_files_custom_fields` WRITE;
/*!40000 ALTER TABLE `fs_files_custom_fields` DISABLE KEYS */;
/*!40000 ALTER TABLE `fs_files_custom_fields` ENABLE KEYS */;
UNLOCK TABLES;

--
-- Table structure for table `fs_folder_pref`
--

DROP TABLE IF EXISTS `fs_folder_pref`;
/*!40101 SET @saved_cs_client     = @@character_set_client */;
/*!40101 SET character_set_client = utf8 */;
CREATE TABLE `fs_folder_pref` (
  `folder_id` int(11) NOT NULL,
  `user_id` int(11) NOT NULL,
  `thumbs` tinyint(1) NOT NULL DEFAULT 0,
  PRIMARY KEY (`folder_id`,`user_id`)
) ENGINE=InnoDB DEFAULT CHARSET=utf8mb4 COLLATE=utf8mb4_unicode_ci;
/*!40101 SET character_set_client = @saved_cs_client */;

--
-- Dumping data for table `fs_folder_pref`
--

LOCK TABLES `fs_folder_pref` WRITE;
/*!40000 ALTER TABLE `fs_folder_pref` DISABLE KEYS */;
/*!40000 ALTER TABLE `fs_folder_pref` ENABLE KEYS */;
UNLOCK TABLES;

--
-- Table structure for table `fs_folders`
--

DROP TABLE IF EXISTS `fs_folders`;
/*!40101 SET @saved_cs_client     = @@character_set_client */;
/*!40101 SET character_set_client = utf8 */;
CREATE TABLE `fs_folders` (
  `user_id` int(11) NOT NULL DEFAULT 0,
  `id` int(11) NOT NULL AUTO_INCREMENT,
  `parent_id` int(11) NOT NULL,
  `name` varchar(260) CHARACTER SET utf8mb4 COLLATE utf8mb4_bin NOT NULL,
  `visible` tinyint(1) NOT NULL DEFAULT 0,
  `acl_id` int(11) NOT NULL DEFAULT 0,
  `comment` text DEFAULT NULL,
  `thumbs` tinyint(1) NOT NULL DEFAULT 1,
  `ctime` int(11) NOT NULL,
  `mtime` int(11) NOT NULL,
  `muser_id` int(11) NOT NULL DEFAULT 0,
  `quota_user_id` int(11) NOT NULL DEFAULT 0,
  `readonly` tinyint(1) NOT NULL DEFAULT 0,
  `cm_state` text DEFAULT NULL,
  `apply_state` tinyint(1) NOT NULL DEFAULT 0,
  PRIMARY KEY (`id`),
  UNIQUE KEY `parent_id_3` (`parent_id`,`name`),
  KEY `name` (`name`),
  KEY `parent_id` (`parent_id`),
  KEY `visible` (`visible`)
) ENGINE=InnoDB AUTO_INCREMENT=23 DEFAULT CHARSET=utf8mb4 COLLATE=utf8mb4_unicode_ci ROW_FORMAT=DYNAMIC;
/*!40101 SET character_set_client = @saved_cs_client */;

--
-- Dumping data for table `fs_folders`
--

LOCK TABLES `fs_folders` WRITE;
/*!40000 ALTER TABLE `fs_folders` DISABLE KEYS */;
INSERT INTO `fs_folders` VALUES
(1,1,0,'users',0,17,NULL,1,1743168717,1743168765,1,1,1,NULL,0),
(1,2,1,'admin',1,18,NULL,1,1743168717,1743426511,1,1,1,NULL,0),
(1,3,2,'Public',0,19,NULL,1,1743168717,1743167380,1,1,0,NULL,0),
(1,4,0,'calendar',0,17,NULL,1,1743168732,1743168765,1,1,1,NULL,0),
(1,5,4,'System Administrator',0,47,NULL,1,1743168732,1743168733,1,1,1,NULL,0),
(1,6,4,'Mr. Broderick Hauck',0,51,NULL,1,1743168740,1743168740,1,1,1,NULL,0),
(1,7,4,'Mr. Jedidiah Tromp',0,58,NULL,1,1743168740,1743168740,1,1,1,NULL,0),
(1,8,4,'Ashlee Beier',0,63,NULL,1,1743168740,1743168740,1,1,1,NULL,0),
(1,9,4,'Tony Howe',0,68,NULL,1,1743168740,1743168740,1,1,1,NULL,0),
(1,10,4,'Prof. Johnny Kirlin',0,73,NULL,1,1743168741,1743168741,1,1,1,NULL,0),
(1,11,4,'Burdette Stamm',0,78,NULL,1,1743168741,1743168741,1,1,1,NULL,0),
(1,12,4,'Camron Heller Sr',0,83,NULL,1,1743168741,1743168741,1,1,1,NULL,0),
(1,13,4,'Mr. Shayne Zemlak',0,88,NULL,1,1743168741,1743168741,1,1,1,NULL,0),
(1,14,4,'Mrs. Elizabeth Cartwright',0,93,NULL,1,1743168742,1743168742,1,1,1,NULL,0),
(1,15,4,'Prof. Simone Kirlin Jr',0,98,NULL,1,1743168742,1743168742,1,1,1,NULL,0),
(1,16,4,'Nicklaus Durgan',0,103,NULL,1,1743168742,1743168742,1,1,1,NULL,0),
(1,17,4,'Road Runner Room',0,109,NULL,1,1743168765,1743168765,1,1,1,NULL,0),
(1,18,4,'Don Coyote Room',0,110,NULL,1,1743168765,1743168765,1,1,1,NULL,0),
(2,19,1,'demo',1,111,NULL,1,1743168765,1743168766,1,1,1,NULL,0),
(1,20,0,'log',0,17,NULL,1,1743169266,1743169266,1,1,1,NULL,0),
(1,21,0,'tmp',0,17,NULL,1,1743416252,1743416252,1,1,1,NULL,0),
(1,22,21,'1',0,124,NULL,1,1743416252,1743416472,1,1,0,NULL,0);
/*!40000 ALTER TABLE `fs_folders` ENABLE KEYS */;
UNLOCK TABLES;

--
-- Table structure for table `fs_folders_custom_fields`
--

DROP TABLE IF EXISTS `fs_folders_custom_fields`;
/*!40101 SET @saved_cs_client     = @@character_set_client */;
/*!40101 SET character_set_client = utf8 */;
CREATE TABLE `fs_folders_custom_fields` (
  `id` int(11) NOT NULL,
  PRIMARY KEY (`id`),
  CONSTRAINT `fs_folders_custom_fields_ibfk_1` FOREIGN KEY (`id`) REFERENCES `fs_folders` (`id`) ON DELETE CASCADE
) ENGINE=InnoDB DEFAULT CHARSET=utf8mb4 COLLATE=utf8mb4_unicode_ci;
/*!40101 SET character_set_client = @saved_cs_client */;

--
-- Dumping data for table `fs_folders_custom_fields`
--

LOCK TABLES `fs_folders_custom_fields` WRITE;
/*!40000 ALTER TABLE `fs_folders_custom_fields` DISABLE KEYS */;
/*!40000 ALTER TABLE `fs_folders_custom_fields` ENABLE KEYS */;
UNLOCK TABLES;

--
-- Table structure for table `fs_new_files`
--

DROP TABLE IF EXISTS `fs_new_files`;
/*!40101 SET @saved_cs_client     = @@character_set_client */;
/*!40101 SET character_set_client = utf8 */;
CREATE TABLE `fs_new_files` (
  `file_id` int(11) NOT NULL,
  `user_id` int(11) NOT NULL,
  KEY `file_id` (`file_id`,`user_id`)
) ENGINE=InnoDB DEFAULT CHARSET=utf8mb4 COLLATE=utf8mb4_unicode_ci;
/*!40101 SET character_set_client = @saved_cs_client */;

--
-- Dumping data for table `fs_new_files`
--

LOCK TABLES `fs_new_files` WRITE;
/*!40000 ALTER TABLE `fs_new_files` DISABLE KEYS */;
/*!40000 ALTER TABLE `fs_new_files` ENABLE KEYS */;
UNLOCK TABLES;

--
-- Table structure for table `fs_notification_messages`
--

DROP TABLE IF EXISTS `fs_notification_messages`;
/*!40101 SET @saved_cs_client     = @@character_set_client */;
/*!40101 SET character_set_client = utf8 */;
CREATE TABLE `fs_notification_messages` (
  `id` int(11) NOT NULL AUTO_INCREMENT,
  `user_id` int(11) NOT NULL,
  `modified_user_id` int(11) NOT NULL,
  `type` int(11) NOT NULL,
  `arg1` varchar(255) NOT NULL,
  `arg2` varchar(255) NOT NULL,
  `mtime` int(11) NOT NULL,
  `status` tinyint(1) NOT NULL,
  PRIMARY KEY (`id`),
  KEY `user_id` (`user_id`,`status`)
) ENGINE=InnoDB DEFAULT CHARSET=utf8mb4 COLLATE=utf8mb4_unicode_ci;
/*!40101 SET character_set_client = @saved_cs_client */;

--
-- Dumping data for table `fs_notification_messages`
--

LOCK TABLES `fs_notification_messages` WRITE;
/*!40000 ALTER TABLE `fs_notification_messages` DISABLE KEYS */;
/*!40000 ALTER TABLE `fs_notification_messages` ENABLE KEYS */;
UNLOCK TABLES;

--
-- Table structure for table `fs_notifications`
--

DROP TABLE IF EXISTS `fs_notifications`;
/*!40101 SET @saved_cs_client     = @@character_set_client */;
/*!40101 SET character_set_client = utf8 */;
CREATE TABLE `fs_notifications` (
  `folder_id` int(11) NOT NULL,
  `user_id` int(11) NOT NULL,
  PRIMARY KEY (`folder_id`,`user_id`)
) ENGINE=InnoDB DEFAULT CHARSET=utf8mb4 COLLATE=utf8mb4_unicode_ci;
/*!40101 SET character_set_client = @saved_cs_client */;

--
-- Dumping data for table `fs_notifications`
--

LOCK TABLES `fs_notifications` WRITE;
/*!40000 ALTER TABLE `fs_notifications` DISABLE KEYS */;
/*!40000 ALTER TABLE `fs_notifications` ENABLE KEYS */;
UNLOCK TABLES;

--
-- Table structure for table `fs_shared_cache`
--

DROP TABLE IF EXISTS `fs_shared_cache`;
/*!40101 SET @saved_cs_client     = @@character_set_client */;
/*!40101 SET character_set_client = utf8 */;
CREATE TABLE `fs_shared_cache` (
  `user_id` int(11) NOT NULL,
  `folder_id` int(11) NOT NULL,
  `name` varchar(255) NOT NULL,
  `path` text NOT NULL,
  PRIMARY KEY (`user_id`,`folder_id`)
) ENGINE=InnoDB DEFAULT CHARSET=utf8mb4 COLLATE=utf8mb4_unicode_ci;
/*!40101 SET character_set_client = @saved_cs_client */;

--
-- Dumping data for table `fs_shared_cache`
--

LOCK TABLES `fs_shared_cache` WRITE;
/*!40000 ALTER TABLE `fs_shared_cache` DISABLE KEYS */;
/*!40000 ALTER TABLE `fs_shared_cache` ENABLE KEYS */;
UNLOCK TABLES;

--
-- Table structure for table `fs_shared_root_folders`
--

DROP TABLE IF EXISTS `fs_shared_root_folders`;
/*!40101 SET @saved_cs_client     = @@character_set_client */;
/*!40101 SET character_set_client = utf8 */;
CREATE TABLE `fs_shared_root_folders` (
  `user_id` int(11) NOT NULL,
  `folder_id` int(11) NOT NULL,
  PRIMARY KEY (`user_id`,`folder_id`)
) ENGINE=InnoDB DEFAULT CHARSET=utf8mb4 COLLATE=utf8mb4_uca1400_ai_ci;
/*!40101 SET character_set_client = @saved_cs_client */;

--
-- Dumping data for table `fs_shared_root_folders`
--

LOCK TABLES `fs_shared_root_folders` WRITE;
/*!40000 ALTER TABLE `fs_shared_root_folders` DISABLE KEYS */;
/*!40000 ALTER TABLE `fs_shared_root_folders` ENABLE KEYS */;
UNLOCK TABLES;

--
-- Table structure for table `fs_status_history`
--

DROP TABLE IF EXISTS `fs_status_history`;
/*!40101 SET @saved_cs_client     = @@character_set_client */;
/*!40101 SET character_set_client = utf8 */;
CREATE TABLE `fs_status_history` (
  `id` int(11) NOT NULL DEFAULT 0,
  `link_id` int(11) NOT NULL DEFAULT 0,
  `status_id` int(11) NOT NULL DEFAULT 0,
  `user_id` int(11) NOT NULL DEFAULT 0,
  `ctime` int(11) NOT NULL DEFAULT 0,
  `comments` text DEFAULT NULL,
  PRIMARY KEY (`id`),
  KEY `link_id` (`link_id`)
) ENGINE=InnoDB DEFAULT CHARSET=utf8mb4 COLLATE=utf8mb4_unicode_ci;
/*!40101 SET character_set_client = @saved_cs_client */;

--
-- Dumping data for table `fs_status_history`
--

LOCK TABLES `fs_status_history` WRITE;
/*!40000 ALTER TABLE `fs_status_history` DISABLE KEYS */;
/*!40000 ALTER TABLE `fs_status_history` ENABLE KEYS */;
UNLOCK TABLES;

--
-- Table structure for table `fs_statuses`
--

DROP TABLE IF EXISTS `fs_statuses`;
/*!40101 SET @saved_cs_client     = @@character_set_client */;
/*!40101 SET character_set_client = utf8 */;
CREATE TABLE `fs_statuses` (
  `id` int(11) NOT NULL DEFAULT 0,
  `name` varchar(50) DEFAULT NULL,
  PRIMARY KEY (`id`)
) ENGINE=InnoDB DEFAULT CHARSET=utf8mb4 COLLATE=utf8mb4_unicode_ci;
/*!40101 SET character_set_client = @saved_cs_client */;

--
-- Dumping data for table `fs_statuses`
--

LOCK TABLES `fs_statuses` WRITE;
/*!40000 ALTER TABLE `fs_statuses` DISABLE KEYS */;
/*!40000 ALTER TABLE `fs_statuses` ENABLE KEYS */;
UNLOCK TABLES;

--
-- Table structure for table `fs_templates`
--

DROP TABLE IF EXISTS `fs_templates`;
/*!40101 SET @saved_cs_client     = @@character_set_client */;
/*!40101 SET character_set_client = utf8 */;
CREATE TABLE `fs_templates` (
  `id` int(11) NOT NULL AUTO_INCREMENT,
  `user_id` int(11) NOT NULL,
  `name` varchar(50) DEFAULT NULL,
  `acl_id` int(11) NOT NULL,
  `content` mediumblob NOT NULL,
  `extension` char(4) NOT NULL DEFAULT '',
  PRIMARY KEY (`id`),
  KEY `user_id` (`user_id`)
) ENGINE=InnoDB AUTO_INCREMENT=3 DEFAULT CHARSET=utf8mb4 COLLATE=utf8mb4_unicode_ci;
/*!40101 SET character_set_client = @saved_cs_client */;

--
-- Dumping data for table `fs_templates`
--

LOCK TABLES `fs_templates` WRITE;
/*!40000 ALTER TABLE `fs_templates` DISABLE KEYS */;
INSERT INTO `fs_templates` VALUES
(1,1,'Microsoft Word document',14,'PK\0\0HB\0\0\0\0\0\0\0\0\0\0\0\0\0\0\0_rels/.relsMKACl+\"Bo\"3iA\nPymNAiAq00jx=/`/W>J\\*aIL41q!fOR<b\"q21j[H76z$&f^\\8.Nyd`yqj4x]h{8S4GAyY8X([Fwi4o|l^PK#\0\0\0=\0\0PK\0\0HB\0\0\0\0\0\0\0\0\0\0\0\0\0\0\0word/_rels/document.xml.relsM\n0\"UnDp+\016	(z{Z(}1/__]m,IQp(%INR\\	vDnyP-2$^R,}T\' O&U7m]k=\Z\ZnHA>.?|m\r?@IwPK/0\0\0\0\0\0PK\0\0HB\0\0\0\0\0\0\0\0\0\0\0\0\0\0\0word/settings.xmlEK0D\"SBkRbG	+73z+E\"#f <tp>0l7%>jn)3ReW.)hf\'.C.Hhl\n#AW/?Lm#ii\ZQOrTm]/PKe\"\0\0\0\0\0\0PK\0\0HB\0\0\0\0\0\0\0\0\0\0\0\0\0\0\0word/fontTable.xmlN0<E;KM		q\0]#%q=Y(@%Yc`CB\njO8oK+9 n|d=m]:Pp75Lj]*qK.Fr7rqx#@l%Bq\ZFLC0pxn	>#E,YF-0u-77-7PKZ]\0\0\0\0PK\0\0HB\0\0\0\0\0\0\0\0\0\0\0\0\0\0\0word/styles.xmlTQo0~Nh5T	A9s\Zjx;6\ZJFsfX%\\n\"|lY@dBI=;xI\"bz(26*F\">apuZI+v``c@{\\C.l,,qk*Qi_\nb5JnkTESqur&;t\nrjytPy<sT)b3rLL7!HH,eyu1	g[Oyk:?5mKS@Ju5ll_\n`gWCKxh\\GwZkDkuA9[a|p}/Zh35~9Ft	\'{\Zl\r#pd&\0?l3.qg+7wLg5v*^]flzGPKq\0\0\0\0PK\0\0HB\0\0\0\0\0\0\0\0\0\0\0\0\0\0\0word/document.xmlRn0+\"TF.VH0&d{#{!MK&\\NB4e	XU%K<	[rv6U(O,%le\rFQ&Me$.g5Qq\'Mx{4]pZPCF-q(`]_#\'uCl;G,16gnaOW\rI e|{7\"R$uJ6c%\nb ?,pm4u6{OS$H&R*	_O#Nt5b\ZJ\'9UAd	2Bwl4v=J}u!\rvc`_PKly\0\06\0\0PK\0\0HB\0\0\0\0\0\0\0\0\0\0\0\0\0\0\0docProps/app.xml=k0TcLBCht3tNsp}xxvSqwy));v)H(w+$-\0\r\".u6&u+ScG+1H8\Z^42W\\_!{qzSQbo^4Tz7n^u;Mq0gPH,[f3#PK(\0\0\0h\0\0PK\0\0HB\0\0\0\0\0\0\0\0\0\0\0\0\0\0\0docProps/core.xmlm[O0K Dm\\hD2&\Z}8/-@HVuP\r\nE}S\nq$,gVhe{}	qt-\\|9VxINFJA(cZP*8t\0UxHFrH}_}2<5:}\0T\'5x&v9y><:,5%lvncdS<W.V1K8TiMJ|9PKi\0\0\0\0PK\0\0HB\0\0\0\0\0\0\0\0\0\0\0\0\0\0\0[Content_Types].xml1O0+JBI: 1B0#c_|sh#X}f5x<YFZM[6bjQ[`5(;fA;!E\"/&	i*	d%|?zgqe{AdL8k)k>)V\Z30=z)+_e$74B\\lh	SH~tlx&>mwO`:6rpCNc*8Ab\rPKca*\0\0^\0\0PK\0\0\0HB#\0\0\0=\0\0\0\0\0\0\0\0\0\0\0\0\0\0\0\0\0\0\0_rels/.relsPK\0\0\0HB/0\0\0\0\0\0\0\0\0\0\0\0\0\0\0\0\0\0\0\0\0word/_rels/document.xml.relsPK\0\0\0HBe\"\0\0\0\0\0\0\0\0\0\0\0\0\0\0\0\0\0\0\0!\0\0word/settings.xmlPK\0\0\0HBZ]\0\0\0\0\0\0\0\0\0\0\0\0\0\0\0\0\0\0\0word/fontTable.xmlPK\0\0\0HBq\0\0\0\0\0\0\0\0\0\0\0\0\0\0\0\0\0F\0\0word/styles.xmlPK\0\0\0HBly\0\06\0\0\0\0\0\0\0\0\0\0\0\0\0\0\0\0\0word/document.xmlPK\0\0\0HB(\0\0\0h\0\0\0\0\0\0\0\0\0\0\0\0\0\0\0S\0\0docProps/app.xmlPK\0\0\0HBi\0\0\0\0\0\0\0\0\0\0\0\0\0\0\0\0\0s	\0\0docProps/core.xmlPK\0\0\0HBca*\0\0^\0\0\0\0\0\0\0\0\0\0\0\0\0\0\0\n\0\0[Content_Types].xmlPK\0\0\0\0	\0	\0<\0\0<\0\0\0\0','docx'),
(2,1,'Open-Office Text document',16,'PK\0\0\0\0\0K;\Z9^2\'\0\0\0\'\0\0\0\0\0\0mimetypeapplication/vnd.oasis.opendocument.textPK\0\0\0\0\0K;\Z9\0\0\0\0\0\0\0\0\0\0\0\0\Z\0\0\0Configurations2/statusbar/PK\0\0\0K;\Z9\0\0\0\0\0\0\0\0\0\0\0\0\'\0\0\0Configurations2/accelerator/current.xml\0PK\0\0\0\0\0\0\0\0\0\0\0PK\0\0\0\0\0K;\Z9\0\0\0\0\0\0\0\0\0\0\0\0\0\0\0Configurations2/floater/PK\0\0\0\0\0K;\Z9\0\0\0\0\0\0\0\0\0\0\0\0\Z\0\0\0Configurations2/popupmenu/PK\0\0\0\0\0K;\Z9\0\0\0\0\0\0\0\0\0\0\0\0\0\0\0Configurations2/progressbar/PK\0\0\0\0\0K;\Z9\0\0\0\0\0\0\0\0\0\0\0\0\0\0\0Configurations2/menubar/PK\0\0\0\0\0K;\Z9\0\0\0\0\0\0\0\0\0\0\0\0\0\0\0Configurations2/toolbar/PK\0\0\0\0\0K;\Z9\0\0\0\0\0\0\0\0\0\0\0\0\0\0\0Configurations2/images/Bitmaps/PK\0\0\0K;\Z9\0\0\0\0\0\0\0\0\0\0\0\0\0\0\0content.xmlVn!+F,c\']$SJQJIMZuKiyL_1N2	7ss/ov[\rSTbE\\\n>,U0L+p\'%Vl\r:-+3DJT*EWa1v-\\pSF}.c)QeE=b[mar\Z.a#4(!/fbVPr$\'Apl]OH7HgF\0{I$)W \nqw-rfm6#:+R=!P|	qY8~J&-Cttl|/ \\8=\rLo@G0{\\2i,Ge\ZF0F^]K56 4Qq)T9`5\\B@AbnVxp\Z<2L%;?T0G*.Aq5noe}wDbwH3yvi_R^sx@L*`20{cx&8e!:T!Ob\"q2<o>&z,B0r/UgAKNk0eygv(=+g\'qp`Z6Re$>#O&wQ|xPK\0=@\0\0s	\0\0PK\0\0\0K;\Z9\0\0\0\0\0\0\0\0\0\0\0\0\n\0\0\0styles.xmlYK6W*mEh	E\n$eDWH=, p<7MvD**]ODo?n7?\rM*IF6sr|%jqNJ\'+Q7BUV-s[-s;\ZM1v^1(y53Ej6jZ]Mr9pd+MfLi<9x,>Be&ri\'^UmLdX\r|t{pou6;  It~!Dlp	j.=9`4y/\";.!A{_6\'$afy,5yO?\"<@0y]3.hIrT\';,$<\0UEz?g_9\ZH3\Z44ra\r.Y\ZV\"IyoTHA)8Tp**hW	!:D\rAu%H82!Wa]e)+$X\'=2k08GEu\\`((B}#\\jat@hYaXK)\r.b3((ORVELn\rU&OiYB}H4^1%gv!%DCC_DPVM\'<#t>FpGhCGy5&\Z?Dg\nLph#lf6\'wE]:}(RHOnMfq`6e_@Gq}Qj7vVKrjnIc \\0:,H+\Z#aZH&C1\\(U:a_)[3s7PO)i4X(V\nA2u*/ B8EP#,|Z?EzPIz&+L^V\r9^$kcU-Arq2Wc3i@3>CIH~>}ir31sc|;.L)|AJXm%H[|8z[s*\nwqx[5m}^nAQ+^\n_+Y!zVwG,592%9zk955P$o$ikq.P\\./Bq-/W<B\\h\r>&\rm#6}yQF\nCi;/g\nFGHx:EZ}jrGSiF4ih251Zi<9A&M\'MQONg)M2t	WgX+j$$B{qvNe\rih\0D971v_3(Rxq\Z<mCk\'\'=<xcN},8\\*bKHV18Q8s?TFYx`TPyVr\ZzH:;1!\Z|GoPKE}\0\0\0\0PK\0\0\0\0\0K;\Z9g\0\0\0\0\0\0\0meta.xml<?xml version=\"1.0\" encoding=\"UTF-8\"?>\n<office:document-meta xmlns:office=\"urn:oasis:names:tc:opendocument:xmlns:office:1.0\" xmlns:xlink=\"http://www.w3.org/1999/xlink\" xmlns:dc=\"http://purl.org/dc/elements/1.1/\" xmlns:meta=\"urn:oasis:names:tc:opendocument:xmlns:meta:1.0\" xmlns:ooo=\"http://openoffice.org/2004/office\" office:version=\"1.1\"><office:meta><meta:generator>OpenOffice.org/2.4$Linux OpenOffice.org_project/680m17$Build-9310</meta:generator><meta:initial-creator>Merijn Schering</meta:initial-creator><meta:creation-date>2008-08-26T09:26:02</meta:creation-date><meta:editing-cycles>0</meta:editing-cycles><meta:editing-duration>PT0S</meta:editing-duration><meta:user-defined meta:name=\"Info 1\"/><meta:user-defined meta:name=\"Info 2\"/><meta:user-defined meta:name=\"Info 3\"/><meta:user-defined meta:name=\"Info 4\"/><meta:document-statistic meta:table-count=\"0\" meta:image-count=\"0\" meta:object-count=\"0\" meta:page-count=\"1\" meta:paragraph-count=\"0\" meta:word-count=\"0\" meta:character-count=\"0\"/></office:meta></office:document-meta>PK\0\0\0K;\Z9\0\0\0\0\0\0\0\0\0\0\0\0\0\0\0Thumbnails/thumbnail.pngsb``p	[8{8Ty{i#\'\r|??tCw~29K&xrrVo_y2cTpTp3\n*L~.\0PK|\0\0\0\0\0PK\0\0\0K;\Z9\0\0\0\0\0\0\0\0\0\0\0\0\0\0\0settings.xmlYQs8~_;Jo72SNK	~MlT~^@Fb~=N?q6h1]Q5-Qg]fKh\"Sj\nj	M,{xZ\'ju\\/(U,\rPoU!\"!;UvQ]Vo\\SZ?lo]\nJ!69xk^{~z_`muBo\"V+p}\"z^(\"d|QxzH.GRAg)\"&)\'\n1}gWbT\"\n]_GC!ynUiIL0_Q\'SU\\OVh_4\Z/DQk_8	I}avYQSch&y/ b9d3I6a\nNC=?A{To<Ti<1%ryLB%-Nzp\\n$&3G(tOt8Lurl~tJxWApQYNP[f.|e0(n(QlS<z[S	&^#[tp]D{~1QGaA2NCA\'o17FxVtt[ztp$#`!\nAS?A.nt}[udzO~T of5%\r)QU|b\ntSwt\"4y4cUoWe/m$-]TJ&S`MJl9[TEYnw?.[BLVId .R1pVD^LM[Ik*NW6W0ZKSTQE\'WuAUB5+_D9.D;Lp{*:f\",hHfk6){&RP#0uL0O8fM&}rt6oYbkL	\nyjT\\NuQ,xKL2FtXQ$Rj;o|LPKt\0\0h\0\0PK\0\0\0K;\Z9\0\0\0\0\0\0\0\0\0\0\0\0\0\0\0META-INF/manifest.xmlKj0@=VU1q-&fW6X;	F#h[S0O)k7vc^aaHHS\"Z^%|.Ax.25|	h;7GWsh,.dLB%Mync Y\'@,`(Uq:bbqW`<0RO G?Fr7=^bpmaD-*_PrS4I7ZOHNzbK|0Hc-2xd7!a87|\"s]PK5b9>\0\0J\0\0PK\0\0\0\0\0\0K;\Z9^2\'\0\0\0\'\0\0\0\0\0\0\0\0\0\0\0\0\0\0\0\0\0\0\0\0mimetypePK\0\0\0\0\0\0K;\Z9\0\0\0\0\0\0\0\0\0\0\0\0\Z\0\0\0\0\0\0\0\0\0\0\0\0\0M\0\0\0Configurations2/statusbar/PK\0\0\0\0K;\Z9\0\0\0\0\0\0\0\0\0\0\0\'\0\0\0\0\0\0\0\0\0\0\0\0\0\0\0\0Configurations2/accelerator/current.xmlPK\0\0\0\0\0\0K;\Z9\0\0\0\0\0\0\0\0\0\0\0\0\0\0\0\0\0\0\0\0\0\0\0\0\0\0\0\0Configurations2/floater/PK\0\0\0\0\0\0K;\Z9\0\0\0\0\0\0\0\0\0\0\0\0\Z\0\0\0\0\0\0\0\0\0\0\0\0\0\0\0Configurations2/popupmenu/PK\0\0\0\0\0\0K;\Z9\0\0\0\0\0\0\0\0\0\0\0\0\0\0\0\0\0\0\0\0\0\0\0\0\0J\0\0Configurations2/progressbar/PK\0\0\0\0\0\0K;\Z9\0\0\0\0\0\0\0\0\0\0\0\0\0\0\0\0\0\0\0\0\0\0\0\0\0\0\0Configurations2/menubar/PK\0\0\0\0\0\0K;\Z9\0\0\0\0\0\0\0\0\0\0\0\0\0\0\0\0\0\0\0\0\0\0\0\0\0\0\0Configurations2/toolbar/PK\0\0\0\0\0\0K;\Z9\0\0\0\0\0\0\0\0\0\0\0\0\0\0\0\0\0\0\0\0\0\0\0\0\0\0\0Configurations2/images/Bitmaps/PK\0\0\0\0K;\Z9\0=@\0\0s	\0\0\0\0\0\0\0\0\0\0\0\0\0\0\0-\0\0content.xmlPK\0\0\0\0K;\Z9E}\0\0\0\0\n\0\0\0\0\0\0\0\0\0\0\0\0\0\0\0styles.xmlPK\0\0\0\0\0\0K;\Z9g\0\0\0\0\0\0\0\0\0\0\0\0\0\0\0\0\0\0\0meta.xmlPK\0\0\0\0K;\Z9|\0\0\0\0\0\0\0\0\0\0\0\0\0\0\0\0\0\0\0\0Thumbnails/thumbnail.pngPK\0\0\0\0K;\Z9t\0\0h\0\0\0\0\0\0\0\0\0\0\0\0\0\0\0\0\0settings.xmlPK\0\0\0\0K;\Z95b9>\0\0J\0\0\0\0\0\0\0\0\0\0\0\0\0\0\0\0\0META-INF/manifest.xmlPK\0\0\0\0\0\0\0\07\0\0\0\0','odt');
/*!40000 ALTER TABLE `fs_templates` ENABLE KEYS */;
UNLOCK TABLES;

--
-- Table structure for table `fs_versions`
--

DROP TABLE IF EXISTS `fs_versions`;
/*!40101 SET @saved_cs_client     = @@character_set_client */;
/*!40101 SET character_set_client = utf8 */;
CREATE TABLE `fs_versions` (
  `id` int(11) NOT NULL AUTO_INCREMENT,
  `file_id` int(11) NOT NULL,
  `mtime` int(11) NOT NULL,
  `user_id` int(11) NOT NULL,
  `path` varchar(255) NOT NULL,
  `version` int(11) NOT NULL DEFAULT 1,
  `size_bytes` bigint(20) NOT NULL DEFAULT 0,
  PRIMARY KEY (`id`),
  KEY `file_id` (`file_id`)
) ENGINE=InnoDB AUTO_INCREMENT=17 DEFAULT CHARSET=utf8mb4 COLLATE=utf8mb4_unicode_ci;
/*!40101 SET character_set_client = @saved_cs_client */;

--
-- Dumping data for table `fs_versions`
--

LOCK TABLES `fs_versions` WRITE;
/*!40000 ALTER TABLE `fs_versions` DISABLE KEYS */;
INSERT INTO `fs_versions` VALUES
(14,6,1743425996,1,'versioning/6/20250331_145956_test.odt',14,5978),
(15,6,1743426211,1,'versioning/6/20250331_150331_test.odt',15,6131),
(16,6,1743426441,1,'versioning/6/20250331_150721_test.odt',16,6272);
/*!40000 ALTER TABLE `fs_versions` ENABLE KEYS */;
UNLOCK TABLES;


DROP TABLE IF EXISTS `fs_trash`;
CREATE TABLE `fs_trash` (
                            `id` INT(11) UNSIGNED NOT NULL AUTO_INCREMENT,
                            `parentId` INT(11) UNSIGNED NOT NULL,
                            `aclId` INT(11) NOT NULL DEFAULT 0,
                            `entityId` INT(11) NOT NULL,
                            `entityTypeId` INT(11) NOT NULL,
                            `deletedBy` INT(11) NOT NULL,
                            `deletedAt` DATETIME DEFAULT NOW(),
                            `name` varchar(260) CHARACTER SET utf8mb4 COLLATE utf8mb4_bin NOT NULL,
                            `fullPath` varchar(512) CHARACTER SET utf8mb4 COLLATE utf8mb4_bin NOT NULL,
                            PRIMARY KEY (`id`),
                            CONSTRAINT `fs_trash_ibfk_1` FOREIGN KEY (`aclId`) REFERENCES `core_acl` (`id`) ON DELETE CASCADE,
                            CONSTRAINT `fs_trash_ibfk_2` FOREIGN KEY (`deletedBy`) REFERENCES `core_user` (`id`) ON DELETE CASCADE,
                            CONSTRAINT `fs_trash_ibfk_3` FOREIGN KEY (`entityTypeId`) REFERENCES `core_entity` (`id`) ON DELETE CASCADE
) ENGINE=InnoDB DEFAULT CHARSET=utf8mb4;

--
-- Table structure for table `go_address_format`
--

DROP TABLE IF EXISTS `go_address_format`;
/*!40101 SET @saved_cs_client     = @@character_set_client */;
/*!40101 SET character_set_client = utf8 */;
CREATE TABLE `go_address_format` (
  `id` int(11) NOT NULL,
  `format` text NOT NULL,
  PRIMARY KEY (`id`)
) ENGINE=InnoDB DEFAULT CHARSET=utf8mb4 COLLATE=utf8mb4_unicode_ci;
/*!40101 SET character_set_client = @saved_cs_client */;

--
-- Dumping data for table `go_address_format`
--

LOCK TABLES `go_address_format` WRITE;
/*!40000 ALTER TABLE `go_address_format` DISABLE KEYS */;
/*!40000 ALTER TABLE `go_address_format` ENABLE KEYS */;
UNLOCK TABLES;

--
-- Table structure for table `go_advanced_searches`
--

DROP TABLE IF EXISTS `go_advanced_searches`;
/*!40101 SET @saved_cs_client     = @@character_set_client */;
/*!40101 SET character_set_client = utf8 */;
CREATE TABLE `go_advanced_searches` (
  `id` int(11) NOT NULL AUTO_INCREMENT,
  `name` varchar(255) NOT NULL DEFAULT '',
  `user_id` int(11) NOT NULL DEFAULT 0,
  `acl_id` int(11) NOT NULL DEFAULT 0,
  `data` text DEFAULT NULL,
  `model_name` varchar(100) NOT NULL DEFAULT '',
  PRIMARY KEY (`id`)
) ENGINE=InnoDB DEFAULT CHARSET=utf8mb4 COLLATE=utf8mb4_unicode_ci;
/*!40101 SET character_set_client = @saved_cs_client */;

--
-- Dumping data for table `go_advanced_searches`
--

LOCK TABLES `go_advanced_searches` WRITE;
/*!40000 ALTER TABLE `go_advanced_searches` DISABLE KEYS */;
/*!40000 ALTER TABLE `go_advanced_searches` ENABLE KEYS */;
UNLOCK TABLES;

--
-- Table structure for table `go_cache`
--

DROP TABLE IF EXISTS `go_cache`;
/*!40101 SET @saved_cs_client     = @@character_set_client */;
/*!40101 SET character_set_client = utf8 */;
CREATE TABLE `go_cache` (
  `user_id` int(11) NOT NULL,
  `key` varchar(190) NOT NULL DEFAULT '',
  `content` longtext DEFAULT NULL,
  `mtime` int(11) NOT NULL,
  PRIMARY KEY (`user_id`,`key`),
  KEY `mtime` (`mtime`)
) ENGINE=InnoDB DEFAULT CHARSET=utf8mb4 COLLATE=utf8mb4_unicode_ci;
/*!40101 SET character_set_client = @saved_cs_client */;

--
-- Dumping data for table `go_cache`
--

LOCK TABLES `go_cache` WRITE;
/*!40000 ALTER TABLE `go_cache` DISABLE KEYS */;
/*!40000 ALTER TABLE `go_cache` ENABLE KEYS */;
UNLOCK TABLES;

--
-- Table structure for table `go_cf_setting_tabs`
--

DROP TABLE IF EXISTS `go_cf_setting_tabs`;
/*!40101 SET @saved_cs_client     = @@character_set_client */;
/*!40101 SET character_set_client = utf8 */;
CREATE TABLE `go_cf_setting_tabs` (
  `cf_category_id` int(11) NOT NULL,
  PRIMARY KEY (`cf_category_id`)
) ENGINE=InnoDB DEFAULT CHARSET=utf8mb4 COLLATE=utf8mb4_unicode_ci;
/*!40101 SET character_set_client = @saved_cs_client */;

--
-- Dumping data for table `go_cf_setting_tabs`
--

LOCK TABLES `go_cf_setting_tabs` WRITE;
/*!40000 ALTER TABLE `go_cf_setting_tabs` DISABLE KEYS */;
/*!40000 ALTER TABLE `go_cf_setting_tabs` ENABLE KEYS */;
UNLOCK TABLES;

--
-- Table structure for table `go_clients`
--

DROP TABLE IF EXISTS `go_clients`;
/*!40101 SET @saved_cs_client     = @@character_set_client */;
/*!40101 SET character_set_client = utf8 */;
CREATE TABLE `go_clients` (
  `id` int(11) NOT NULL AUTO_INCREMENT,
  `footprint` varchar(190) NOT NULL,
  `user_id` int(11) NOT NULL,
  `ip` varchar(45) NOT NULL,
  `user_agent` varchar(255) DEFAULT NULL,
  `ctime` int(11) NOT NULL,
  `last_active` int(11) NOT NULL,
  `in_use` tinyint(1) NOT NULL DEFAULT 1,
  PRIMARY KEY (`id`),
  UNIQUE KEY `unique_footprint` (`footprint`)
) ENGINE=InnoDB DEFAULT CHARSET=utf8mb4 COLLATE=utf8mb4_unicode_ci;
/*!40101 SET character_set_client = @saved_cs_client */;

--
-- Dumping data for table `go_clients`
--

LOCK TABLES `go_clients` WRITE;
/*!40000 ALTER TABLE `go_clients` DISABLE KEYS */;
/*!40000 ALTER TABLE `go_clients` ENABLE KEYS */;
UNLOCK TABLES;

--
-- Table structure for table `go_countries`
--

DROP TABLE IF EXISTS `go_countries`;
/*!40101 SET @saved_cs_client     = @@character_set_client */;
/*!40101 SET character_set_client = utf8 */;
CREATE TABLE `go_countries` (
  `id` int(11) NOT NULL DEFAULT 0,
  `name` varchar(64) DEFAULT NULL,
  `iso_code_2` char(2) NOT NULL DEFAULT '',
  `iso_code_3` char(3) NOT NULL DEFAULT '',
  PRIMARY KEY (`id`)
) ENGINE=InnoDB DEFAULT CHARSET=utf8mb4 COLLATE=utf8mb4_unicode_ci;
/*!40101 SET character_set_client = @saved_cs_client */;

--
-- Dumping data for table `go_countries`
--

LOCK TABLES `go_countries` WRITE;
/*!40000 ALTER TABLE `go_countries` DISABLE KEYS */;
/*!40000 ALTER TABLE `go_countries` ENABLE KEYS */;
UNLOCK TABLES;

--
-- Table structure for table `go_cron`
--

DROP TABLE IF EXISTS `go_cron`;
/*!40101 SET @saved_cs_client     = @@character_set_client */;
/*!40101 SET character_set_client = utf8 */;
CREATE TABLE `go_cron` (
  `id` int(11) NOT NULL AUTO_INCREMENT,
  `name` varchar(255) NOT NULL,
  `active` tinyint(1) NOT NULL DEFAULT 1,
  `minutes` varchar(100) NOT NULL DEFAULT '1',
  `hours` varchar(100) NOT NULL DEFAULT '1',
  `monthdays` varchar(100) NOT NULL DEFAULT '*',
  `months` varchar(100) NOT NULL DEFAULT '*',
  `weekdays` varchar(100) NOT NULL DEFAULT '*',
  `years` varchar(100) NOT NULL DEFAULT '*',
  `job` varchar(255) NOT NULL,
  `runonce` tinyint(1) NOT NULL DEFAULT 0,
  `nextrun` int(11) NOT NULL DEFAULT 0,
  `lastrun` int(11) NOT NULL DEFAULT 0,
  `completedat` int(11) NOT NULL DEFAULT 0,
  `error` text DEFAULT NULL,
  `autodestroy` tinyint(1) NOT NULL DEFAULT 0,
  `params` text DEFAULT NULL,
  PRIMARY KEY (`id`),
  KEY `nextrun_active` (`nextrun`,`active`)
) ENGINE=InnoDB AUTO_INCREMENT=4 DEFAULT CHARSET=utf8mb4 COLLATE=utf8mb4_unicode_ci;
/*!40101 SET character_set_client = @saved_cs_client */;

--
-- Dumping data for table `go_cron`
--

LOCK TABLES `go_cron` WRITE;
/*!40000 ALTER TABLE `go_cron` DISABLE KEYS */;
INSERT INTO `go_cron` VALUES
(1,'Calendar publisher',1,'0','*','*','*','*','*','GO\\Calendar\\Cron\\CalendarPublisher',0,1743170400,0,0,NULL,0,'[]'),
(2,'Email Reminders',1,'*/5','*','*','*','*','*','GO\\Base\\Cron\\EmailReminders',0,1743168900,0,0,NULL,0,'[]'),
(3,'Calculate disk usage',1,'1','1','*','*','*','*','GO\\Base\\Cron\\CalculateDiskUsage',0,1743469260,0,0,NULL,0,'[]');
/*!40000 ALTER TABLE `go_cron` ENABLE KEYS */;
UNLOCK TABLES;

--
-- Table structure for table `go_cron_groups`
--

DROP TABLE IF EXISTS `go_cron_groups`;
/*!40101 SET @saved_cs_client     = @@character_set_client */;
/*!40101 SET character_set_client = utf8 */;
CREATE TABLE `go_cron_groups` (
  `cronjob_id` int(11) NOT NULL,
  `group_id` int(11) NOT NULL,
  PRIMARY KEY (`cronjob_id`,`group_id`)
) ENGINE=InnoDB DEFAULT CHARSET=utf8mb4 COLLATE=utf8mb4_unicode_ci;
/*!40101 SET character_set_client = @saved_cs_client */;

--
-- Dumping data for table `go_cron_groups`
--

LOCK TABLES `go_cron_groups` WRITE;
/*!40000 ALTER TABLE `go_cron_groups` DISABLE KEYS */;
/*!40000 ALTER TABLE `go_cron_groups` ENABLE KEYS */;
UNLOCK TABLES;

--
-- Table structure for table `go_cron_users`
--

DROP TABLE IF EXISTS `go_cron_users`;
/*!40101 SET @saved_cs_client     = @@character_set_client */;
/*!40101 SET character_set_client = utf8 */;
CREATE TABLE `go_cron_users` (
  `cronjob_id` int(11) NOT NULL,
  `user_id` int(11) NOT NULL,
  PRIMARY KEY (`cronjob_id`,`user_id`)
) ENGINE=InnoDB DEFAULT CHARSET=utf8mb4 COLLATE=utf8mb4_unicode_ci;
/*!40101 SET character_set_client = @saved_cs_client */;

--
-- Dumping data for table `go_cron_users`
--

LOCK TABLES `go_cron_users` WRITE;
/*!40000 ALTER TABLE `go_cron_users` DISABLE KEYS */;
/*!40000 ALTER TABLE `go_cron_users` ENABLE KEYS */;
UNLOCK TABLES;

--
-- Table structure for table `go_holidays`
--

DROP TABLE IF EXISTS `go_holidays`;
/*!40101 SET @saved_cs_client     = @@character_set_client */;
/*!40101 SET character_set_client = utf8 */;
CREATE TABLE `go_holidays` (
  `id` int(11) NOT NULL AUTO_INCREMENT,
  `date` date NOT NULL,
  `name` varchar(100) NOT NULL DEFAULT '',
  `region` varchar(10) NOT NULL DEFAULT '',
  `free_day` tinyint(1) NOT NULL DEFAULT 1,
  PRIMARY KEY (`id`),
  KEY `region` (`region`)
) ENGINE=InnoDB DEFAULT CHARSET=utf8mb4 COLLATE=utf8mb4_unicode_ci;
/*!40101 SET character_set_client = @saved_cs_client */;

--
-- Dumping data for table `go_holidays`
--

LOCK TABLES `go_holidays` WRITE;
/*!40000 ALTER TABLE `go_holidays` DISABLE KEYS */;
/*!40000 ALTER TABLE `go_holidays` ENABLE KEYS */;
UNLOCK TABLES;

--
-- Table structure for table `go_links_em_links`
--

DROP TABLE IF EXISTS `go_links_em_links`;
/*!40101 SET @saved_cs_client     = @@character_set_client */;
/*!40101 SET character_set_client = utf8 */;
CREATE TABLE `go_links_em_links` (
  `id` int(11) NOT NULL,
  `folder_id` int(11) NOT NULL,
  `model_id` int(11) NOT NULL,
  `model_type_id` int(11) NOT NULL,
  `description` varchar(100) DEFAULT NULL,
  `ctime` int(11) NOT NULL,
  PRIMARY KEY (`id`,`model_id`,`model_type_id`),
  KEY `id` (`id`,`folder_id`),
  KEY `ctime` (`ctime`)
) ENGINE=InnoDB DEFAULT CHARSET=utf8mb4 COLLATE=utf8mb4_unicode_ci;
/*!40101 SET character_set_client = @saved_cs_client */;

--
-- Dumping data for table `go_links_em_links`
--

LOCK TABLES `go_links_em_links` WRITE;
/*!40000 ALTER TABLE `go_links_em_links` DISABLE KEYS */;
/*!40000 ALTER TABLE `go_links_em_links` ENABLE KEYS */;
UNLOCK TABLES;

--
-- Table structure for table `go_links_fs_files`
--

DROP TABLE IF EXISTS `go_links_fs_files`;
/*!40101 SET @saved_cs_client     = @@character_set_client */;
/*!40101 SET character_set_client = utf8 */;
CREATE TABLE `go_links_fs_files` (
  `id` int(11) NOT NULL,
  `folder_id` int(11) NOT NULL,
  `model_id` int(11) NOT NULL,
  `model_type_id` int(11) NOT NULL,
  `description` varchar(100) DEFAULT NULL,
  `ctime` int(11) NOT NULL,
  PRIMARY KEY (`id`,`model_id`,`model_type_id`),
  KEY `id` (`id`,`folder_id`),
  KEY `ctime` (`ctime`)
) ENGINE=InnoDB DEFAULT CHARSET=utf8mb4 COLLATE=utf8mb4_unicode_ci;
/*!40101 SET character_set_client = @saved_cs_client */;

--
-- Dumping data for table `go_links_fs_files`
--

LOCK TABLES `go_links_fs_files` WRITE;
/*!40000 ALTER TABLE `go_links_fs_files` DISABLE KEYS */;
/*!40000 ALTER TABLE `go_links_fs_files` ENABLE KEYS */;
UNLOCK TABLES;

--
-- Table structure for table `go_links_fs_folders`
--

DROP TABLE IF EXISTS `go_links_fs_folders`;
/*!40101 SET @saved_cs_client     = @@character_set_client */;
/*!40101 SET character_set_client = utf8 */;
CREATE TABLE `go_links_fs_folders` (
  `id` int(11) NOT NULL,
  `folder_id` int(11) NOT NULL,
  `model_id` int(11) NOT NULL,
  `model_type_id` int(11) NOT NULL,
  `description` varchar(100) DEFAULT NULL,
  `ctime` int(11) NOT NULL,
  PRIMARY KEY (`id`,`model_id`,`model_type_id`),
  KEY `id` (`id`,`folder_id`),
  KEY `ctime` (`ctime`)
) ENGINE=InnoDB DEFAULT CHARSET=utf8mb4 COLLATE=utf8mb4_unicode_ci;
/*!40101 SET character_set_client = @saved_cs_client */;

--
-- Dumping data for table `go_links_fs_folders`
--

LOCK TABLES `go_links_fs_folders` WRITE;
/*!40000 ALTER TABLE `go_links_fs_folders` DISABLE KEYS */;
/*!40000 ALTER TABLE `go_links_fs_folders` ENABLE KEYS */;
UNLOCK TABLES;

--
-- Table structure for table `go_reminders`
--

DROP TABLE IF EXISTS `go_reminders`;
/*!40101 SET @saved_cs_client     = @@character_set_client */;
/*!40101 SET character_set_client = utf8 */;
CREATE TABLE `go_reminders` (
  `id` int(11) NOT NULL AUTO_INCREMENT,
  `model_id` int(11) NOT NULL,
  `model_type_id` int(11) NOT NULL,
  `user_id` int(11) NOT NULL,
  `name` varchar(100) DEFAULT NULL,
  `time` int(11) NOT NULL,
  `vtime` int(11) NOT NULL DEFAULT 0,
  `snooze_time` int(11) NOT NULL,
  `manual` tinyint(1) NOT NULL DEFAULT 0,
  `text` text DEFAULT NULL,
  PRIMARY KEY (`id`),
  KEY `user_id` (`user_id`)
) ENGINE=InnoDB DEFAULT CHARSET=utf8mb4 COLLATE=utf8mb4_unicode_ci;
/*!40101 SET character_set_client = @saved_cs_client */;

--
-- Dumping data for table `go_reminders`
--

LOCK TABLES `go_reminders` WRITE;
/*!40000 ALTER TABLE `go_reminders` DISABLE KEYS */;
/*!40000 ALTER TABLE `go_reminders` ENABLE KEYS */;
UNLOCK TABLES;

--
-- Table structure for table `go_reminders_users`
--

DROP TABLE IF EXISTS `go_reminders_users`;
/*!40101 SET @saved_cs_client     = @@character_set_client */;
/*!40101 SET character_set_client = utf8 */;
CREATE TABLE `go_reminders_users` (
  `reminder_id` int(11) NOT NULL,
  `user_id` int(11) NOT NULL,
  `time` int(11) NOT NULL,
  `mail_sent` tinyint(1) NOT NULL DEFAULT 0,
  PRIMARY KEY (`reminder_id`,`user_id`),
  KEY `user_id_time` (`user_id`,`time`)
) ENGINE=InnoDB DEFAULT CHARSET=utf8mb4 COLLATE=utf8mb4_unicode_ci;
/*!40101 SET character_set_client = @saved_cs_client */;

--
-- Dumping data for table `go_reminders_users`
--

LOCK TABLES `go_reminders_users` WRITE;
/*!40000 ALTER TABLE `go_reminders_users` DISABLE KEYS */;
/*!40000 ALTER TABLE `go_reminders_users` ENABLE KEYS */;
UNLOCK TABLES;

--
-- Table structure for table `go_saved_exports`
--

DROP TABLE IF EXISTS `go_saved_exports`;
/*!40101 SET @saved_cs_client     = @@character_set_client */;
/*!40101 SET character_set_client = utf8 */;
CREATE TABLE `go_saved_exports` (
  `id` int(11) NOT NULL AUTO_INCREMENT,
  `name` varchar(255) NOT NULL,
  `class_name` varchar(255) NOT NULL,
  `view` varchar(255) NOT NULL,
  `export_columns` text DEFAULT NULL,
  `orientation` enum('V','H') NOT NULL DEFAULT 'V',
  `include_column_names` tinyint(1) NOT NULL DEFAULT 1,
  `use_db_column_names` tinyint(1) NOT NULL DEFAULT 0,
  PRIMARY KEY (`id`)
) ENGINE=InnoDB DEFAULT CHARSET=utf8mb4 COLLATE=utf8mb4_unicode_ci;
/*!40101 SET character_set_client = @saved_cs_client */;

--
-- Dumping data for table `go_saved_exports`
--

LOCK TABLES `go_saved_exports` WRITE;
/*!40000 ALTER TABLE `go_saved_exports` DISABLE KEYS */;
/*!40000 ALTER TABLE `go_saved_exports` ENABLE KEYS */;
UNLOCK TABLES;

--
-- Table structure for table `go_saved_search_queries`
--

DROP TABLE IF EXISTS `go_saved_search_queries`;
/*!40101 SET @saved_cs_client     = @@character_set_client */;
/*!40101 SET character_set_client = utf8 */;
CREATE TABLE `go_saved_search_queries` (
  `id` int(11) NOT NULL,
  `user_id` int(11) NOT NULL,
  `name` varchar(50) NOT NULL,
  `sql` text NOT NULL,
  `type` varchar(50) NOT NULL,
  PRIMARY KEY (`id`),
  KEY `type` (`type`)
) ENGINE=InnoDB DEFAULT CHARSET=utf8mb4 COLLATE=utf8mb4_unicode_ci;
/*!40101 SET character_set_client = @saved_cs_client */;

--
-- Dumping data for table `go_saved_search_queries`
--

LOCK TABLES `go_saved_search_queries` WRITE;
/*!40000 ALTER TABLE `go_saved_search_queries` DISABLE KEYS */;
/*!40000 ALTER TABLE `go_saved_search_queries` ENABLE KEYS */;
UNLOCK TABLES;

--
-- Table structure for table `go_search_sync`
--

DROP TABLE IF EXISTS `go_search_sync`;
/*!40101 SET @saved_cs_client     = @@character_set_client */;
/*!40101 SET character_set_client = utf8 */;
CREATE TABLE `go_search_sync` (
  `user_id` int(11) NOT NULL DEFAULT 0,
  `module` varchar(50) NOT NULL DEFAULT '',
  `last_sync_time` int(11) NOT NULL DEFAULT 0,
  PRIMARY KEY (`user_id`,`module`)
) ENGINE=InnoDB DEFAULT CHARSET=utf8mb4 COLLATE=utf8mb4_unicode_ci;
/*!40101 SET character_set_client = @saved_cs_client */;

--
-- Dumping data for table `go_search_sync`
--

LOCK TABLES `go_search_sync` WRITE;
/*!40000 ALTER TABLE `go_search_sync` DISABLE KEYS */;
/*!40000 ALTER TABLE `go_search_sync` ENABLE KEYS */;
UNLOCK TABLES;

--
-- Table structure for table `go_settings`
--

DROP TABLE IF EXISTS `go_settings`;
/*!40101 SET @saved_cs_client     = @@character_set_client */;
/*!40101 SET character_set_client = utf8 */;
CREATE TABLE `go_settings` (
  `user_id` int(11) NOT NULL DEFAULT 0,
  `name` varchar(50) NOT NULL DEFAULT '',
  `value` longtext DEFAULT NULL,
  PRIMARY KEY (`user_id`,`name`)
) ENGINE=InnoDB DEFAULT CHARSET=utf8mb4 COLLATE=utf8mb4_unicode_ci;
/*!40101 SET character_set_client = @saved_cs_client */;

--
-- Dumping data for table `go_settings`
--

LOCK TABLES `go_settings` WRITE;
/*!40000 ALTER TABLE `go_settings` DISABLE KEYS */;
INSERT INTO `go_settings` VALUES
(0,'file_storage_usage','18381'),
(0,'uuid_namespace','c35313d1-2d59-41d3-9d70-58fb76906dba'),
(1,'email_always_request_notification','0'),
(1,'email_always_respond_to_notifications','0'),
(1,'email_font_size','14px'),
(1,'email_show_bcc','0'),
(1,'email_show_cc','1'),
(1,'email_show_from','1'),
(1,'email_skip_unknown_recipients','0'),
(1,'email_sort_email_addresses_by_time','1'),
(1,'email_use_plain_text_markup','0'),
(1,'files_shared_cache_ctime','1743427629'),
(1,'use_desktop_composer','0'),
(2,'email_always_request_notification','0'),
(2,'email_always_respond_to_notifications','0'),
(2,'email_font_size','14px'),
(2,'email_show_bcc','0'),
(2,'email_show_cc','1'),
(2,'email_show_from','1'),
(2,'email_skip_unknown_recipients','0'),
(2,'email_sort_email_addresses_by_time','1'),
(2,'email_use_plain_text_markup','0'),
(2,'use_desktop_composer','0'),
(3,'email_always_request_notification','0'),
(3,'email_always_respond_to_notifications','0'),
(3,'email_font_size','14px'),
(3,'email_show_bcc','0'),
(3,'email_show_cc','1'),
(3,'email_show_from','1'),
(3,'email_skip_unknown_recipients','0'),
(3,'email_sort_email_addresses_by_time','1'),
(3,'email_use_plain_text_markup','0'),
(3,'use_desktop_composer','0'),
(4,'email_always_request_notification','0'),
(4,'email_always_respond_to_notifications','0'),
(4,'email_font_size','14px'),
(4,'email_show_bcc','0'),
(4,'email_show_cc','1'),
(4,'email_show_from','1'),
(4,'email_skip_unknown_recipients','0'),
(4,'email_sort_email_addresses_by_time','1'),
(4,'email_use_plain_text_markup','0'),
(4,'use_desktop_composer','0'),
(5,'email_always_request_notification','0'),
(5,'email_always_respond_to_notifications','0'),
(5,'email_font_size','14px'),
(5,'email_show_bcc','0'),
(5,'email_show_cc','1'),
(5,'email_show_from','1'),
(5,'email_skip_unknown_recipients','0'),
(5,'email_sort_email_addresses_by_time','1'),
(5,'email_use_plain_text_markup','0'),
(5,'use_desktop_composer','0'),
(6,'email_always_request_notification','0'),
(6,'email_always_respond_to_notifications','0'),
(6,'email_font_size','14px'),
(6,'email_show_bcc','0'),
(6,'email_show_cc','1'),
(6,'email_show_from','1'),
(6,'email_skip_unknown_recipients','0'),
(6,'email_sort_email_addresses_by_time','1'),
(6,'email_use_plain_text_markup','0'),
(6,'use_desktop_composer','0'),
(7,'email_always_request_notification','0'),
(7,'email_always_respond_to_notifications','0'),
(7,'email_font_size','14px'),
(7,'email_show_bcc','0'),
(7,'email_show_cc','1'),
(7,'email_show_from','1'),
(7,'email_skip_unknown_recipients','0'),
(7,'email_sort_email_addresses_by_time','1'),
(7,'email_use_plain_text_markup','0'),
(7,'use_desktop_composer','0'),
(8,'email_always_request_notification','0'),
(8,'email_always_respond_to_notifications','0'),
(8,'email_font_size','14px'),
(8,'email_show_bcc','0'),
(8,'email_show_cc','1'),
(8,'email_show_from','1'),
(8,'email_skip_unknown_recipients','0'),
(8,'email_sort_email_addresses_by_time','1'),
(8,'email_use_plain_text_markup','0'),
(8,'use_desktop_composer','0'),
(9,'email_always_request_notification','0'),
(9,'email_always_respond_to_notifications','0'),
(9,'email_font_size','14px'),
(9,'email_show_bcc','0'),
(9,'email_show_cc','1'),
(9,'email_show_from','1'),
(9,'email_skip_unknown_recipients','0'),
(9,'email_sort_email_addresses_by_time','1'),
(9,'email_use_plain_text_markup','0'),
(9,'use_desktop_composer','0'),
(10,'email_always_request_notification','0'),
(10,'email_always_respond_to_notifications','0'),
(10,'email_font_size','14px'),
(10,'email_show_bcc','0'),
(10,'email_show_cc','1'),
(10,'email_show_from','1'),
(10,'email_skip_unknown_recipients','0'),
(10,'email_sort_email_addresses_by_time','1'),
(10,'email_use_plain_text_markup','0'),
(10,'use_desktop_composer','0'),
(11,'email_always_request_notification','0'),
(11,'email_always_respond_to_notifications','0'),
(11,'email_font_size','14px'),
(11,'email_show_bcc','0'),
(11,'email_show_cc','1'),
(11,'email_show_from','1'),
(11,'email_skip_unknown_recipients','0'),
(11,'email_sort_email_addresses_by_time','1'),
(11,'email_use_plain_text_markup','0'),
(11,'use_desktop_composer','0'),
(12,'email_always_request_notification','0'),
(12,'email_always_respond_to_notifications','0'),
(12,'email_font_size','14px'),
(12,'email_show_bcc','0'),
(12,'email_show_cc','1'),
(12,'email_show_from','1'),
(12,'email_skip_unknown_recipients','0'),
(12,'email_sort_email_addresses_by_time','1'),
(12,'email_use_plain_text_markup','0'),
(12,'use_desktop_composer','0');
/*!40000 ALTER TABLE `go_settings` ENABLE KEYS */;
UNLOCK TABLES;

--
-- Table structure for table `go_state`
--

DROP TABLE IF EXISTS `go_state`;
/*!40101 SET @saved_cs_client     = @@character_set_client */;
/*!40101 SET character_set_client = utf8 */;
CREATE TABLE `go_state` (
  `user_id` int(11) NOT NULL,
  `name` varchar(100) NOT NULL DEFAULT '',
  `value` text DEFAULT NULL,
  PRIMARY KEY (`user_id`,`name`),
  CONSTRAINT `go_state_core_user_id_fk` FOREIGN KEY (`user_id`) REFERENCES `core_user` (`id`) ON DELETE CASCADE
) ENGINE=InnoDB DEFAULT CHARSET=utf8mb4 COLLATE=utf8mb4_unicode_ci;
/*!40101 SET character_set_client = @saved_cs_client */;

--
-- Dumping data for table `go_state`
--

LOCK TABLES `go_state` WRITE;
/*!40000 ALTER TABLE `go_state` DISABLE KEYS */;
/*!40000 ALTER TABLE `go_state` ENABLE KEYS */;
UNLOCK TABLES;

--
-- Table structure for table `go_template_group`
--

DROP TABLE IF EXISTS `go_template_group`;
/*!40101 SET @saved_cs_client     = @@character_set_client */;
/*!40101 SET character_set_client = utf8 */;
CREATE TABLE `go_template_group` (
  `id` int(10) unsigned NOT NULL AUTO_INCREMENT,
  `name` varchar(100) NOT NULL DEFAULT '',
  PRIMARY KEY (`id`)
) ENGINE=InnoDB DEFAULT CHARSET=utf8mb4 COLLATE=utf8mb4_unicode_ci;
/*!40101 SET character_set_client = @saved_cs_client */;

--
-- Dumping data for table `go_template_group`
--

LOCK TABLES `go_template_group` WRITE;
/*!40000 ALTER TABLE `go_template_group` DISABLE KEYS */;
/*!40000 ALTER TABLE `go_template_group` ENABLE KEYS */;
UNLOCK TABLES;

--
-- Table structure for table `go_templates`
--

DROP TABLE IF EXISTS `go_templates`;
/*!40101 SET @saved_cs_client     = @@character_set_client */;
/*!40101 SET character_set_client = utf8 */;
CREATE TABLE `go_templates` (
  `id` int(11) NOT NULL AUTO_INCREMENT,
  `user_id` int(11) NOT NULL DEFAULT 0,
  `type` tinyint(4) NOT NULL DEFAULT 0,
  `name` varchar(100) DEFAULT NULL,
  `acl_id` int(11) NOT NULL DEFAULT 0,
  `content` longblob NOT NULL,
  `filename` varchar(100) DEFAULT NULL,
  `extension` varchar(4) NOT NULL DEFAULT '',
  `group_id` int(10) unsigned DEFAULT NULL,
  PRIMARY KEY (`id`),
  KEY `fk_go_templates_go_template_group_idx` (`group_id`),
  CONSTRAINT `fk_go_templates_go_template_group` FOREIGN KEY (`group_id`) REFERENCES `go_template_group` (`id`) ON DELETE SET NULL
) ENGINE=InnoDB AUTO_INCREMENT=2 DEFAULT CHARSET=utf8mb4 COLLATE=utf8mb4_unicode_ci ROW_FORMAT=DYNAMIC;
/*!40101 SET character_set_client = @saved_cs_client */;

--
-- Dumping data for table `go_templates`
--

LOCK TABLES `go_templates` WRITE;
/*!40000 ALTER TABLE `go_templates` DISABLE KEYS */;
INSERT INTO `go_templates` VALUES
(1,1,0,'Default',8,'Date: Fri, 28 Mar 2025 13:31:51 +0000\r\nTo: undisclosed-recipients:;\r\nFrom: Group-Office <admin@intermesh.dev>\r\nSubject: \r\nMessage-ID: <86df7d438f88d8dfeaea281ad5352382@localhost>\r\nX-Mailer: Group-Office\r\nMIME-Version: 1.0\r\nContent-Type: multipart/alternative;\r\n boundary=\"b1=_e9PDbsav2mTF6dFvpB1WY7pIGFUkCe6C8BFIfByWEo\"\r\nContent-Transfer-Encoding: 8bit\r\n\r\n--b1=_e9PDbsav2mTF6dFvpB1WY7pIGFUkCe6C8BFIfByWEo\r\nContent-Type: text/plain; charset=us-ascii\r\n\r\nHi {contact:firstName},\r\n\r\n{body}\r\n\r\nBest regards\r\n\r\n\r\n{user:displayName}\r\n\r\n--b1=_e9PDbsav2mTF6dFvpB1WY7pIGFUkCe6C8BFIfByWEo\r\nContent-Type: text/html; charset=us-ascii\r\n\r\nHi<gotpl if=\"contact:firstName\"> {contact:firstName},</gotpl><br />\r\n<br />\r\n{body}<br />\r\n<br />\r\nBest regards<br />\r\n<br />\r\n<br />\r\n{user:displayName}<br />\r\n\r\n\r\n--b1=_e9PDbsav2mTF6dFvpB1WY7pIGFUkCe6C8BFIfByWEo--\r\n',NULL,'',NULL);
/*!40000 ALTER TABLE `go_templates` ENABLE KEYS */;
UNLOCK TABLES;

--
-- Table structure for table `go_working_weeks`
--

DROP TABLE IF EXISTS `go_working_weeks`;
/*!40101 SET @saved_cs_client     = @@character_set_client */;
/*!40101 SET character_set_client = utf8 */;
CREATE TABLE `go_working_weeks` (
  `user_id` int(11) NOT NULL DEFAULT 0,
  `mo_work_hours` double NOT NULL DEFAULT 8,
  `tu_work_hours` double NOT NULL DEFAULT 8,
  `we_work_hours` double NOT NULL DEFAULT 8,
  `th_work_hours` double NOT NULL DEFAULT 8,
  `fr_work_hours` double NOT NULL DEFAULT 8,
  `sa_work_hours` double NOT NULL DEFAULT 0,
  `su_work_hours` double NOT NULL DEFAULT 0,
  PRIMARY KEY (`user_id`)
) ENGINE=InnoDB DEFAULT CHARSET=utf8mb4 COLLATE=utf8mb4_unicode_ci;
/*!40101 SET character_set_client = @saved_cs_client */;

--
-- Dumping data for table `go_working_weeks`
--

LOCK TABLES `go_working_weeks` WRITE;
/*!40000 ALTER TABLE `go_working_weeks` DISABLE KEYS */;
/*!40000 ALTER TABLE `go_working_weeks` ENABLE KEYS */;
UNLOCK TABLES;

--
-- Table structure for table `history_log_entry`
--

DROP TABLE IF EXISTS `history_log_entry`;
/*!40101 SET @saved_cs_client     = @@character_set_client */;
/*!40101 SET character_set_client = utf8 */;
CREATE TABLE `history_log_entry` (
  `id` bigint(20) unsigned NOT NULL AUTO_INCREMENT,
  `action` int(11) DEFAULT NULL,
  `description` varchar(384) DEFAULT NULL,
  `changes` text DEFAULT NULL,
  `createdAt` datetime DEFAULT NULL,
  `createdBy` int(11) DEFAULT NULL,
  `aclId` int(11) DEFAULT NULL,
  `removeAcl` tinyint(1) NOT NULL DEFAULT 0,
  `entityTypeId` int(11) NOT NULL,
  `entityId` varchar(100) CHARACTER SET ascii COLLATE ascii_bin DEFAULT NULL,
  `remoteIp` varchar(50) DEFAULT NULL,
  `requestId` varchar(190) DEFAULT NULL,
  PRIMARY KEY (`id`),
  KEY `fk_log_entry_core_user_idx` (`createdBy`),
  KEY `fk_log_entry_core_acl1_idx` (`aclId`),
  KEY `fk_log_entry_core_entity1_idx` (`entityTypeId`),
  KEY `entityId` (`entityId`),
  KEY `history_log_entry_createdAt_index` (`createdAt`),
  KEY `history_log_entry_removeAcl_action_index` (`removeAcl`,`action`),
  CONSTRAINT `fk_log_entry_core_acl1` FOREIGN KEY (`aclId`) REFERENCES `core_acl` (`id`) ON DELETE SET NULL ON UPDATE CASCADE
) ENGINE=InnoDB AUTO_INCREMENT=223 DEFAULT CHARSET=utf8mb4 COLLATE=utf8mb4_unicode_ci;
/*!40101 SET character_set_client = @saved_cs_client */;

--
-- Dumping data for table `history_log_entry`
--

LOCK TABLES `history_log_entry` WRITE;
/*!40000 ALTER TABLE `history_log_entry` DISABLE KEYS */;
INSERT INTO `history_log_entry` VALUES
(1,1,'Users','{\"id\":2,\"name\":\"Users\",\"salutationTemplate\":\"Dear [if {{contact.prefixes}}]{{contact.prefixes}}[else][if !{{contact.gender}}]Ms.\\/Mr.[else][if {{contact.gender}}==\\\"M\\\"]Mr.[else]Ms.[\\/if][\\/if][\\/if][if {{contact.middleName}}] {{contact.middleName}}[\\/if] {{contact.lastName}}\"}','2025-03-28 13:32:12',1,21,0,27,'2','172.18.0.1','auth.php'),
(2,1,'System Administrator','{\"id\":1,\"addressBookId\":2,\"goUserId\":1,\"firstName\":\"System\",\"lastName\":\"Administrator\",\"name\":\"System Administrator\",\"uid\":\"1-localhost-6880\",\"uri\":\"1-localhost-6880.vcf\",\"emailAddresses\":[{\"type\":\"work\",\"email\":\"admin@intermesh.localhost\"}]}','2025-03-28 13:32:12',1,21,0,28,'1','172.18.0.1','auth.php'),
(3,1,'System Administrator','{\"id\":1,\"role\":1,\"name\":\"System Administrator\"}','2025-03-28 13:32:12',1,23,0,39,'1','172.18.0.1','auth.php'),
(4,2,'System Administrator','{\"lastLogin\":[\"2025-03-28T13:32:12+00:00\",null],\"loginCount\":[1,0],\"addressBookSettings\":[{\"defaultAddressBookId\":1,\"sortBy\":\"name\",\"userId\":1,\"startIn\":\"allcontacts\",\"lastAddressBookId\":null},{\"defaultAddressBookId\":1,\"sortBy\":\"name\",\"userId\":1,\"startIn\":\"allcontacts\",\"lastAddressBookId\":null}],\"notesSettings\":[{\"defaultNoteBookId\":65,\"lastNoteBookIds\":[65],\"userId\":1,\"rememberLastItems\":true},{\"defaultNoteBookId\":65,\"lastNoteBookIds\":[65],\"userId\":1,\"rememberLastItems\":true}],\"tasksSettings\":[{\"defaultTasklistId\":1,\"lastTasklistIds\":[1],\"userId\":1,\"rememberLastItems\":true,\"defaultDate\":false},{\"defaultTasklistId\":1,\"lastTasklistIds\":[1],\"userId\":1,\"rememberLastItems\":true,\"defaultDate\":false}],\"syncSettings\":[{\"user_id\":1,\"account_id\":0,\"noteBooks\":[{\"userId\":1,\"noteBookId\":65,\"isDefault\":true}],\"addressBooks\":[{\"userId\":1,\"addressBookId\":1,\"isDefault\":true}],\"allowDeletes\":true,\"tasklists\":[{\"userId\":1,\"tasklistId\":1,\"isDefault\":true}]},{\"user_id\":1,\"account_id\":0,\"noteBooks\":[],\"addressBooks\":[],\"allowDeletes\":true,\"tasklists\":[]}],\"calendarSettings\":[{\"calendar_id\":0,\"background\":\"EBF1E2\",\"reminder\":null,\"show_statuses\":true,\"check_conflict\":true,\"user_id\":1},{\"calendar_id\":0,\"background\":\"EBF1E2\",\"reminder\":null,\"show_statuses\":true,\"check_conflict\":true,\"user_id\":1}]}','2025-03-28 13:32:12',1,4,0,24,'1','172.18.0.1','auth.php'),
(5,4,'admin [172.18.0.1]',NULL,'2025-03-28 13:32:12',1,4,0,24,'1','172.18.0.1','auth.php'),
(6,1,'calendar','{\"user_id\":1,\"visible\":0,\"acl_id\":17,\"thumbs\":1,\"muser_id\":1,\"quota_user_id\":1,\"readonly\":1,\"apply_state\":0,\"name\":\"calendar\",\"parent_id\":0,\"mtime\":1743168732,\"ctime\":1743168732,\"id\":4}','2025-03-28 13:32:12',1,17,0,44,'4','172.18.0.1','modulescripts.php'),
(7,1,'System Administrator','{\"user_id\":1,\"visible\":0,\"acl_id\":0,\"thumbs\":1,\"muser_id\":1,\"quota_user_id\":1,\"readonly\":1,\"apply_state\":0,\"name\":\"System Administrator\",\"parent_id\":4,\"mtime\":1743168732,\"ctime\":1743168732,\"id\":5}','2025-03-28 13:32:12',1,17,0,44,'5','172.18.0.1','modulescripts.php'),
(8,2,'System Administrator','{\"acl_id\":[47,0]}','2025-03-28 13:32:13',1,47,0,44,'5','172.18.0.1','modulescripts.php'),
(9,1,'System Administrator','{\"group_id\":1,\"user_id\":1,\"acl_id\":47,\"start_hour\":0,\"end_hour\":0,\"time_interval\":1800,\"public\":0,\"shared_acl\":0,\"show_bdays\":0,\"show_completed_tasks\":1,\"comment\":\"\",\"project_id\":0,\"tasklist_id\":1,\"files_folder_id\":5,\"show_holidays\":1,\"enable_ics_import\":0,\"ics_import_url\":\"\",\"tooltip\":\"\",\"version\":1,\"name\":\"System Administrator\",\"id\":1}','2025-03-28 13:32:13',1,47,0,41,'1','172.18.0.1','modulescripts.php'),
(10,1,'onlyoffice','{\"id\":22,\"name\":\"onlyoffice\",\"package\":\"business\",\"version\":3,\"sort_order\":110,\"permissions\":{\"3\":{\"rights\":{\"mayRead\":true,\"mayEdit\":true},\"moduleId\":22,\"groupId\":3}}}','2025-03-28 13:35:03',1,25,0,14,'22','172.18.0.1','JMAP Module/install'),
(11,1,'wopi','{\"id\":23,\"name\":\"wopi\",\"package\":\"business\",\"version\":12,\"sort_order\":111,\"permissions\":{\"3\":{\"rights\":{\"mayRead\":true},\"moduleId\":23,\"groupId\":3}}}','2025-03-28 13:35:15',1,25,0,14,'23','172.18.0.1','JMAP Module/install'),
(12,2,'System Administrator','{\"lastLogin\":[\"2025-03-28T13:37:54+00:00\",\"2025-03-28T13:32:12+00:00\"],\"loginCount\":[2,1]}','2025-03-28 13:37:54',1,4,0,24,'1','172.18.0.1','auth.php'),
(13,4,'admin [172.18.0.1]',NULL,'2025-03-28 13:37:54',1,4,0,24,'1','172.18.0.1','auth.php'),
(14,1,'Collabora Online Development Edition','{\"id\":1,\"name\":\"Collabora Online Development Edition\",\"url\":\"http:\\/\\/host.docker.internal:9980\",\"type\":\"collabora\"}','2025-03-28 13:40:02',1,119,0,47,'1','172.18.0.1','JMAP WopiService/set'),
(15,1,'log','{\"user_id\":1,\"visible\":0,\"acl_id\":17,\"thumbs\":1,\"muser_id\":1,\"quota_user_id\":1,\"readonly\":1,\"apply_state\":0,\"name\":\"log\",\"parent_id\":0,\"mtime\":1743169266,\"ctime\":1743169266,\"id\":20}','2025-03-28 13:41:06',1,17,0,44,'20','172.18.0.1','index.php?r=files/folder/tree'),
(16,1,'users/admin/test.odt','{\"locked_user_id\":0,\"status_id\":0,\"ctime\":1743169275,\"mtime\":1743169275,\"muser_id\":1,\"expire_time\":0,\"delete_when_expired\":0,\"version\":1,\"user_id\":1,\"folder_id\":2,\"name\":\"test.odt\",\"extension\":\"odt\",\"size\":6971,\"id\":6}','2025-03-28 13:41:15',1,18,0,43,'6','172.18.0.1','index.php?r=files/template/createFile'),
(17,2,'System Administrator','{\"disk_usage\":[64490,57519],\"modifiedAt\":[\"2025-03-28 13:41:15\",\"2025-03-28 13:37:54\"]}','2025-03-28 13:41:15',1,4,0,24,'1','172.18.0.1','index.php?r=files/template/createFile'),
(18,7,'users/admin/test.odt','[]','2025-03-28 13:41:22',1,18,0,43,'6','172.18.0.1','wopi.php'),
(19,1,'GO\\Files\\Model\\Version','{\"version\":1,\"size_bytes\":6971,\"user_id\":1,\"file_id\":6,\"mtime\":1743169275,\"path\":\"versioning\\/6\\/20250328_134115_test.odt\",\"id\":1}','2025-03-28 13:41:32',1,18,0,48,'1','172.18.0.1','wopi.php'),
(20,2,'System Administrator','{\"disk_usage\":[71461,64490],\"modifiedAt\":[\"2025-03-28 13:41:32\",\"2025-03-28 13:41:15\"]}','2025-03-28 13:41:32',1,4,0,24,'1','172.18.0.1','wopi.php'),
(21,2,'users/admin/test.odt','{\"version\":[2,1],\"size\":[9417,6971]}','2025-03-28 13:41:32',1,18,0,43,'6','172.18.0.1','wopi.php'),
(22,2,'System Administrator','{\"disk_usage\":[73907,71461]}','2025-03-28 13:41:32',1,4,0,24,'1','172.18.0.1','wopi.php'),
(23,7,'users/admin/test.odt','[]','2025-03-28 13:41:54',1,18,0,43,'6','172.18.0.1','wopi.php'),
(24,1,'GO\\Files\\Model\\Version','{\"version\":2,\"size_bytes\":9417,\"user_id\":1,\"file_id\":6,\"mtime\":1743169292,\"path\":\"versioning\\/6\\/20250328_134132_test.odt\",\"id\":2}','2025-03-28 13:42:38',1,18,0,48,'2','172.18.0.1','wopi.php'),
(25,2,'System Administrator','{\"disk_usage\":[83324,73907],\"modifiedAt\":[\"2025-03-28 13:42:38\",\"2025-03-28 13:41:32\"]}','2025-03-28 13:42:38',1,4,0,24,'1','172.18.0.1','wopi.php'),
(26,2,'users/admin/test.odt','{\"version\":[3,2],\"size\":[9791,9417]}','2025-03-28 13:42:38',1,18,0,43,'6','172.18.0.1','wopi.php'),
(27,2,'System Administrator','{\"disk_usage\":[83698,83324]}','2025-03-28 13:42:38',1,4,0,24,'1','172.18.0.1','wopi.php'),
(28,1,'GO\\Files\\Model\\Version','{\"version\":3,\"size_bytes\":9791,\"user_id\":1,\"file_id\":6,\"mtime\":1743169358,\"path\":\"versioning\\/6\\/20250328_134238_test.odt\",\"id\":3}','2025-03-28 13:42:48',1,18,0,48,'3','172.18.0.1','wopi.php'),
(29,2,'System Administrator','{\"disk_usage\":[93489,83698],\"modifiedAt\":[\"2025-03-28 13:42:48\",\"2025-03-28 13:42:38\"]}','2025-03-28 13:42:48',1,4,0,24,'1','172.18.0.1','wopi.php'),
(30,2,'users/admin/test.odt','{\"version\":[4,3]}','2025-03-28 13:42:48',1,18,0,43,'6','172.18.0.1','wopi.php'),
(31,7,'users/admin/test.odt','[]','2025-03-28 13:50:54',1,18,0,43,'6','172.18.0.1','connector.php'),
(32,1,'GO\\Files\\Model\\Version','{\"version\":4,\"size_bytes\":9791,\"user_id\":1,\"file_id\":6,\"mtime\":1743169368,\"path\":\"versioning\\/6\\/20250328_144248_test.odt\",\"id\":4}','2025-03-28 13:51:18',1,18,0,48,'4','172.18.0.1','connector.php'),
(33,2,'System Administrator','{\"disk_usage\":[103280,93489],\"modifiedAt\":[\"2025-03-28 13:51:18\",\"2025-03-28 13:42:48\"]}','2025-03-28 13:51:18',1,4,0,24,'1','172.18.0.1','connector.php'),
(34,2,'System Administrator','{\"disk_usage\":[96309,103280]}','2025-03-28 13:51:18',1,4,0,24,'1','172.18.0.1','connector.php'),
(35,3,'GO\\Files\\Model\\Version',NULL,'2025-03-28 13:51:18',1,18,0,48,'1','172.18.0.1','connector.php'),
(36,2,'users/admin/test.odt','{\"version\":[5,4],\"size\":[5035,9791]}','2025-03-28 13:51:18',1,18,0,43,'6','172.18.0.1','connector.php'),
(37,2,'System Administrator','{\"disk_usage\":[91553,96309]}','2025-03-28 13:51:18',1,4,0,24,'1','172.18.0.1','connector.php'),
(38,2,'users/admin/test.odt','{\"locked_user_id\":[1,0]}','2025-03-28 14:20:03',1,18,0,43,'6','172.18.0.1','connector.php'),
(39,2,'users/admin/test.odt','{\"locked_user_id\":[0,1]}','2025-03-28 14:20:04',1,18,0,43,'6','172.18.0.1','connector.php'),
(40,7,'users/admin/test.odt','[]','2025-03-28 14:20:04',1,18,0,43,'6','172.18.0.1','connector.php'),
(41,2,'users/admin/test.odt','{\"locked_user_id\":[1,0]}','2025-03-28 14:27:59',1,18,0,43,'6','172.18.0.1','connector.php'),
(42,2,'users/admin/test.odt','{\"locked_user_id\":[0,1]}','2025-03-28 14:28:00',1,18,0,43,'6','172.18.0.1','connector.php'),
(43,2,'users/admin/test.odt','{\"locked_user_id\":[1,0]}','2025-03-28 14:34:14',1,18,0,43,'6','172.18.0.1','connector.php'),
(44,1,'GO\\Files\\Model\\Version','{\"version\":5,\"size_bytes\":5035,\"user_id\":1,\"file_id\":6,\"mtime\":1743169878,\"path\":\"versioning\\/6\\/20250328_145118_test.odt\",\"id\":5}','2025-03-28 14:35:00',1,18,0,48,'5','172.18.0.1','connector.php'),
(45,2,'System Administrator','{\"disk_usage\":[96588,91553],\"modifiedAt\":[\"2025-03-28 14:35:00\",\"2025-03-28 13:51:18\"]}','2025-03-28 14:35:00',1,4,0,24,'1','172.18.0.1','connector.php'),
(46,2,'System Administrator','{\"disk_usage\":[87171,96588]}','2025-03-28 14:35:00',1,4,0,24,'1','172.18.0.1','connector.php'),
(47,3,'GO\\Files\\Model\\Version',NULL,'2025-03-28 14:35:00',1,18,0,48,'2','172.18.0.1','connector.php'),
(48,2,'users/admin/test.odt','{\"version\":[6,5],\"size\":[5322,5035]}','2025-03-28 14:35:00',1,18,0,43,'6','172.18.0.1','connector.php'),
(49,2,'System Administrator','{\"disk_usage\":[87458,87171]}','2025-03-28 14:35:00',1,4,0,24,'1','172.18.0.1','connector.php'),
(50,7,'users/admin/test.odt','[]','2025-03-28 14:37:58',1,18,0,43,'6','172.18.0.1','connector.php'),
(51,1,'GO\\Files\\Model\\Version','{\"version\":6,\"size_bytes\":5322,\"user_id\":1,\"file_id\":6,\"mtime\":1743172500,\"path\":\"versioning\\/6\\/20250328_153500_test.odt\",\"id\":6}','2025-03-28 14:39:11',1,18,0,48,'6','172.18.0.1','connector.php'),
(52,2,'System Administrator','{\"disk_usage\":[92780,87458],\"modifiedAt\":[\"2025-03-28 14:39:11\",\"2025-03-28 14:35:00\"]}','2025-03-28 14:39:11',1,4,0,24,'1','172.18.0.1','connector.php'),
(53,2,'System Administrator','{\"disk_usage\":[82989,92780]}','2025-03-28 14:39:11',1,4,0,24,'1','172.18.0.1','connector.php'),
(54,3,'GO\\Files\\Model\\Version',NULL,'2025-03-28 14:39:11',1,18,0,48,'3','172.18.0.1','connector.php'),
(55,2,'users/admin/test.odt','{\"version\":[7,6],\"size\":[5516,5322]}','2025-03-28 14:39:11',1,18,0,43,'6','172.18.0.1','connector.php'),
(56,2,'System Administrator','{\"disk_usage\":[83183,82989]}','2025-03-28 14:39:11',1,4,0,24,'1','172.18.0.1','connector.php'),
(57,7,'users/admin/test.odt','[]','2025-03-28 14:41:17',1,18,0,43,'6','172.18.0.1','connector.php'),
(58,2,'users/admin/test.odt','{\"locked_user_id\":[0,1]}','2025-03-28 14:42:09',1,18,0,43,'6','172.18.0.1','connector.php'),
(59,2,'System Administrator','{\"lastLogin\":[\"2025-03-31T08:11:51+00:00\",\"2025-03-28T13:37:54+00:00\"],\"loginCount\":[3,2]}','2025-03-31 08:11:51',1,4,0,24,'1','172.18.0.1','auth.php'),
(60,4,'admin [172.18.0.1]',NULL,'2025-03-31 08:11:51',1,4,0,24,'1','172.18.0.1','auth.php'),
(61,1,'admin@intermesh.localhost - mailserver','{\"user_id\":1,\"acl_id\":122,\"port\":143,\"deprecated_use_ssl\":0,\"novalidate_cert\":0,\"imap_allow_self_signed\":0,\"mbroot\":\"\",\"sent\":\"Sent\",\"drafts\":\"Drafts\",\"trash\":\"Trash\",\"spam\":\"Spam\",\"smtp_allow_self_signed\":0,\"smtp_password\":\"\",\"password_encrypted\":2,\"ignore_sent_folder\":0,\"save_sent\":1,\"sieve_usetls\":1,\"do_not_mark_as_read\":0,\"signature_below_reply\":0,\"full_reply_headers\":0,\"force_smtp_login\":1,\"check_mailboxes\":\"INBOX\",\"sieve_port\":4190,\"id\":1,\"host\":\"mailserver\",\"username\":\"admin@intermesh.localhost\",\"password\":\"{GOCRYPT2}def502004da076edb93336217316c6992c55b3f3d997c1a0155f8299dc96afefb0f79cb243fbb25f05c14951119a7923f8fb7c641b7d280843289819bb9f3bd387c798686940739524429194cb764648c968db3b439a31bd4d25c54228\",\"imap_encryption\":\"\",\"smtp_host\":\"mailserver\",\"smtp_port\":587,\"smtp_encryption\":\"tls\",\"smtp_username\":\"\"}','2025-03-31 10:14:55',1,122,0,49,'1','172.18.0.1','index.php?r=email/account/submit'),
(62,1,'Admin','{\"default\":1,\"account_id\":1,\"email\":\"admin@intermesh.localhost\",\"name\":\"Admin\",\"signature\":\"\",\"id\":1}','2025-03-31 10:14:55',1,122,0,50,'1','172.18.0.1','index.php?r=email/account/submit'),
(63,8,'From: admin@intermesh.localhost, To: admin@intermesh.localhost, Subject: test met odt, Id: 1840a37a88468c7908fcac1b6167b7e9@host.docker.internal',NULL,'2025-03-31 10:16:24',1,122,0,49,'1','172.18.0.1','index.php?r=email/message/send'),
(64,2,'admin@intermesh.localhost - mailserver','{\"imap_allow_self_signed\":[1,0],\"smtp_allow_self_signed\":[1,0]}','2025-03-31 10:16:40',1,122,0,49,'1','172.18.0.1','index.php?r=email/account/submit'),
(65,8,'From: admin@intermesh.localhost, To: admin@intermesh.localhost, Subject: test met odt, Id: 1e136b7463a5725ee6632af3cbb6f4ab@host.docker.internal',NULL,'2025-03-31 10:16:42',1,122,0,49,'1','172.18.0.1','index.php?r=email/message/send'),
(66,2,'admin@intermesh.localhost - mailserver','{\"smtp_port\":[25,587],\"force_smtp_login\":[0,1]}','2025-03-31 10:17:24',1,122,0,49,'1','172.18.0.1','index.php?r=email/account/submit'),
(67,8,'From: admin@intermesh.localhost, To: admin@intermesh.localhost, Subject: test met odt, Id: 8390b3fe3c61d0df4d3d93a8c833bdf5@host.docker.internal',NULL,'2025-03-31 10:17:26',1,122,0,49,'1','172.18.0.1','index.php?r=email/message/send'),
(68,1,'tmp','{\"user_id\":1,\"visible\":0,\"acl_id\":17,\"thumbs\":1,\"muser_id\":1,\"quota_user_id\":1,\"readonly\":1,\"apply_state\":0,\"name\":\"tmp\",\"parent_id\":0,\"mtime\":1743416252,\"ctime\":1743416252,\"id\":21}','2025-03-31 10:17:32',1,17,0,44,'21','172.18.0.1','index.php?r=files/file/saveAttachmentToTmp'),
(69,1,'1','{\"user_id\":1,\"visible\":0,\"acl_id\":0,\"thumbs\":1,\"muser_id\":1,\"quota_user_id\":1,\"readonly\":0,\"apply_state\":0,\"name\":\"1\",\"parent_id\":21,\"mtime\":1743416252,\"ctime\":1743416252,\"id\":22}','2025-03-31 10:17:32',1,17,0,44,'22','172.18.0.1','index.php?r=files/file/saveAttachmentToTmp'),
(70,2,'1','{\"acl_id\":[124,0]}','2025-03-31 10:17:32',1,124,0,44,'22','172.18.0.1','index.php?r=files/file/saveAttachmentToTmp'),
(71,1,'tmp/1/Beindigen overeenkomst Kemkens.odt','{\"locked_user_id\":0,\"status_id\":0,\"ctime\":1743416253,\"mtime\":1743416253,\"muser_id\":1,\"expire_time\":0,\"delete_when_expired\":0,\"version\":1,\"user_id\":1,\"folder_id\":22,\"name\":\"Be\\u00ebindigen overeenkomst Kemkens.odt\",\"extension\":\"odt\",\"size\":19618,\"id\":7}','2025-03-31 10:17:33',1,124,0,43,'7','172.18.0.1','index.php?r=files/file/saveAttachmentToTmp'),
(72,2,'System Administrator','{\"disk_usage\":[102801,83183],\"modifiedAt\":[\"2025-03-31 10:17:33\",\"2025-03-31 08:11:51\"]}','2025-03-31 10:17:33',1,4,0,24,'1','172.18.0.1','index.php?r=files/file/saveAttachmentToTmp'),
(73,7,'tmp/1/Beindigen overeenkomst Kemkens.odt','[]','2025-03-31 10:17:33',1,124,0,43,'7','172.18.0.1','index.php?r=files/file/download'),
(74,3,'tmp/1/Beindigen overeenkomst Kemkens.odt',NULL,'2025-03-31 10:17:36',1,124,0,43,'7','172.18.0.1','index.php?r=files/file/saveAttachmentToTmp'),
(75,2,'System Administrator','{\"disk_usage\":[83183,102801],\"modifiedAt\":[\"2025-03-31 10:17:36\",\"2025-03-31 10:17:33\"]}','2025-03-31 10:17:36',1,4,0,24,'1','172.18.0.1','index.php?r=files/file/saveAttachmentToTmp'),
(76,1,'tmp/1/Beindigen overeenkomst Kemkens.odt','{\"locked_user_id\":0,\"status_id\":0,\"ctime\":1743416256,\"mtime\":1743416255,\"muser_id\":1,\"expire_time\":0,\"delete_when_expired\":0,\"version\":1,\"user_id\":1,\"folder_id\":22,\"name\":\"Be\\u00ebindigen overeenkomst Kemkens.odt\",\"extension\":\"odt\",\"size\":19618,\"id\":8}','2025-03-31 10:17:36',1,124,0,43,'8','172.18.0.1','index.php?r=files/file/saveAttachmentToTmp'),
(77,2,'System Administrator','{\"disk_usage\":[102801,83183]}','2025-03-31 10:17:36',1,4,0,24,'1','172.18.0.1','index.php?r=files/file/saveAttachmentToTmp'),
(78,2,'tmp/1/Beindigen overeenkomst Kemkens.odt','{\"locked_user_id\":[1,0]}','2025-03-31 10:17:40',1,124,0,43,'8','172.18.0.1','connector.php'),
(79,7,'tmp/1/Beindigen overeenkomst Kemkens.odt','[]','2025-03-31 10:17:40',1,124,0,43,'8','172.18.0.1','connector.php'),
(80,3,'tmp/1/Beindigen overeenkomst Kemkens.odt',NULL,'2025-03-31 10:18:21',1,124,0,43,'8','172.18.0.1','index.php?r=files/file/saveAttachmentToTmp'),
(81,2,'System Administrator','{\"disk_usage\":[83183,102801],\"modifiedAt\":[\"2025-03-31 10:18:21\",\"2025-03-31 10:17:36\"]}','2025-03-31 10:18:21',1,4,0,24,'1','172.18.0.1','index.php?r=files/file/saveAttachmentToTmp'),
(82,1,'tmp/1/Beindigen overeenkomst Kemkens.odt','{\"locked_user_id\":0,\"status_id\":0,\"ctime\":1743416301,\"mtime\":1743416301,\"muser_id\":1,\"expire_time\":0,\"delete_when_expired\":0,\"version\":1,\"user_id\":1,\"folder_id\":22,\"name\":\"Be\\u00ebindigen overeenkomst Kemkens.odt\",\"extension\":\"odt\",\"size\":19618,\"id\":9}','2025-03-31 10:18:21',1,124,0,43,'9','172.18.0.1','index.php?r=files/file/saveAttachmentToTmp'),
(83,2,'System Administrator','{\"disk_usage\":[102801,83183]}','2025-03-31 10:18:21',1,4,0,24,'1','172.18.0.1','index.php?r=files/file/saveAttachmentToTmp'),
(84,7,'tmp/1/Beindigen overeenkomst Kemkens.odt','[]','2025-03-31 10:18:25',1,124,0,43,'9','172.18.0.1','connector.php'),
(85,3,'tmp/1/Beindigen overeenkomst Kemkens.odt',NULL,'2025-03-31 10:19:26',1,124,0,43,'9','172.18.0.1','index.php?r=files/file/saveAttachmentToTmp'),
(86,2,'System Administrator','{\"disk_usage\":[83183,102801],\"modifiedAt\":[\"2025-03-31 10:19:26\",\"2025-03-31 10:18:21\"]}','2025-03-31 10:19:26',1,4,0,24,'1','172.18.0.1','index.php?r=files/file/saveAttachmentToTmp'),
(87,1,'tmp/1/Beindigen overeenkomst Kemkens.odt','{\"locked_user_id\":0,\"status_id\":0,\"ctime\":1743416366,\"mtime\":1743416366,\"muser_id\":1,\"expire_time\":0,\"delete_when_expired\":0,\"version\":1,\"user_id\":1,\"folder_id\":22,\"name\":\"Be\\u00ebindigen overeenkomst Kemkens.odt\",\"extension\":\"odt\",\"size\":19618,\"id\":10}','2025-03-31 10:19:26',1,124,0,43,'10','172.18.0.1','index.php?r=files/file/saveAttachmentToTmp'),
(88,2,'System Administrator','{\"disk_usage\":[102801,83183]}','2025-03-31 10:19:26',1,4,0,24,'1','172.18.0.1','index.php?r=files/file/saveAttachmentToTmp'),
(89,7,'tmp/1/Beindigen overeenkomst Kemkens.odt','[]','2025-03-31 10:19:27',1,124,0,43,'10','172.18.0.1','index.php?r=files/file/download'),
(90,3,'tmp/1/Beindigen overeenkomst Kemkens.odt',NULL,'2025-03-31 10:19:31',1,124,0,43,'10','172.18.0.1','index.php?r=files/file/saveAttachmentToTmp'),
(91,2,'System Administrator','{\"disk_usage\":[83183,102801],\"modifiedAt\":[\"2025-03-31 10:19:31\",\"2025-03-31 10:19:26\"]}','2025-03-31 10:19:31',1,4,0,24,'1','172.18.0.1','index.php?r=files/file/saveAttachmentToTmp'),
(92,1,'tmp/1/Beindigen overeenkomst Kemkens.odt','{\"locked_user_id\":0,\"status_id\":0,\"ctime\":1743416371,\"mtime\":1743416371,\"muser_id\":1,\"expire_time\":0,\"delete_when_expired\":0,\"version\":1,\"user_id\":1,\"folder_id\":22,\"name\":\"Be\\u00ebindigen overeenkomst Kemkens.odt\",\"extension\":\"odt\",\"size\":19618,\"id\":11}','2025-03-31 10:19:31',1,124,0,43,'11','172.18.0.1','index.php?r=files/file/saveAttachmentToTmp'),
(93,2,'System Administrator','{\"disk_usage\":[102801,83183]}','2025-03-31 10:19:31',1,4,0,24,'1','172.18.0.1','index.php?r=files/file/saveAttachmentToTmp'),
(94,7,'tmp/1/Beindigen overeenkomst Kemkens.odt','[]','2025-03-31 10:19:33',1,124,0,43,'11','172.18.0.1','wopi.php'),
(95,3,'tmp/1/Beindigen overeenkomst Kemkens.odt',NULL,'2025-03-31 10:21:11',1,124,0,43,'11','172.18.0.1','index.php?r=files/file/saveAttachmentToTmp'),
(96,2,'System Administrator','{\"disk_usage\":[83183,102801],\"modifiedAt\":[\"2025-03-31 10:21:12\",\"2025-03-31 10:19:31\"]}','2025-03-31 10:21:12',1,4,0,24,'1','172.18.0.1','index.php?r=files/file/saveAttachmentToTmp'),
(97,1,'tmp/1/Beindigen overeenkomst Kemkens.odt','{\"locked_user_id\":0,\"status_id\":0,\"ctime\":1743416472,\"mtime\":1743416471,\"muser_id\":1,\"expire_time\":0,\"delete_when_expired\":0,\"version\":1,\"user_id\":1,\"folder_id\":22,\"name\":\"Be\\u00ebindigen overeenkomst Kemkens.odt\",\"extension\":\"odt\",\"size\":19618,\"id\":12}','2025-03-31 10:21:12',1,124,0,43,'12','172.18.0.1','index.php?r=files/file/saveAttachmentToTmp'),
(98,2,'System Administrator','{\"disk_usage\":[102801,83183]}','2025-03-31 10:21:12',1,4,0,24,'1','172.18.0.1','index.php?r=files/file/saveAttachmentToTmp'),
(99,7,'tmp/1/Beindigen overeenkomst Kemkens.odt','[]','2025-03-31 10:21:14',1,124,0,43,'12','172.18.0.1','wopi.php'),
(100,7,'users/admin/test.odt','[]','2025-03-31 12:14:48',1,18,0,43,'6','172.18.0.1','wopi.php'),
(101,2,'users/admin/test.odt','{\"locked_user_id\":[1,0]}','2025-03-31 12:14:48',1,18,0,43,'6','172.18.0.1','wopi.php'),
(102,1,'GO\\Files\\Model\\Version','{\"version\":7,\"size_bytes\":5516,\"user_id\":1,\"file_id\":6,\"mtime\":1743172751,\"path\":\"versioning\\/6\\/20250328_143911_test.odt\",\"id\":7}','2025-03-31 12:14:58',1,18,0,48,'7','172.18.0.1','wopi.php'),
(103,2,'System Administrator','{\"disk_usage\":[108317,102801],\"modifiedAt\":[\"2025-03-31 12:14:58\",\"2025-03-31 10:21:12\"]}','2025-03-31 12:14:58',1,4,0,24,'1','172.18.0.1','wopi.php'),
(104,2,'System Administrator','{\"disk_usage\":[98526,108317]}','2025-03-31 12:14:58',1,4,0,24,'1','172.18.0.1','wopi.php'),
(105,3,'GO\\Files\\Model\\Version',NULL,'2025-03-31 12:14:59',1,18,0,48,'4','172.18.0.1','wopi.php'),
(106,2,'users/admin/test.odt','{\"version\":[8,7],\"size\":[12212,5516]}','2025-03-31 12:14:59',1,18,0,43,'6','172.18.0.1','wopi.php'),
(107,2,'System Administrator','{\"disk_usage\":[105222,98526],\"modifiedAt\":[\"2025-03-31 12:14:59\",\"2025-03-31 12:14:58\"]}','2025-03-31 12:14:59',1,4,0,24,'1','172.18.0.1','wopi.php'),
(108,7,'users/admin/test.odt','[]','2025-03-31 12:17:25',1,18,0,43,'6','172.18.0.1','wopi.php'),
(109,7,'users/admin/test.odt','[]','2025-03-31 12:20:04',1,18,0,43,'6','172.18.0.1','wopi.php'),
(110,2,'users/admin/test.odt','{\"locked_user_id\":[0,1]}','2025-03-31 12:20:26',1,18,0,43,'6','172.18.0.1','index.php?r=files/file/submit'),
(111,7,'users/admin/test.odt','[]','2025-03-31 12:20:31',1,18,0,43,'6','172.18.0.1','wopi.php'),
(112,2,'users/admin/test.odt','{\"locked_user_id\":[1,0]}','2025-03-31 12:20:31',1,18,0,43,'6','172.18.0.1','wopi.php'),
(113,1,'GO\\Files\\Model\\Version','{\"version\":8,\"size_bytes\":12212,\"user_id\":1,\"file_id\":6,\"mtime\":1743423299,\"path\":\"versioning\\/6\\/20250331_121459_test.odt\",\"id\":8}','2025-03-31 12:20:37',1,18,0,48,'8','172.18.0.1','wopi.php'),
(114,2,'System Administrator','{\"disk_usage\":[117434,105222],\"modifiedAt\":[\"2025-03-31 12:20:37\",\"2025-03-31 12:14:59\"]}','2025-03-31 12:20:37',1,4,0,24,'1','172.18.0.1','wopi.php'),
(115,2,'System Administrator','{\"disk_usage\":[112399,117434]}','2025-03-31 12:20:37',1,4,0,24,'1','172.18.0.1','wopi.php'),
(116,3,'GO\\Files\\Model\\Version',NULL,'2025-03-31 12:20:37',1,18,0,48,'5','172.18.0.1','wopi.php'),
(117,2,'users/admin/test.odt','{\"version\":[9,8],\"size\":[12273,12212]}','2025-03-31 12:20:37',1,18,0,43,'6','172.18.0.1','wopi.php'),
(118,2,'System Administrator','{\"disk_usage\":[112460,112399]}','2025-03-31 12:20:37',1,4,0,24,'1','172.18.0.1','wopi.php'),
(119,2,'users/admin/test.odt','{\"locked_user_id\":[0,1]}','2025-03-31 12:24:50',1,18,0,43,'6','172.18.0.1','index.php?r=files/file/submit'),
(120,7,'users/admin/test.odt','[]','2025-03-31 12:24:55',1,18,0,43,'6','172.18.0.1','wopi.php'),
(121,2,'users/admin/test.odt','{\"locked_user_id\":[1,0]}','2025-03-31 12:24:55',1,18,0,43,'6','172.18.0.1','wopi.php'),
(122,1,'GO\\Files\\Model\\Version','{\"version\":9,\"size_bytes\":12273,\"user_id\":1,\"file_id\":6,\"mtime\":1743423637,\"path\":\"versioning\\/6\\/20250331_122037_test.odt\",\"id\":9}','2025-03-31 12:25:12',1,18,0,48,'9','172.18.0.1','wopi.php'),
(123,2,'System Administrator','{\"disk_usage\":[124733,112460],\"modifiedAt\":[\"2025-03-31 12:25:12\",\"2025-03-31 12:20:37\"]}','2025-03-31 12:25:12',1,4,0,24,'1','172.18.0.1','wopi.php'),
(124,2,'System Administrator','{\"disk_usage\":[119411,124733]}','2025-03-31 12:25:12',1,4,0,24,'1','172.18.0.1','wopi.php'),
(125,3,'GO\\Files\\Model\\Version',NULL,'2025-03-31 12:25:12',1,18,0,48,'6','172.18.0.1','wopi.php'),
(126,2,'users/admin/test.odt','{\"version\":[10,9],\"size\":[12241,12273]}','2025-03-31 12:25:12',1,18,0,43,'6','172.18.0.1','wopi.php'),
(127,2,'System Administrator','{\"disk_usage\":[119379,119411]}','2025-03-31 12:25:12',1,4,0,24,'1','172.18.0.1','wopi.php'),
(128,2,'users/admin/test.odt','{\"locked_user_id\":[0,1]}','2025-03-31 12:26:48',1,18,0,43,'6','172.18.0.1','index.php?r=files/file/submit'),
(129,7,'users/admin/test.odt','[]','2025-03-31 12:26:53',1,18,0,43,'6','172.18.0.1','wopi.php'),
(130,2,'users/admin/test.odt','{\"locked_user_id\":[1,0]}','2025-03-31 12:26:54',1,18,0,43,'6','172.18.0.1','wopi.php'),
(131,1,'GO\\Files\\Model\\Version','{\"version\":10,\"size_bytes\":12241,\"user_id\":1,\"file_id\":6,\"mtime\":1743423912,\"path\":\"versioning\\/6\\/20250331_122512_test.odt\",\"id\":10}','2025-03-31 12:27:10',1,18,0,48,'10','172.18.0.1','wopi.php'),
(132,2,'System Administrator','{\"disk_usage\":[131620,119379],\"modifiedAt\":[\"2025-03-31 12:27:10\",\"2025-03-31 12:25:12\"]}','2025-03-31 12:27:10',1,4,0,24,'1','172.18.0.1','wopi.php'),
(133,2,'System Administrator','{\"disk_usage\":[126104,131620]}','2025-03-31 12:27:10',1,4,0,24,'1','172.18.0.1','wopi.php'),
(134,3,'GO\\Files\\Model\\Version',NULL,'2025-03-31 12:27:10',1,18,0,48,'7','172.18.0.1','wopi.php'),
(135,2,'users/admin/test.odt','{\"version\":[11,10],\"size\":[12323,12241]}','2025-03-31 12:27:11',1,18,0,43,'6','172.18.0.1','wopi.php'),
(136,2,'System Administrator','{\"disk_usage\":[126186,126104],\"modifiedAt\":[\"2025-03-31 12:27:11\",\"2025-03-31 12:27:10\"]}','2025-03-31 12:27:11',1,4,0,24,'1','172.18.0.1','wopi.php'),
(137,7,'users/admin/test.odt','[]','2025-03-31 12:52:15',1,18,0,43,'6','172.18.0.1','wopi.php'),
(138,2,'users/admin/test.odt','{\"lock_id\":[\"cool-lock0cb9a07a\",false]}','2025-03-31 12:52:16',1,18,0,43,'6','172.18.0.1','wopi.php'),
(139,1,'GO\\Files\\Model\\Version','{\"version\":11,\"size_bytes\":12323,\"user_id\":1,\"file_id\":6,\"mtime\":1743424030,\"path\":\"versioning\\/6\\/20250331_122710_test.odt\",\"id\":11}','2025-03-31 12:52:28',1,18,0,48,'11','172.18.0.1','wopi.php'),
(140,2,'System Administrator','{\"disk_usage\":[138509,126186],\"modifiedAt\":[\"2025-03-31 12:52:28\",\"2025-03-31 12:27:11\"]}','2025-03-31 12:52:28',1,4,0,24,'1','172.18.0.1','wopi.php'),
(141,2,'System Administrator','{\"disk_usage\":[126297,138509]}','2025-03-31 12:52:28',1,4,0,24,'1','172.18.0.1','wopi.php'),
(142,3,'GO\\Files\\Model\\Version',NULL,'2025-03-31 12:52:28',1,18,0,48,'8','172.18.0.1','wopi.php'),
(143,2,'users/admin/test.odt','{\"version\":[12,11],\"size\":[12419,12323]}','2025-03-31 12:52:28',1,18,0,43,'6','172.18.0.1','wopi.php'),
(144,2,'System Administrator','{\"disk_usage\":[126393,126297]}','2025-03-31 12:52:28',1,4,0,24,'1','172.18.0.1','wopi.php'),
(145,2,'users/admin/test.odt','{\"locked_user_id\":[0,1],\"lock_id\":[\"\",\"cool-lock0cb9a07a\"]}','2025-03-31 12:53:06',1,18,0,43,'6','172.18.0.1','index.php?r=files/file/submit'),
(146,7,'users/admin/test.odt','[]','2025-03-31 12:53:11',1,18,0,43,'6','172.18.0.1','wopi.php'),
(147,2,'users/admin/test.odt','{\"lock_id\":[\"cool-lockaf18f6ce\",\"\"],\"locked_user_id\":[1,0]}','2025-03-31 12:53:12',1,18,0,43,'6','172.18.0.1','wopi.php'),
(148,1,'GO\\Files\\Model\\Version','{\"version\":12,\"size_bytes\":12419,\"user_id\":1,\"file_id\":6,\"mtime\":1743425548,\"path\":\"versioning\\/6\\/20250331_125228_test.odt\",\"id\":12}','2025-03-31 12:53:17',1,18,0,48,'12','172.18.0.1','wopi.php'),
(149,2,'System Administrator','{\"disk_usage\":[138812,126393],\"modifiedAt\":[\"2025-03-31 12:53:17\",\"2025-03-31 12:52:28\"]}','2025-03-31 12:53:17',1,4,0,24,'1','172.18.0.1','wopi.php'),
(150,2,'System Administrator','{\"disk_usage\":[126539,138812]}','2025-03-31 12:53:17',1,4,0,24,'1','172.18.0.1','wopi.php'),
(151,3,'GO\\Files\\Model\\Version',NULL,'2025-03-31 12:53:17',1,18,0,48,'9','172.18.0.1','wopi.php'),
(152,2,'users/admin/test.odt','{\"version\":[13,12],\"size\":[12500,12419]}','2025-03-31 12:53:17',1,18,0,43,'6','172.18.0.1','wopi.php'),
(153,2,'System Administrator','{\"disk_usage\":[126620,126539]}','2025-03-31 12:53:17',1,4,0,24,'1','172.18.0.1','wopi.php'),
(154,2,'users/admin/test.odt','{\"lock_id\":[\"\",\"cool-lockaf18f6ce\"],\"locked_user_id\":[0,1]}','2025-03-31 12:53:19',1,18,0,43,'6','172.18.0.1','wopi.php'),
(155,7,'users/admin/test.odt','[]','2025-03-31 12:53:30',1,18,0,43,'6','172.18.0.1','connector.php'),
(156,2,'users/admin/test.odt','{\"locked_user_id\":[1,0],\"lock_id\":[\"1-67ea904aa80f5\",\"\"]}','2025-03-31 12:53:30',1,18,0,43,'6','172.18.0.1','connector.php'),
(157,7,'users/admin/test.odt','[]','2025-03-31 12:53:37',1,18,0,43,'6','172.18.0.1','wopi.php'),
(158,1,'GO\\Files\\Model\\Version','{\"version\":13,\"size_bytes\":12500,\"user_id\":1,\"file_id\":6,\"mtime\":1743425597,\"path\":\"versioning\\/6\\/20250331_145317_test.odt\",\"id\":13}','2025-03-31 12:59:56',1,18,0,48,'13','172.18.0.1','connector.php'),
(159,2,'System Administrator','{\"disk_usage\":[139120,126620],\"modifiedAt\":[\"2025-03-31 12:59:56\",\"2025-03-31 12:53:17\"]}','2025-03-31 12:59:56',1,4,0,24,'1','172.18.0.1','connector.php'),
(160,2,'System Administrator','{\"disk_usage\":[126879,139120]}','2025-03-31 12:59:56',1,4,0,24,'1','172.18.0.1','connector.php'),
(161,3,'GO\\Files\\Model\\Version',NULL,'2025-03-31 12:59:56',1,18,0,48,'10','172.18.0.1','connector.php'),
(162,2,'users/admin/test.odt','{\"version\":[14,13],\"size\":[5978,12500]}','2025-03-31 12:59:56',1,18,0,43,'6','172.18.0.1','connector.php'),
(163,2,'System Administrator','{\"disk_usage\":[120357,126879]}','2025-03-31 12:59:56',1,4,0,24,'1','172.18.0.1','connector.php'),
(164,2,'users/admin/test.odt','{\"locked_user_id\":[0,1],\"lock_id\":[\"\",\"1-67ea904aa80f5\"]}','2025-03-31 13:03:05',1,18,0,43,'6','172.18.0.1','index.php?r=files/file/submit'),
(165,7,'users/admin/test.odt','[]','2025-03-31 13:03:11',1,18,0,43,'6','172.18.0.1','connector.php'),
(166,2,'users/admin/test.odt','{\"locked_user_id\":[1,0],\"lock_id\":[\"1-67ea928f7c459\",\"\"]}','2025-03-31 13:03:11',1,18,0,43,'6','172.18.0.1','connector.php'),
(167,1,'GO\\Files\\Model\\Version','{\"version\":14,\"size_bytes\":5978,\"user_id\":1,\"file_id\":6,\"mtime\":1743425996,\"path\":\"versioning\\/6\\/20250331_145956_test.odt\",\"id\":14}','2025-03-31 13:03:31',1,18,0,48,'14','172.18.0.1','connector.php'),
(168,2,'System Administrator','{\"disk_usage\":[126335,120357],\"modifiedAt\":[\"2025-03-31 13:03:31\",\"2025-03-31 12:59:56\"]}','2025-03-31 13:03:31',1,4,0,24,'1','172.18.0.1','connector.php'),
(169,2,'System Administrator','{\"disk_usage\":[114012,126335]}','2025-03-31 13:03:31',1,4,0,24,'1','172.18.0.1','connector.php'),
(170,3,'GO\\Files\\Model\\Version',NULL,'2025-03-31 13:03:31',1,18,0,48,'11','172.18.0.1','connector.php'),
(171,2,'users/admin/test.odt','{\"version\":[15,14],\"size\":[6131,5978]}','2025-03-31 13:03:31',1,18,0,43,'6','172.18.0.1','connector.php'),
(172,2,'System Administrator','{\"disk_usage\":[114165,114012]}','2025-03-31 13:03:31',1,4,0,24,'1','172.18.0.1','connector.php'),
(173,7,'users/admin/test.odt','[]','2025-03-31 13:07:09',1,18,0,43,'6','172.18.0.1','connector.php'),
(174,1,'GO\\Files\\Model\\Version','{\"version\":15,\"size_bytes\":6131,\"user_id\":1,\"file_id\":6,\"mtime\":1743426211,\"path\":\"versioning\\/6\\/20250331_150331_test.odt\",\"id\":15}','2025-03-31 13:07:21',1,18,0,48,'15','172.18.0.1','connector.php'),
(175,2,'System Administrator','{\"disk_usage\":[120296,114165],\"modifiedAt\":[\"2025-03-31 13:07:21\",\"2025-03-31 13:03:31\"]}','2025-03-31 13:07:21',1,4,0,24,'1','172.18.0.1','connector.php'),
(176,2,'System Administrator','{\"disk_usage\":[107877,120296]}','2025-03-31 13:07:21',1,4,0,24,'1','172.18.0.1','connector.php'),
(177,3,'GO\\Files\\Model\\Version',NULL,'2025-03-31 13:07:21',1,18,0,48,'12','172.18.0.1','connector.php'),
(178,2,'users/admin/test.odt','{\"version\":[16,15],\"size\":[6272,6131]}','2025-03-31 13:07:21',1,18,0,43,'6','172.18.0.1','connector.php'),
(179,2,'System Administrator','{\"disk_usage\":[108018,107877]}','2025-03-31 13:07:21',1,4,0,24,'1','172.18.0.1','connector.php'),
(180,7,'users/admin/test.odt','[]','2025-03-31 13:08:19',1,18,0,43,'6','172.18.0.1','connector.php'),
(181,1,'GO\\Files\\Model\\Version','{\"version\":16,\"size_bytes\":6272,\"user_id\":1,\"file_id\":6,\"mtime\":1743426441,\"path\":\"versioning\\/6\\/20250331_150721_test.odt\",\"id\":16}','2025-03-31 13:08:31',1,18,0,48,'16','172.18.0.1','connector.php'),
(182,2,'System Administrator','{\"disk_usage\":[114290,108018],\"modifiedAt\":[\"2025-03-31 13:08:31\",\"2025-03-31 13:07:21\"]}','2025-03-31 13:08:31',1,4,0,24,'1','172.18.0.1','connector.php'),
(183,2,'System Administrator','{\"disk_usage\":[101790,114290]}','2025-03-31 13:08:31',1,4,0,24,'1','172.18.0.1','connector.php'),
(184,3,'GO\\Files\\Model\\Version',NULL,'2025-03-31 13:08:31',1,18,0,48,'13','172.18.0.1','connector.php'),
(185,2,'users/admin/test.odt','{\"version\":[17,16],\"size\":[6418,6272]}','2025-03-31 13:08:31',1,18,0,43,'6','172.18.0.1','connector.php'),
(186,2,'System Administrator','{\"disk_usage\":[101936,101790]}','2025-03-31 13:08:31',1,4,0,24,'1','172.18.0.1','connector.php'),
(187,2,'users/admin/test.odt','{\"locked_user_id\":[0,1],\"lock_id\":[\"\",\"1-67ea928f7c459\"]}','2025-03-31 13:08:31',1,18,0,43,'6','172.18.0.1','connector.php'),
(188,7,'users/admin/test.odt','[]','2025-03-31 13:26:13',1,18,0,43,'6','172.18.0.1','wopi.php'),
(189,2,'users/admin/test.odt','{\"lock_id\":[\"cool-lockdffb318d\",\"\"],\"locked_user_id\":[1,0]}','2025-03-31 13:26:13',1,18,0,43,'6','172.18.0.1','wopi.php'),
(190,2,'users/admin/test.odt','{\"lock_id\":[\"\",\"cool-lockdffb318d\"],\"locked_user_id\":[0,1]}','2025-03-31 13:31:31',1,18,0,43,'6','172.18.0.1','wopi.php'),
(191,2,'users/admin/test.odt','{\"lock_id\":[\"6443eaa1-584c-479e-8bc8-0b5099c7f9cb\",\"\"]}','2025-03-31 13:45:58',1,18,0,43,'6','172.18.0.1','WebDAV LOCK'),
(192,2,'users/admin/test.odt','{\"size\":[13397,6418]}','2025-03-31 13:46:03',1,18,0,43,'6','172.18.0.1','WebDAV PUT'),
(193,2,'System Administrator','{\"disk_usage\":[108915,101936],\"modifiedAt\":[\"2025-03-31 13:46:03\",\"2025-03-31 13:08:31\"]}','2025-03-31 13:46:03',1,4,0,24,'1','172.18.0.1','WebDAV PUT'),
(194,7,'users/admin/test.odt','[]','2025-03-31 13:46:09',1,18,0,43,'6','172.18.0.1','connector.php'),
(195,2,'users/admin/test.odt','{\"locked_user_id\":[1,0]}','2025-03-31 13:46:09',1,18,0,43,'6','172.18.0.1','connector.php'),
(196,2,'users/admin/test.odt','{\"locked_user_id\":[0,1],\"lock_id\":[\"\",\"6443eaa1-584c-479e-8bc8-0b5099c7f9cb\"]}','2025-03-31 13:46:19',1,18,0,43,'6','172.18.0.1','connector.php'),
(197,2,'users/admin/test.odt','{\"lock_id\":[\"d26d95dd-851c-4b27-8eb8-f8710a7a8aeb\",\"\"]}','2025-03-31 13:47:29',1,18,0,43,'6','172.18.0.1','WebDAV LOCK'),
(198,2,'users/admin/test.odt','{\"lock_id\":[\"\",\"d26d95dd-851c-4b27-8eb8-f8710a7a8aeb\"]}','2025-03-31 13:49:59',1,18,0,43,'6','172.18.0.1','WebDAV UNLOCK'),
(199,2,'users/admin/test.odt','{\"locked_user_id\":[1,0],\"lock_id\":[\"e9c2909c-add5-4a6d-a0d2-b3f95080dabb\",\"\"]}','2025-03-31 13:50:17',1,18,0,43,'6','172.18.0.1','WebDAV LOCK'),
(200,7,'users/admin/test.odt','[]','2025-03-31 13:50:41',1,18,0,43,'6','172.18.0.1','wopi.php'),
(201,2,'users/admin/test.odt','{\"locked_user_id\":[0,1],\"lock_id\":[\"\",\"e9c2909c-add5-4a6d-a0d2-b3f95080dabb\"]}','2025-03-31 13:50:55',1,18,0,43,'6','172.18.0.1','connector.php'),
(202,2,'users/admin/test.odt','{\"locked_user_id\":[1,0],\"lock_id\":[\"4d0016e2-d33c-4f28-ad91-e4a276474920\",\"\"]}','2025-03-31 13:54:19',1,18,0,43,'6','172.18.0.1','WebDAV LOCK'),
(203,2,'users/admin/test.odt','{\"locked_user_id\":[0,1],\"lock_id\":[\"\",\"4d0016e2-d33c-4f28-ad91-e4a276474920\"]}','2025-03-31 13:54:23',1,18,0,43,'6','172.18.0.1','WebDAV UNLOCK'),
(204,2,'users/admin/test.odt','{\"locked_user_id\":[1,0],\"lock_id\":[\"feaa8cb3-8d66-495c-896e-ec2632c22608\",\"\"]}','2025-03-31 14:00:52',1,18,0,43,'6','172.18.0.1','WebDAV LOCK'),
(205,2,'users/admin/test.odt','{\"lock_id\":[\"8b0c2a05-c2ec-4e95-aa85-0b1f5b600b49\",\"feaa8cb3-8d66-495c-896e-ec2632c22608\"]}','2025-03-31 14:01:16',1,18,0,43,'6','172.18.0.1','WebDAV LOCK'),
(206,2,'users/admin/test.odt','{\"locked_user_id\":[0,1],\"lock_id\":[\"\",\"8b0c2a05-c2ec-4e95-aa85-0b1f5b600b49\"]}','2025-03-31 14:01:30',1,18,0,43,'6','172.18.0.1','WebDAV UNLOCK'),
(207,2,'users/admin/test.odt','{\"locked_user_id\":[1,0],\"lock_id\":[\"dc54ecdc-628e-4c20-83ca-ddd99fe18e26\",\"\"]}','2025-03-31 14:01:49',1,18,0,43,'6','172.18.0.1','WebDAV LOCK'),
(208,2,'users/admin/test.odt','{\"size\":[13416,13397]}','2025-03-31 14:01:57',1,18,0,43,'6','172.18.0.1','WebDAV PUT'),
(209,2,'System Administrator','{\"disk_usage\":[108934,108915],\"modifiedAt\":[\"2025-03-31 14:01:57\",\"2025-03-31 13:46:03\"]}','2025-03-31 14:01:57',1,4,0,24,'1','172.18.0.1','WebDAV PUT'),
(210,2,'users/admin/test.odt','{\"locked_user_id\":[0,1],\"lock_id\":[\"\",\"dc54ecdc-628e-4c20-83ca-ddd99fe18e26\"]}','2025-03-31 14:02:09',1,18,0,43,'6','172.18.0.1','WebDAV UNLOCK'),
(211,7,'users/admin/test.odt','[]','2025-03-31 14:02:14',1,18,0,43,'6','172.18.0.1','wopi.php'),
(212,2,'users/admin/test.odt','{\"lock_id\":[\"cool-lock69ad0158\",\"\"],\"locked_user_id\":[1,0]}','2025-03-31 14:02:15',1,18,0,43,'6','172.18.0.1','wopi.php'),
(213,2,'users/admin/test.odt','{\"lock_id\":[\"2d99aee8-e206-4af4-92c4-0537c11f8d78\",\"cool-lock69ad0158\"]}','2025-03-31 14:02:33',1,18,0,43,'6','172.18.0.1','WebDAV LOCK'),
(214,2,'users/admin/test.odt','{\"locked_user_id\":[0,1],\"lock_id\":[\"\",\"2d99aee8-e206-4af4-92c4-0537c11f8d78\"]}','2025-03-31 14:03:52',1,18,0,43,'6','172.18.0.1','WebDAV UNLOCK'),
(215,2,'users/admin/test.odt','{\"locked_user_id\":[1,0],\"lock_id\":[\"1-67eaa1a068092\",\"\"]}','2025-03-31 14:07:28',1,18,0,43,'6','172.18.0.1','connector.php'),
(216,7,'users/admin/test.odt','[]','2025-03-31 14:07:28',1,18,0,43,'6','172.18.0.1','connector.php'),
(217,2,'users/admin/test.odt','{\"locked_user_id\":[0,1],\"lock_id\":[\"\",\"1-67eaa1a068092\"]}','2025-03-31 14:08:09',1,18,0,43,'6','172.18.0.1','connector.php'),
(218,2,'users/admin/test.odt','{\"locked_user_id\":[1,0],\"lock_id\":[\"c52aae55-9d20-449e-97a2-cee203a3308f\",\"\"]}','2025-03-31 14:09:50',1,18,0,43,'6','172.18.0.1','WebDAV LOCK'),
(219,2,'users/admin/test.odt','{\"size\":[13545,13416]}','2025-03-31 14:10:02',1,18,0,43,'6','172.18.0.1','WebDAV PUT'),
(220,2,'System Administrator','{\"disk_usage\":[109063,108934],\"modifiedAt\":[\"2025-03-31 14:10:02\",\"2025-03-31 14:01:57\"]}','2025-03-31 14:10:02',1,4,0,24,'1','172.18.0.1','WebDAV PUT'),
(221,2,'users/admin/test.odt','{\"locked_user_id\":[0,1],\"lock_id\":[\"\",\"c52aae55-9d20-449e-97a2-cee203a3308f\"]}','2025-03-31 14:10:04',1,18,0,43,'6','172.18.0.1','WebDAV UNLOCK'),
(222,1,NULL,'{\"max_aliases\":0,\"max_mailboxes\":0,\"total_quota\":10485760,\"default_quota\":524288,\"transport\":\"virtual\",\"backupmx\":0,\"ctime\":1743430901,\"mtime\":1743430901,\"active\":1,\"user_id\":1,\"domain\":\"intermesh.nl\",\"acl_id\":125,\"id\":1}','2025-03-31 14:21:41',1,125,0,51,'1','172.18.0.1','index.php?r=modules/module/update');
/*!40000 ALTER TABLE `history_log_entry` ENABLE KEYS */;
UNLOCK TABLES;

--
-- Table structure for table `notes_note`
--

DROP TABLE IF EXISTS `notes_note`;
/*!40101 SET @saved_cs_client     = @@character_set_client */;
/*!40101 SET character_set_client = utf8 */;
CREATE TABLE `notes_note` (
  `id` int(11) NOT NULL AUTO_INCREMENT,
  `noteBookId` int(11) NOT NULL,
  `createdBy` int(11) DEFAULT NULL,
  `modifiedBy` int(11) DEFAULT NULL,
  `name` varchar(100) NOT NULL,
  `content` mediumtext DEFAULT NULL,
  `filesFolderId` int(11) DEFAULT NULL,
  `password` varchar(255) DEFAULT '',
  `createdAt` datetime DEFAULT NULL,
  `modifiedAt` datetime DEFAULT NULL,
  PRIMARY KEY (`id`),
  KEY `user_id` (`createdBy`),
  KEY `category_id` (`noteBookId`),
  KEY `modifiedBy` (`modifiedBy`),
  CONSTRAINT `notes_note_ibfk_1` FOREIGN KEY (`noteBookId`) REFERENCES `notes_note_book` (`id`) ON DELETE CASCADE,
  CONSTRAINT `notes_note_ibfk_2` FOREIGN KEY (`createdBy`) REFERENCES `core_user` (`id`) ON DELETE SET NULL ON UPDATE NO ACTION,
  CONSTRAINT `notes_note_ibfk_3` FOREIGN KEY (`modifiedBy`) REFERENCES `core_user` (`id`) ON DELETE SET NULL ON UPDATE NO ACTION
) ENGINE=InnoDB AUTO_INCREMENT=228 DEFAULT CHARSET=utf8mb4 COLLATE=utf8mb4_unicode_ci;
/*!40101 SET character_set_client = @saved_cs_client */;

--
-- Dumping data for table `notes_note`
--

LOCK TABLES `notes_note` WRITE;
/*!40000 ALTER TABLE `notes_note` DISABLE KEYS */;
INSERT INTO `notes_note` VALUES
(173,65,1,1,'Duchess sneezed','The Duchess took no notice of her going, though she looked down at them, and the Hatter and the great puzzle!\' And she began very cautiously: \'But I don\'t like them!\' When the procession moved on.',NULL,'','2024-08-14 08:13:46','2025-03-14 22:39:58'),
(174,65,1,1,'White Rabbit was no','Oh, how I wish you would have appeared to them she heard the Queen\'s shrill cries to the garden door. Poor Alice! It was so large a house, that she had expected: before she found she had quite a.',NULL,'','2024-12-11 20:41:41','2025-01-14 19:07:04'),
(175,65,1,1,'At last the Gryphon','Trims his belt and his friends shared their never-ending meal, and the words a little, and then quietly marched off after the candle is blown out, for she was dozing off, and Alice thought to.',NULL,'','2024-07-04 17:10:26','2025-01-17 16:15:19'),
(176,65,1,1,'English!\' said the','Oh, how I wish you would have appeared to them she heard the Queen\'s shrill cries to the garden door. Poor Alice! It was so large a house, that she had expected: before she found she had quite a.',NULL,'','2024-07-20 00:30:08','2024-08-31 04:19:09'),
(177,66,2,1,'Latitude was, or','English!\' said the Eaglet. \'I don\'t know what \"it\" means well enough, when I got up and to her lips. \'I know SOMETHING interesting is sure to happen,\' she said to herself how she would manage it.',NULL,'','2025-03-07 01:06:34','2025-03-14 08:56:20'),
(178,66,2,1,'March Hare said--\'','The Duchess took no notice of her going, though she looked down at them, and the Hatter and the great puzzle!\' And she began very cautiously: \'But I don\'t like them!\' When the procession moved on.',NULL,'','2025-01-24 05:30:02','2025-02-28 20:04:08'),
(179,66,2,1,'Bill,\' thought','White Rabbit was no time to begin with.\' \'A barrowful will do, to begin with,\' said the King hastily said, and went on in a thick wood. \'The first thing I\'ve got to go on. \'And so these three little.',NULL,'','2024-07-28 20:34:49','2024-10-12 05:24:08'),
(180,67,3,1,'Alice. \'And be','I get\" is the reason and all the players, except the King, \'unless it was addressed to the waving of the goldfish kept running in her own courage. \'It\'s no business of MINE.\' The Queen had ordered.',NULL,'','2024-06-15 19:28:43','2024-07-25 17:51:24'),
(181,67,3,1,'Alice, who had got','White Rabbit was no time to begin with.\' \'A barrowful will do, to begin with,\' said the King hastily said, and went on in a thick wood. \'The first thing I\'ve got to go on. \'And so these three little.',NULL,'','2024-07-07 02:12:04','2024-09-22 15:56:34'),
(182,67,3,1,'Trims his belt and','The Duchess took no notice of her going, though she looked down at them, and the Hatter and the great puzzle!\' And she began very cautiously: \'But I don\'t like them!\' When the procession moved on.',NULL,'','2024-04-26 00:32:40','2024-12-18 18:28:00'),
(183,68,4,1,'I mean what I','How puzzling all these changes are! I\'m never sure what I\'m going to begin again, it was over at last, more calmly, though still sobbing a little snappishly. \'You\'re enough to drive one crazy!\' The.',NULL,'','2024-11-15 07:07:06','2024-12-28 18:28:15'),
(184,68,4,1,'How puzzling all','Trims his belt and his friends shared their never-ending meal, and the words a little, and then quietly marched off after the candle is blown out, for she was dozing off, and Alice thought to.',NULL,'','2024-11-06 16:18:42','2024-12-24 04:45:47'),
(185,68,4,1,'Alice felt that she','How puzzling all these changes are! I\'m never sure what I\'m going to begin again, it was over at last, more calmly, though still sobbing a little snappishly. \'You\'re enough to drive one crazy!\' The.',NULL,'','2024-07-23 05:30:44','2024-07-26 02:58:53'),
(186,68,4,1,'Alice felt that she','Alice, who had got its neck nicely straightened out, and was just beginning to see if she had hoped) a fan and a Dodo, a Lory and an Eaglet, and several other curious creatures. Alice led the way.',NULL,'','2025-02-28 23:13:01','2025-03-24 09:44:18'),
(187,68,4,1,'Bill,\' thought','Alice felt that she was to find quite a commotion in the last word with such sudden violence that Alice quite jumped; but she could remember about ravens and writing-desks, which wasn\'t much. The.',NULL,'','2024-05-07 08:23:22','2025-01-17 14:35:12'),
(188,68,4,1,'I get\" is the','Alice, who had got its neck nicely straightened out, and was just beginning to see if she had hoped) a fan and a Dodo, a Lory and an Eaglet, and several other curious creatures. Alice led the way.',NULL,'','2025-02-21 15:38:35','2025-03-24 10:21:43'),
(189,69,5,1,'I get\" is the','Bill,\' thought Alice,) \'Well, I hardly know--No more, thank ye; I\'m better now--but I\'m a deal too far off to trouble myself about you: you must manage the best plan.\' It sounded an excellent plan.',NULL,'','2024-10-06 07:14:46','2025-02-19 09:45:29'),
(190,69,5,1,'Alice felt that she','Oh, how I wish you would have appeared to them she heard the Queen\'s shrill cries to the garden door. Poor Alice! It was so large a house, that she had expected: before she found she had quite a.',NULL,'','2024-08-24 03:05:11','2024-09-02 07:37:17'),
(191,69,5,1,'The Duchess took no','March Hare said--\' \'I didn\'t!\' the March Hare said to the Mock Turtle went on, without attending to her, one on each side, and opened their eyes and mouths so VERY much out of the other bit. Her.',NULL,'','2025-01-28 14:58:15','2025-02-06 05:18:37'),
(192,70,6,1,'I mean what I','At last the Gryphon replied rather impatiently: \'any shrimp could have told you that.\' \'If I\'d been the whiting,\' said Alice, \'we learned French and music.\' \'And washing?\' said the Cat. \'Do you mean.',NULL,'','2024-07-14 19:35:14','2024-11-24 10:23:08'),
(193,70,6,1,'I get\" is the','Bill,\' thought Alice,) \'Well, I hardly know--No more, thank ye; I\'m better now--but I\'m a deal too far off to trouble myself about you: you must manage the best plan.\' It sounded an excellent plan.',NULL,'','2025-01-06 22:14:33','2025-01-11 10:48:13'),
(194,70,6,1,'Trims his belt and','March Hare said--\' \'I didn\'t!\' the March Hare said to the Mock Turtle went on, without attending to her, one on each side, and opened their eyes and mouths so VERY much out of the other bit. Her.',NULL,'','2024-08-23 13:59:45','2024-10-20 15:21:29'),
(195,70,6,1,'Bill,\' thought','How puzzling all these changes are! I\'m never sure what I\'m going to begin again, it was over at last, more calmly, though still sobbing a little snappishly. \'You\'re enough to drive one crazy!\' The.',NULL,'','2024-05-03 11:45:34','2024-09-05 01:40:31'),
(196,70,6,1,'Cheshire Cat,\' said','Alice felt that she was to find quite a commotion in the last word with such sudden violence that Alice quite jumped; but she could remember about ravens and writing-desks, which wasn\'t much. The.',NULL,'','2024-04-29 10:34:48','2024-09-10 15:59:50'),
(197,71,7,1,'Latitude was, or','Duchess sneezed occasionally; and as it didn\'t much matter which way I want to be?\' it asked. \'Oh, I\'m not particular as to prevent its undoing itself,) she carried it off. \'If everybody minded.',NULL,'','2024-07-19 13:23:21','2025-02-21 10:58:02'),
(198,71,7,1,'So Alice began','Queen said to herself. (Alice had no pictures or conversations in it, \'and what is the capital of Paris, and Paris is the same tone, exactly as if she did not at all comfortable, and it sat for a.',NULL,'','2025-02-13 00:15:56','2025-03-27 23:32:57'),
(199,71,7,1,'Alice. \'And be','Alice. \'And be quick about it,\' said Alice, rather doubtfully, as she remembered how small she was a good deal: this fireplace is narrow, to be two people. \'But it\'s no use now,\' thought poor Alice.',NULL,'','2024-09-20 13:23:09','2024-10-19 11:19:47'),
(200,71,7,1,'I goes like a','Oh, how I wish you would have appeared to them she heard the Queen\'s shrill cries to the garden door. Poor Alice! It was so large a house, that she had expected: before she found she had quite a.',NULL,'','2024-07-21 13:32:10','2025-01-29 09:18:49'),
(201,72,8,1,'English!\' said the','Alice, who had got its neck nicely straightened out, and was just beginning to see if she had hoped) a fan and a Dodo, a Lory and an Eaglet, and several other curious creatures. Alice led the way.',NULL,'','2024-11-11 18:51:36','2025-03-10 20:29:52'),
(202,72,8,1,'English!\' said the','I mean what I say--that\'s the same thing, you know.\' \'And what an ignorant little girl or a serpent?\' \'It matters a good deal frightened by this time.) \'You\'re nothing but a pack of cards!\' At this.',NULL,'','2024-06-22 14:15:47','2024-11-26 00:16:12'),
(203,72,8,1,'White Rabbit was no','At last the Gryphon replied rather impatiently: \'any shrimp could have told you that.\' \'If I\'d been the whiting,\' said Alice, \'we learned French and music.\' \'And washing?\' said the Cat. \'Do you mean.',NULL,'','2024-11-27 20:37:53','2024-12-08 11:29:34'),
(204,72,8,1,'So Alice began','Latitude was, or Longitude I\'ve got to the voice of the cakes, and was in the court!\' and the Queen had never left off quarrelling with the other: he came trotting along in a minute or two to think.',NULL,'','2025-02-08 09:00:49','2025-02-19 17:42:24'),
(205,73,9,1,'English!\' said the','Alice, who had got its neck nicely straightened out, and was just beginning to see if she had hoped) a fan and a Dodo, a Lory and an Eaglet, and several other curious creatures. Alice led the way.',NULL,'','2024-09-14 07:52:50','2024-12-18 19:01:29'),
(206,73,9,1,'So Alice began','Cheshire Cat,\' said Alice: \'three inches is such a simple question,\' added the Queen. \'You make me grow larger, I can say.\' This was quite pleased to find it out, we should all have our heads cut.',NULL,'','2025-01-06 01:51:22','2025-02-19 06:58:20'),
(207,73,9,1,'Alice felt that she','Trims his belt and his friends shared their never-ending meal, and the words a little, and then quietly marched off after the candle is blown out, for she was dozing off, and Alice thought to.',NULL,'','2025-01-27 20:06:42','2025-02-12 01:14:14'),
(208,73,9,1,'Oh, how I wish you','Duchess sneezed occasionally; and as it didn\'t much matter which way I want to be?\' it asked. \'Oh, I\'m not particular as to prevent its undoing itself,) she carried it off. \'If everybody minded.',NULL,'','2024-12-16 06:28:15','2025-03-27 00:26:04'),
(209,73,9,1,'March Hare said--\'','How puzzling all these changes are! I\'m never sure what I\'m going to begin again, it was over at last, more calmly, though still sobbing a little snappishly. \'You\'re enough to drive one crazy!\' The.',NULL,'','2024-07-15 13:36:31','2024-12-10 16:45:19'),
(210,74,10,1,'Alice, who had got','I mean what I say--that\'s the same thing, you know.\' \'And what an ignorant little girl or a serpent?\' \'It matters a good deal frightened by this time.) \'You\'re nothing but a pack of cards!\' At this.',NULL,'','2024-12-20 01:53:48','2025-01-07 04:40:02'),
(211,74,10,1,'March Hare said--\'','Trims his belt and his friends shared their never-ending meal, and the words a little, and then quietly marched off after the candle is blown out, for she was dozing off, and Alice thought to.',NULL,'','2024-10-23 23:58:19','2025-01-31 11:07:55'),
(212,74,10,1,'At last the Gryphon','Latitude was, or Longitude I\'ve got to the voice of the cakes, and was in the court!\' and the Queen had never left off quarrelling with the other: he came trotting along in a minute or two to think.',NULL,'','2024-04-10 12:03:46','2024-10-18 12:07:08'),
(213,74,10,1,'Duchess sneezed','I mean what I say--that\'s the same thing, you know.\' \'And what an ignorant little girl or a serpent?\' \'It matters a good deal frightened by this time.) \'You\'re nothing but a pack of cards!\' At this.',NULL,'','2024-09-10 14:16:35','2025-02-16 09:45:38'),
(214,74,10,1,'Oh, how I wish you','March Hare said--\' \'I didn\'t!\' the March Hare said to the Mock Turtle went on, without attending to her, one on each side, and opened their eyes and mouths so VERY much out of the other bit. Her.',NULL,'','2025-02-05 08:29:24','2025-02-10 03:07:37'),
(215,74,10,1,'The Duchess took no','White Rabbit was no time to begin with.\' \'A barrowful will do, to begin with,\' said the King hastily said, and went on in a thick wood. \'The first thing I\'ve got to go on. \'And so these three little.',NULL,'','2024-08-19 16:19:53','2025-01-29 18:06:02'),
(216,75,11,1,'Trims his belt and','Alice, who had got its neck nicely straightened out, and was just beginning to see if she had hoped) a fan and a Dodo, a Lory and an Eaglet, and several other curious creatures. Alice led the way.',NULL,'','2025-02-19 20:11:59','2025-02-27 01:36:53'),
(217,75,11,1,'White Rabbit was no','Latitude was, or Longitude I\'ve got to the voice of the cakes, and was in the court!\' and the Queen had never left off quarrelling with the other: he came trotting along in a minute or two to think.',NULL,'','2024-12-27 03:22:56','2025-01-07 08:46:27'),
(218,75,11,1,'I get\" is the','I mean what I say--that\'s the same thing, you know.\' \'And what an ignorant little girl or a serpent?\' \'It matters a good deal frightened by this time.) \'You\'re nothing but a pack of cards!\' At this.',NULL,'','2024-09-21 14:02:36','2024-11-01 14:41:49'),
(219,75,11,1,'Latitude was, or','Queen said to herself. (Alice had no pictures or conversations in it, \'and what is the capital of Paris, and Paris is the same tone, exactly as if she did not at all comfortable, and it sat for a.',NULL,'','2024-11-17 02:31:06','2024-12-15 17:59:49'),
(220,75,11,1,'The Duchess took no','English!\' said the Eaglet. \'I don\'t know what \"it\" means well enough, when I got up and to her lips. \'I know SOMETHING interesting is sure to happen,\' she said to herself how she would manage it.',NULL,'','2024-10-27 18:31:02','2025-02-12 00:33:12'),
(221,75,11,1,'White Rabbit was no','Bill,\' thought Alice,) \'Well, I hardly know--No more, thank ye; I\'m better now--but I\'m a deal too far off to trouble myself about you: you must manage the best plan.\' It sounded an excellent plan.',NULL,'','2025-02-25 12:14:48','2025-03-11 18:46:01'),
(222,76,12,1,'White Rabbit was no','Latitude was, or Longitude I\'ve got to the voice of the cakes, and was in the court!\' and the Queen had never left off quarrelling with the other: he came trotting along in a minute or two to think.',NULL,'','2024-07-24 08:18:14','2024-08-04 11:48:01'),
(223,76,12,1,'Latitude was, or','Trims his belt and his friends shared their never-ending meal, and the words a little, and then quietly marched off after the candle is blown out, for she was dozing off, and Alice thought to.',NULL,'','2024-09-10 17:14:49','2025-01-31 09:41:32'),
(224,76,12,1,'White Rabbit was no','Oh, how I wish you would have appeared to them she heard the Queen\'s shrill cries to the garden door. Poor Alice! It was so large a house, that she had expected: before she found she had quite a.',NULL,'','2024-07-20 09:39:05','2024-12-04 02:04:58'),
(225,76,12,1,'The Duchess took no','Duchess sneezed occasionally; and as it didn\'t much matter which way I want to be?\' it asked. \'Oh, I\'m not particular as to prevent its undoing itself,) she carried it off. \'If everybody minded.',NULL,'','2024-05-18 05:21:40','2025-03-19 11:28:41'),
(226,76,12,1,'Latitude was, or','Queen said to herself. (Alice had no pictures or conversations in it, \'and what is the capital of Paris, and Paris is the same tone, exactly as if she did not at all comfortable, and it sat for a.',NULL,'','2024-04-19 06:49:37','2024-06-09 21:53:49'),
(227,76,12,1,'So Alice began','March Hare said--\' \'I didn\'t!\' the March Hare said to the Mock Turtle went on, without attending to her, one on each side, and opened their eyes and mouths so VERY much out of the other bit. Her.',NULL,'','2024-04-11 14:25:05','2024-05-17 02:05:14');
/*!40000 ALTER TABLE `notes_note` ENABLE KEYS */;
UNLOCK TABLES;

--
-- Table structure for table `notes_note_book`
--

DROP TABLE IF EXISTS `notes_note_book`;
/*!40101 SET @saved_cs_client     = @@character_set_client */;
/*!40101 SET character_set_client = utf8 */;
CREATE TABLE `notes_note_book` (
  `id` int(11) NOT NULL AUTO_INCREMENT,
  `deletedAt` datetime DEFAULT NULL,
  `createdBy` int(11) DEFAULT NULL,
  `aclId` int(11) NOT NULL,
  `name` varchar(100) NOT NULL,
  `filesFolderId` int(11) DEFAULT NULL,
  PRIMARY KEY (`id`),
  KEY `aclId` (`aclId`),
  KEY `createdBy` (`createdBy`),
  CONSTRAINT `notes_note_book_ibfk_1` FOREIGN KEY (`aclId`) REFERENCES `core_acl` (`id`),
  CONSTRAINT `notes_note_book_ibfk_2` FOREIGN KEY (`createdBy`) REFERENCES `core_user` (`id`) ON DELETE SET NULL ON UPDATE NO ACTION
) ENGINE=InnoDB AUTO_INCREMENT=77 DEFAULT CHARSET=utf8mb4 COLLATE=utf8mb4_unicode_ci;
/*!40101 SET character_set_client = @saved_cs_client */;

--
-- Dumping data for table `notes_note_book`
--

LOCK TABLES `notes_note_book` WRITE;
/*!40000 ALTER TABLE `notes_note_book` DISABLE KEYS */;
INSERT INTO `notes_note_book` VALUES
(65,NULL,1,12,'Shared',NULL),
(66,NULL,2,55,'Mr. Broderick Hauck',NULL),
(67,NULL,3,60,'Mr. Jedidiah Tromp',NULL),
(68,NULL,4,65,'Ashlee Beier',NULL),
(69,NULL,5,70,'Tony Howe',NULL),
(70,NULL,6,75,'Prof. Johnny Kirlin',NULL),
(71,NULL,7,80,'Burdette Stamm',NULL),
(72,NULL,8,85,'Camron Heller Sr.',NULL),
(73,NULL,9,90,'Mr. Shayne Zemlak',NULL),
(74,NULL,10,95,'Mrs. Elizabeth Cartwright',NULL),
(75,NULL,11,100,'Prof. Simone Kirlin Jr.',NULL),
(76,NULL,12,105,'Nicklaus Durgan',NULL);
/*!40000 ALTER TABLE `notes_note_book` ENABLE KEYS */;
UNLOCK TABLES;

--
-- Table structure for table `notes_note_custom_fields`
--

DROP TABLE IF EXISTS `notes_note_custom_fields`;
/*!40101 SET @saved_cs_client     = @@character_set_client */;
/*!40101 SET character_set_client = utf8 */;
CREATE TABLE `notes_note_custom_fields` (
  `id` int(11) NOT NULL,
  PRIMARY KEY (`id`),
  CONSTRAINT `notes_note_custom_fields_ibfk_1` FOREIGN KEY (`id`) REFERENCES `notes_note` (`id`) ON DELETE CASCADE
) ENGINE=InnoDB DEFAULT CHARSET=utf8mb4 COLLATE=utf8mb4_unicode_ci;
/*!40101 SET character_set_client = @saved_cs_client */;

--
-- Dumping data for table `notes_note_custom_fields`
--

LOCK TABLES `notes_note_custom_fields` WRITE;
/*!40000 ALTER TABLE `notes_note_custom_fields` DISABLE KEYS */;
/*!40000 ALTER TABLE `notes_note_custom_fields` ENABLE KEYS */;
UNLOCK TABLES;

--
-- Table structure for table `notes_note_image`
--

DROP TABLE IF EXISTS `notes_note_image`;
/*!40101 SET @saved_cs_client     = @@character_set_client */;
/*!40101 SET character_set_client = utf8 */;
CREATE TABLE `notes_note_image` (
  `noteId` int(11) NOT NULL,
  `blobId` binary(40) NOT NULL,
  PRIMARY KEY (`noteId`,`blobId`),
  KEY `blobId` (`blobId`),
  CONSTRAINT `notes_note_image_ibfk_1` FOREIGN KEY (`blobId`) REFERENCES `core_blob` (`id`),
  CONSTRAINT `notes_note_image_ibfk_2` FOREIGN KEY (`noteId`) REFERENCES `notes_note` (`id`) ON DELETE CASCADE
) ENGINE=InnoDB DEFAULT CHARSET=utf8mb4 COLLATE=utf8mb4_unicode_ci;
/*!40101 SET character_set_client = @saved_cs_client */;

--
-- Dumping data for table `notes_note_image`
--

LOCK TABLES `notes_note_image` WRITE;
/*!40000 ALTER TABLE `notes_note_image` DISABLE KEYS */;
/*!40000 ALTER TABLE `notes_note_image` ENABLE KEYS */;
UNLOCK TABLES;

--
-- Table structure for table `notes_user_settings`
--

DROP TABLE IF EXISTS `notes_user_settings`;
/*!40101 SET @saved_cs_client     = @@character_set_client */;
/*!40101 SET character_set_client = utf8 */;
CREATE TABLE `notes_user_settings` (
  `userId` int(11) NOT NULL,
  `defaultNoteBookId` int(11) DEFAULT NULL,
  `rememberLastItems` tinyint(1) DEFAULT 0,
  `lastNoteBookIds` varchar(255) DEFAULT '',
  PRIMARY KEY (`userId`),
  KEY `defaultNoteBookId` (`defaultNoteBookId`),
  CONSTRAINT `notes_user_settings_ibfk_1` FOREIGN KEY (`defaultNoteBookId`) REFERENCES `notes_note_book` (`id`) ON DELETE CASCADE,
  CONSTRAINT `notes_user_settings_ibfk_2` FOREIGN KEY (`userId`) REFERENCES `core_user` (`id`) ON DELETE CASCADE
) ENGINE=InnoDB DEFAULT CHARSET=utf8mb4 COLLATE=utf8mb4_unicode_ci;
/*!40101 SET character_set_client = @saved_cs_client */;

--
-- Dumping data for table `notes_user_settings`
--

LOCK TABLES `notes_user_settings` WRITE;
/*!40000 ALTER TABLE `notes_user_settings` DISABLE KEYS */;
INSERT INTO `notes_user_settings` VALUES
(1,65,1,''),
(2,66,1,''),
(3,67,1,''),
(4,68,1,''),
(5,69,1,''),
(6,70,1,''),
(7,71,1,''),
(8,72,1,''),
(9,73,1,''),
(10,74,1,''),
(11,75,1,''),
(12,76,1,'');
/*!40000 ALTER TABLE `notes_user_settings` ENABLE KEYS */;
UNLOCK TABLES;

--
-- Table structure for table `otp_secret`
--

DROP TABLE IF EXISTS `otp_secret`;
/*!40101 SET @saved_cs_client     = @@character_set_client */;
/*!40101 SET character_set_client = utf8 */;
CREATE TABLE `otp_secret` (
  `userId` int(11) NOT NULL,
  `secret` varchar(16) NOT NULL,
  `createdAt` datetime NOT NULL,
  `verified` tinyint(1) NOT NULL DEFAULT 0,
  PRIMARY KEY (`userId`),
  KEY `user` (`userId`),
  CONSTRAINT `otp_secret_user` FOREIGN KEY (`userId`) REFERENCES `core_user` (`id`) ON DELETE CASCADE ON UPDATE NO ACTION
) ENGINE=InnoDB DEFAULT CHARSET=utf8mb4 COLLATE=utf8mb4_unicode_ci;
/*!40101 SET character_set_client = @saved_cs_client */;

--
-- Dumping data for table `otp_secret`
--

LOCK TABLES `otp_secret` WRITE;
/*!40000 ALTER TABLE `otp_secret` DISABLE KEYS */;
/*!40000 ALTER TABLE `otp_secret` ENABLE KEYS */;
UNLOCK TABLES;

--
-- Table structure for table `pa_aliases`
--

DROP TABLE IF EXISTS `pa_aliases`;
/*!40101 SET @saved_cs_client     = @@character_set_client */;
/*!40101 SET character_set_client = utf8 */;
CREATE TABLE `pa_aliases` (
  `id` int(11) NOT NULL AUTO_INCREMENT,
  `domain_id` int(11) NOT NULL,
  `address` varchar(190) DEFAULT NULL,
  `goto` text DEFAULT NULL,
  `ctime` int(11) NOT NULL DEFAULT 0,
  `mtime` int(11) NOT NULL DEFAULT 0,
  `active` enum('0','1') NOT NULL DEFAULT '1',
  PRIMARY KEY (`id`),
  UNIQUE KEY `address` (`address`),
  KEY `domain_id` (`domain_id`)
) ENGINE=InnoDB AUTO_INCREMENT=2 DEFAULT CHARSET=utf8mb4 COLLATE=utf8mb4_uca1400_ai_ci COMMENT='Postfix Admin - Virtual Aliases';
/*!40101 SET character_set_client = @saved_cs_client */;

--
-- Dumping data for table `pa_aliases`
--

LOCK TABLES `pa_aliases` WRITE;
/*!40000 ALTER TABLE `pa_aliases` DISABLE KEYS */;
INSERT INTO `pa_aliases` VALUES
(1,1,'test@intermesh.nl','test@intermesh.nl',1743431493,1743431493,'0');
/*!40000 ALTER TABLE `pa_aliases` ENABLE KEYS */;
UNLOCK TABLES;

--
-- Table structure for table `pa_domains`
--

DROP TABLE IF EXISTS `pa_domains`;
/*!40101 SET @saved_cs_client     = @@character_set_client */;
/*!40101 SET character_set_client = utf8 */;
CREATE TABLE `pa_domains` (
  `id` int(11) NOT NULL AUTO_INCREMENT,
  `user_id` int(11) NOT NULL,
  `domain` varchar(190) DEFAULT NULL,
  `description` varchar(255) DEFAULT NULL,
  `max_aliases` int(10) NOT NULL DEFAULT 0,
  `max_mailboxes` int(10) NOT NULL DEFAULT 0,
  `total_quota` bigint(20) NOT NULL DEFAULT 0,
  `default_quota` bigint(20) NOT NULL DEFAULT 0,
  `transport` varchar(255) CHARACTER SET utf8mb4 COLLATE utf8mb4_unicode_ci NOT NULL DEFAULT 'virtual',
  `backupmx` tinyint(1) NOT NULL DEFAULT 0,
  `ctime` int(11) NOT NULL DEFAULT 0,
  `mtime` int(11) NOT NULL DEFAULT 0,
  `active` tinyint(1) NOT NULL DEFAULT 1,
  `acl_id` int(11) NOT NULL,
  PRIMARY KEY (`id`),
  UNIQUE KEY `domain` (`domain`)
) ENGINE=InnoDB AUTO_INCREMENT=2 DEFAULT CHARSET=utf8mb4 COLLATE=utf8mb4_uca1400_ai_ci COMMENT='Postfix Admin - Virtual Domains';
/*!40101 SET character_set_client = @saved_cs_client */;

--
-- Dumping data for table `pa_domains`
--

LOCK TABLES `pa_domains` WRITE;
/*!40000 ALTER TABLE `pa_domains` DISABLE KEYS */;
INSERT INTO `pa_domains` VALUES
(1,1,'intermesh.nl','',0,0,10485760,524288,'virtual',0,1743430901,1743431509,1,125);
/*!40000 ALTER TABLE `pa_domains` ENABLE KEYS */;
UNLOCK TABLES;

--
-- Table structure for table `pa_mailboxes`
--

DROP TABLE IF EXISTS `pa_mailboxes`;
/*!40101 SET @saved_cs_client     = @@character_set_client */;
/*!40101 SET character_set_client = utf8 */;
CREATE TABLE `pa_mailboxes` (
  `id` int(11) NOT NULL AUTO_INCREMENT,
  `domain_id` int(11) NOT NULL,
  `go_installation_id` varchar(50) DEFAULT NULL,
  `username` varchar(190) NOT NULL DEFAULT '',
  `password` varchar(255) NOT NULL DEFAULT '',
  `smtpAllowed` tinyint(1) NOT NULL DEFAULT 0,
  `fts` tinyint(1) NOT NULL DEFAULT 0,
  `name` varchar(255) NOT NULL DEFAULT '',
  `maildir` varchar(255) DEFAULT NULL,
  `homedir` varchar(255) DEFAULT NULL,
  `quota` bigint(20) NOT NULL DEFAULT 0,
  `ctime` int(11) NOT NULL,
  `mtime` int(11) NOT NULL,
  `active` tinyint(1) NOT NULL DEFAULT 1,
  `usage` int(11) NOT NULL DEFAULT 0,
  PRIMARY KEY (`id`),
  UNIQUE KEY `username` (`username`),
  KEY `go_installation_id` (`go_installation_id`)
) ENGINE=InnoDB AUTO_INCREMENT=3 DEFAULT CHARSET=utf8mb4 COLLATE=utf8mb4_uca1400_ai_ci COMMENT='Postfix Admin - Virtual Mailboxes';
/*!40101 SET character_set_client = @saved_cs_client */;

--
-- Dumping data for table `pa_mailboxes`
--

LOCK TABLES `pa_mailboxes` WRITE;
/*!40000 ALTER TABLE `pa_mailboxes` DISABLE KEYS */;
INSERT INTO `pa_mailboxes` VALUES
(1,1,NULL,'admin@intermesh.nl','$5$rounds=5000$zojpp9hvgB5sYIJR$2uifCnDqe5xqz5WwNDJTZbkggEwr0jk6ChSSbhDKlq8',0,0,'System administrator','intermesh.nl/admin/Maildir/','intermesh.nl/admin/',1048576,1743430901,1743431507,1,0),
(2,1,NULL,'test@intermesh.nl','$5$rounds=5000$EOoZ0mKmOtcHis5b$pn9ijlE.yl7tQJdPfXYF6Ce.pkL5q.P77n7HHnGOGYD',0,0,'Test','intermesh.nl/test/Maildir/','intermesh.nl/test/',524288,1743431497,1743431497,1,0);
/*!40000 ALTER TABLE `pa_mailboxes` ENABLE KEYS */;
UNLOCK TABLES;

--
-- Table structure for table `su_announcements`
--

DROP TABLE IF EXISTS `su_announcements`;
/*!40101 SET @saved_cs_client     = @@character_set_client */;
/*!40101 SET character_set_client = utf8 */;
CREATE TABLE `su_announcements` (
  `id` int(11) NOT NULL AUTO_INCREMENT,
  `user_id` int(11) NOT NULL DEFAULT 0,
  `acl_id` int(11) NOT NULL,
  `due_time` int(11) NOT NULL DEFAULT 0,
  `ctime` int(11) NOT NULL DEFAULT 0,
  `mtime` int(11) NOT NULL DEFAULT 0,
  `title` varchar(50) DEFAULT NULL,
  `content` text DEFAULT NULL,
  PRIMARY KEY (`id`),
  KEY `due_time` (`due_time`)
) ENGINE=InnoDB DEFAULT CHARSET=utf8mb4 COLLATE=utf8mb4_unicode_ci;
/*!40101 SET character_set_client = @saved_cs_client */;

--
-- Dumping data for table `su_announcements`
--

LOCK TABLES `su_announcements` WRITE;
/*!40000 ALTER TABLE `su_announcements` DISABLE KEYS */;
/*!40000 ALTER TABLE `su_announcements` ENABLE KEYS */;
UNLOCK TABLES;

--
-- Table structure for table `su_latest_read_announcement_records`
--

DROP TABLE IF EXISTS `su_latest_read_announcement_records`;
/*!40101 SET @saved_cs_client     = @@character_set_client */;
/*!40101 SET character_set_client = utf8 */;
CREATE TABLE `su_latest_read_announcement_records` (
  `user_id` int(11) NOT NULL,
  `announcement_id` int(11) DEFAULT NULL,
  `announcement_ctime` int(11) NOT NULL DEFAULT 0,
  PRIMARY KEY (`user_id`),
  KEY `su_latest_read_announcement_records_su_announcements_id_fk` (`announcement_id`),
  CONSTRAINT `su_latest_read_announcement_records_core_user_id_fk` FOREIGN KEY (`user_id`) REFERENCES `core_user` (`id`) ON DELETE CASCADE,
  CONSTRAINT `su_latest_read_announcement_records_su_announcements_id_fk` FOREIGN KEY (`announcement_id`) REFERENCES `su_announcements` (`id`) ON DELETE CASCADE
) ENGINE=InnoDB DEFAULT CHARSET=utf8mb4 COLLATE=utf8mb4_unicode_ci;
/*!40101 SET character_set_client = @saved_cs_client */;

--
-- Dumping data for table `su_latest_read_announcement_records`
--

LOCK TABLES `su_latest_read_announcement_records` WRITE;
/*!40000 ALTER TABLE `su_latest_read_announcement_records` DISABLE KEYS */;
INSERT INTO `su_latest_read_announcement_records` VALUES
(1,NULL,0);
/*!40000 ALTER TABLE `su_latest_read_announcement_records` ENABLE KEYS */;
UNLOCK TABLES;

--
-- Table structure for table `su_notes`
--

DROP TABLE IF EXISTS `su_notes`;
/*!40101 SET @saved_cs_client     = @@character_set_client */;
/*!40101 SET character_set_client = utf8 */;
CREATE TABLE `su_notes` (
  `user_id` int(11) NOT NULL,
  `text` text DEFAULT NULL,
  PRIMARY KEY (`user_id`),
  CONSTRAINT `su_notes_core_user_id_fk` FOREIGN KEY (`user_id`) REFERENCES `core_user` (`id`) ON DELETE CASCADE
) ENGINE=InnoDB DEFAULT CHARSET=utf8mb4 COLLATE=utf8mb4_unicode_ci;
/*!40101 SET character_set_client = @saved_cs_client */;

--
-- Dumping data for table `su_notes`
--

LOCK TABLES `su_notes` WRITE;
/*!40000 ALTER TABLE `su_notes` DISABLE KEYS */;
INSERT INTO `su_notes` VALUES
(1,NULL);
/*!40000 ALTER TABLE `su_notes` ENABLE KEYS */;
UNLOCK TABLES;

--
-- Table structure for table `su_rss_feeds`
--

DROP TABLE IF EXISTS `su_rss_feeds`;
/*!40101 SET @saved_cs_client     = @@character_set_client */;
/*!40101 SET character_set_client = utf8 */;
CREATE TABLE `su_rss_feeds` (
  `id` int(11) NOT NULL AUTO_INCREMENT,
  `user_id` int(11) NOT NULL,
  `title` varchar(255) NOT NULL,
  `url` varchar(512) DEFAULT NULL,
  `summary` tinyint(1) NOT NULL DEFAULT 0,
  PRIMARY KEY (`id`),
  KEY `su_rss_feeds_core_user_id_fk` (`user_id`),
  CONSTRAINT `su_rss_feeds_core_user_id_fk` FOREIGN KEY (`user_id`) REFERENCES `core_user` (`id`) ON DELETE CASCADE
) ENGINE=InnoDB DEFAULT CHARSET=utf8mb4 COLLATE=utf8mb4_unicode_ci;
/*!40101 SET character_set_client = @saved_cs_client */;

--
-- Dumping data for table `su_rss_feeds`
--

LOCK TABLES `su_rss_feeds` WRITE;
/*!40000 ALTER TABLE `su_rss_feeds` DISABLE KEYS */;
/*!40000 ALTER TABLE `su_rss_feeds` ENABLE KEYS */;
UNLOCK TABLES;

--
-- Table structure for table `su_visible_calendars`
--

DROP TABLE IF EXISTS `su_visible_calendars`;
/*!40101 SET @saved_cs_client     = @@character_set_client */;
/*!40101 SET character_set_client = utf8 */;
CREATE TABLE `su_visible_calendars` (
  `user_id` int(11) NOT NULL,
  `calendar_id` int(11) NOT NULL,
  PRIMARY KEY (`user_id`,`calendar_id`),
  CONSTRAINT `su_visible_calendars_core_user_id_fk` FOREIGN KEY (`user_id`) REFERENCES `core_user` (`id`) ON DELETE CASCADE
) ENGINE=InnoDB DEFAULT CHARSET=utf8mb4 COLLATE=utf8mb4_unicode_ci;
/*!40101 SET character_set_client = @saved_cs_client */;

--
-- Dumping data for table `su_visible_calendars`
--

LOCK TABLES `su_visible_calendars` WRITE;
/*!40000 ALTER TABLE `su_visible_calendars` DISABLE KEYS */;
INSERT INTO `su_visible_calendars` VALUES
(1,1),
(2,2),
(3,3),
(4,4),
(5,5),
(6,6),
(7,7),
(8,8),
(9,9),
(10,10),
(11,11),
(12,12);
/*!40000 ALTER TABLE `su_visible_calendars` ENABLE KEYS */;
UNLOCK TABLES;

--
-- Table structure for table `su_visible_lists`
--

DROP TABLE IF EXISTS `su_visible_lists`;
/*!40101 SET @saved_cs_client     = @@character_set_client */;
/*!40101 SET character_set_client = utf8 */;
CREATE TABLE `su_visible_lists` (
  `user_id` int(11) NOT NULL,
  `tasklist_id` int(11) NOT NULL,
  PRIMARY KEY (`user_id`,`tasklist_id`),
  CONSTRAINT `su_visible_lists_core_user_id_fk` FOREIGN KEY (`user_id`) REFERENCES `core_user` (`id`) ON DELETE CASCADE
) ENGINE=InnoDB DEFAULT CHARSET=utf8mb4 COLLATE=utf8mb4_unicode_ci;
/*!40101 SET character_set_client = @saved_cs_client */;

--
-- Dumping data for table `su_visible_lists`
--

LOCK TABLES `su_visible_lists` WRITE;
/*!40000 ALTER TABLE `su_visible_lists` DISABLE KEYS */;
/*!40000 ALTER TABLE `su_visible_lists` ENABLE KEYS */;
UNLOCK TABLES;

--
-- Table structure for table `sync_addressbook_user`
--

DROP TABLE IF EXISTS `sync_addressbook_user`;
/*!40101 SET @saved_cs_client     = @@character_set_client */;
/*!40101 SET character_set_client = utf8 */;
CREATE TABLE `sync_addressbook_user` (
  `addressBookId` int(11) NOT NULL,
  `userId` int(11) NOT NULL,
  `isDefault` tinyint(1) NOT NULL DEFAULT 0,
  PRIMARY KEY (`addressBookId`,`userId`),
  KEY `userId` (`userId`),
  CONSTRAINT `sync_addressbook_user_ibfk_1` FOREIGN KEY (`addressBookId`) REFERENCES `addressbook_addressbook` (`id`) ON DELETE CASCADE,
  CONSTRAINT `sync_addressbook_user_ibfk_2` FOREIGN KEY (`userId`) REFERENCES `core_user` (`id`) ON DELETE CASCADE
) ENGINE=InnoDB DEFAULT CHARSET=utf8mb4 COLLATE=utf8mb4_uca1400_ai_ci;
/*!40101 SET character_set_client = @saved_cs_client */;

--
-- Dumping data for table `sync_addressbook_user`
--

LOCK TABLES `sync_addressbook_user` WRITE;
/*!40000 ALTER TABLE `sync_addressbook_user` DISABLE KEYS */;
INSERT INTO `sync_addressbook_user` VALUES
(1,1,1),
(3,2,1),
(4,3,1),
(5,4,1),
(6,5,1),
(7,6,1),
(8,7,1),
(9,8,1),
(10,9,1),
(11,10,1),
(12,11,1),
(13,12,1);
/*!40000 ALTER TABLE `sync_addressbook_user` ENABLE KEYS */;
UNLOCK TABLES;

--
-- Table structure for table `sync_calendar_user`
--

DROP TABLE IF EXISTS `sync_calendar_user`;
/*!40101 SET @saved_cs_client     = @@character_set_client */;
/*!40101 SET character_set_client = utf8 */;
CREATE TABLE `sync_calendar_user` (
  `calendar_id` int(11) NOT NULL AUTO_INCREMENT,
  `user_id` int(11) NOT NULL DEFAULT 0,
  `default_calendar` tinyint(1) NOT NULL DEFAULT 0,
  PRIMARY KEY (`calendar_id`,`user_id`),
  KEY `user_id` (`user_id`)
) ENGINE=InnoDB DEFAULT CHARSET=utf8mb4 COLLATE=utf8mb4_unicode_ci;
/*!40101 SET character_set_client = @saved_cs_client */;

--
-- Dumping data for table `sync_calendar_user`
--

LOCK TABLES `sync_calendar_user` WRITE;
/*!40000 ALTER TABLE `sync_calendar_user` DISABLE KEYS */;
/*!40000 ALTER TABLE `sync_calendar_user` ENABLE KEYS */;
UNLOCK TABLES;

--
-- Table structure for table `sync_devices`
--

DROP TABLE IF EXISTS `sync_devices`;
/*!40101 SET @saved_cs_client     = @@character_set_client */;
/*!40101 SET character_set_client = utf8 */;
CREATE TABLE `sync_devices` (
  `id` int(11) NOT NULL DEFAULT 0,
  `manufacturer` varchar(50) DEFAULT NULL,
  `model` varchar(50) DEFAULT NULL,
  `software_version` varchar(50) DEFAULT NULL,
  `user_id` int(11) NOT NULL DEFAULT 0,
  `uri` varchar(128) DEFAULT NULL,
  `UTC` enum('0','1') NOT NULL,
  `vcalendar_version` varchar(4) NOT NULL,
  PRIMARY KEY (`id`)
) ENGINE=InnoDB DEFAULT CHARSET=utf8mb4 COLLATE=utf8mb4_unicode_ci;
/*!40101 SET character_set_client = @saved_cs_client */;

--
-- Dumping data for table `sync_devices`
--

LOCK TABLES `sync_devices` WRITE;
/*!40000 ALTER TABLE `sync_devices` DISABLE KEYS */;
/*!40000 ALTER TABLE `sync_devices` ENABLE KEYS */;
UNLOCK TABLES;

--
-- Table structure for table `sync_note_categories_user`
--

DROP TABLE IF EXISTS `sync_note_categories_user`;
/*!40101 SET @saved_cs_client     = @@character_set_client */;
/*!40101 SET character_set_client = utf8 */;
CREATE TABLE `sync_note_categories_user` (
  `category_id` int(11) NOT NULL AUTO_INCREMENT,
  `user_id` int(11) NOT NULL DEFAULT 0,
  `default_category` tinyint(1) NOT NULL DEFAULT 0,
  PRIMARY KEY (`category_id`,`user_id`),
  KEY `user_id` (`user_id`)
) ENGINE=InnoDB DEFAULT CHARSET=utf8mb4 COLLATE=utf8mb4_unicode_ci;
/*!40101 SET character_set_client = @saved_cs_client */;

--
-- Dumping data for table `sync_note_categories_user`
--

LOCK TABLES `sync_note_categories_user` WRITE;
/*!40000 ALTER TABLE `sync_note_categories_user` DISABLE KEYS */;
/*!40000 ALTER TABLE `sync_note_categories_user` ENABLE KEYS */;
UNLOCK TABLES;

--
-- Table structure for table `sync_settings`
--

DROP TABLE IF EXISTS `sync_settings`;
/*!40101 SET @saved_cs_client     = @@character_set_client */;
/*!40101 SET character_set_client = utf8 */;
CREATE TABLE `sync_settings` (
  `user_id` int(11) NOT NULL DEFAULT 0,
  `addressbook_id` int(11) NOT NULL DEFAULT 0,
  `calendar_id` int(11) NOT NULL DEFAULT 0,
  `tasklist_id` int(11) NOT NULL DEFAULT 0,
  `note_category_id` int(11) NOT NULL DEFAULT 0,
  `account_id` int(11) NOT NULL DEFAULT 0,
  `server_is_master` tinyint(1) NOT NULL DEFAULT 1,
  `max_days_old` tinyint(4) NOT NULL DEFAULT 0,
  `delete_old_events` tinyint(1) NOT NULL DEFAULT 1,
  `allowDeletes` tinyint(1) DEFAULT 0,
  PRIMARY KEY (`user_id`)
) ENGINE=InnoDB DEFAULT CHARSET=utf8mb4 COLLATE=utf8mb4_unicode_ci;
/*!40101 SET character_set_client = @saved_cs_client */;

--
-- Dumping data for table `sync_settings`
--

LOCK TABLES `sync_settings` WRITE;
/*!40000 ALTER TABLE `sync_settings` DISABLE KEYS */;
INSERT INTO `sync_settings` VALUES
(1,0,0,0,0,0,1,0,1,1),
(2,0,0,0,0,0,1,0,1,1),
(3,0,0,0,0,0,1,0,1,1),
(4,0,0,0,0,0,1,0,1,1),
(5,0,0,0,0,0,1,0,1,1),
(6,0,0,0,0,0,1,0,1,1),
(7,0,0,0,0,0,1,0,1,1),
(8,0,0,0,0,0,1,0,1,1),
(9,0,0,0,0,0,1,0,1,1),
(10,0,0,0,0,0,1,0,1,1),
(11,0,0,0,0,0,1,0,1,1),
(12,0,0,0,0,0,1,0,1,1);
/*!40000 ALTER TABLE `sync_settings` ENABLE KEYS */;
UNLOCK TABLES;

--
-- Table structure for table `sync_tasklist_user`
--

DROP TABLE IF EXISTS `sync_tasklist_user`;
/*!40101 SET @saved_cs_client     = @@character_set_client */;
/*!40101 SET character_set_client = utf8 */;
CREATE TABLE `sync_tasklist_user` (
  `tasklistId` int(11) unsigned NOT NULL AUTO_INCREMENT,
  `userId` int(11) NOT NULL DEFAULT 0,
  `isDefault` tinyint(1) NOT NULL DEFAULT 0,
  PRIMARY KEY (`tasklistId`,`userId`),
  KEY `userId` (`userId`),
  CONSTRAINT `sync_tasklist_user_core_user_id_fk` FOREIGN KEY (`userId`) REFERENCES `core_user` (`id`) ON DELETE CASCADE,
  CONSTRAINT `sync_tasklist_user_tasks_tasklist_id_fk` FOREIGN KEY (`tasklistId`) REFERENCES `tasks_tasklist` (`id`) ON DELETE CASCADE
) ENGINE=InnoDB AUTO_INCREMENT=13 DEFAULT CHARSET=utf8mb4 COLLATE=utf8mb4_unicode_ci;
/*!40101 SET character_set_client = @saved_cs_client */;

--
-- Dumping data for table `sync_tasklist_user`
--

LOCK TABLES `sync_tasklist_user` WRITE;
/*!40000 ALTER TABLE `sync_tasklist_user` DISABLE KEYS */;
INSERT INTO `sync_tasklist_user` VALUES
(1,1,1),
(2,2,1),
(3,3,1),
(4,4,1),
(5,5,1),
(6,6,1),
(7,7,1),
(8,8,1),
(9,9,1),
(10,10,1),
(11,11,1),
(12,12,1);
/*!40000 ALTER TABLE `sync_tasklist_user` ENABLE KEYS */;
UNLOCK TABLES;

--
-- Table structure for table `sync_user_note_book`
--

DROP TABLE IF EXISTS `sync_user_note_book`;
/*!40101 SET @saved_cs_client     = @@character_set_client */;
/*!40101 SET character_set_client = utf8 */;
CREATE TABLE `sync_user_note_book` (
  `noteBookId` int(11) NOT NULL,
  `userId` int(11) NOT NULL,
  `isDefault` tinyint(1) NOT NULL DEFAULT 0,
  PRIMARY KEY (`noteBookId`,`userId`),
  KEY `user` (`userId`),
  CONSTRAINT `sync_user_note_book_user` FOREIGN KEY (`userId`) REFERENCES `core_user` (`id`) ON DELETE CASCADE
) ENGINE=InnoDB DEFAULT CHARSET=utf8mb4 COLLATE=utf8mb4_unicode_ci;
/*!40101 SET character_set_client = @saved_cs_client */;

--
-- Dumping data for table `sync_user_note_book`
--

LOCK TABLES `sync_user_note_book` WRITE;
/*!40000 ALTER TABLE `sync_user_note_book` DISABLE KEYS */;
INSERT INTO `sync_user_note_book` VALUES
(65,1,1),
(66,2,1),
(67,3,1),
(68,4,1),
(69,5,1),
(70,6,1),
(71,7,1),
(72,8,1),
(73,9,1),
(74,10,1),
(75,11,1),
(76,12,1);
/*!40000 ALTER TABLE `sync_user_note_book` ENABLE KEYS */;
UNLOCK TABLES;

--
-- Table structure for table `tasks_alert`
--

DROP TABLE IF EXISTS `tasks_alert`;
/*!40101 SET @saved_cs_client     = @@character_set_client */;
/*!40101 SET character_set_client = utf8 */;
CREATE TABLE `tasks_alert` (
  `id` int(11) unsigned NOT NULL AUTO_INCREMENT,
  `when` datetime NOT NULL,
  `acknowledged` datetime DEFAULT NULL,
  `relatedTo` text DEFAULT NULL,
  `action` smallint(2) NOT NULL DEFAULT 1,
  `offset` varchar(45) DEFAULT NULL,
  `relativeTo` varchar(5) DEFAULT 'start',
  `taskId` int(11) unsigned NOT NULL,
  `userId` int(11) NOT NULL,
  PRIMARY KEY (`id`,`taskId`,`userId`),
  KEY `fk_tasks_alert_tasks_task_user1_idx` (`taskId`,`userId`),
  CONSTRAINT `fk_tasks_alert_tasks_task_user1` FOREIGN KEY (`taskId`, `userId`) REFERENCES `tasks_task_user` (`taskId`, `userId`) ON DELETE CASCADE ON UPDATE NO ACTION
) ENGINE=InnoDB DEFAULT CHARSET=utf8mb4 COLLATE=utf8mb4_unicode_ci;
/*!40101 SET character_set_client = @saved_cs_client */;

--
-- Dumping data for table `tasks_alert`
--

LOCK TABLES `tasks_alert` WRITE;
/*!40000 ALTER TABLE `tasks_alert` DISABLE KEYS */;
/*!40000 ALTER TABLE `tasks_alert` ENABLE KEYS */;
UNLOCK TABLES;

--
-- Table structure for table `tasks_category`
--

DROP TABLE IF EXISTS `tasks_category`;
/*!40101 SET @saved_cs_client     = @@character_set_client */;
/*!40101 SET character_set_client = utf8 */;
CREATE TABLE `tasks_category` (
  `id` int(11) unsigned NOT NULL AUTO_INCREMENT,
  `name` varchar(255) NOT NULL,
  `ownerId` int(11) DEFAULT NULL,
  `tasklistId` int(11) unsigned DEFAULT NULL,
  PRIMARY KEY (`id`),
  KEY `user_id` (`ownerId`),
  KEY `tasks_category_tasklist_ibfk_9` (`tasklistId`),
  CONSTRAINT `tasks_category_ibfk_1` FOREIGN KEY (`ownerId`) REFERENCES `core_user` (`id`) ON DELETE CASCADE,
  CONSTRAINT `tasks_category_tasklist_ibfk_9` FOREIGN KEY (`tasklistId`) REFERENCES `tasks_tasklist` (`id`) ON DELETE CASCADE
) ENGINE=InnoDB DEFAULT CHARSET=utf8mb4 COLLATE=utf8mb4_unicode_ci;
/*!40101 SET character_set_client = @saved_cs_client */;

--
-- Dumping data for table `tasks_category`
--

LOCK TABLES `tasks_category` WRITE;
/*!40000 ALTER TABLE `tasks_category` DISABLE KEYS */;
/*!40000 ALTER TABLE `tasks_category` ENABLE KEYS */;
UNLOCK TABLES;

--
-- Table structure for table `tasks_default_alert`
--

DROP TABLE IF EXISTS `tasks_default_alert`;
/*!40101 SET @saved_cs_client     = @@character_set_client */;
/*!40101 SET character_set_client = utf8 */;
CREATE TABLE `tasks_default_alert` (
  `id` int(11) unsigned NOT NULL AUTO_INCREMENT,
  `when` datetime NOT NULL,
  `relatedTo` text DEFAULT NULL,
  `action` smallint(2) NOT NULL DEFAULT 1,
  `offset` varchar(45) DEFAULT NULL,
  `relativeTo` varchar(5) DEFAULT 'start',
  `withTime` tinyint(1) NOT NULL DEFAULT 1,
  `tasklistId` int(11) unsigned NOT NULL,
  PRIMARY KEY (`id`,`tasklistId`),
  KEY `fk_tasks_default_alert_tasks_tasklist1_idx` (`tasklistId`),
  CONSTRAINT `fk_tasks_default_alert_tasks_tasklist1` FOREIGN KEY (`tasklistId`) REFERENCES `tasks_tasklist` (`id`) ON DELETE CASCADE ON UPDATE NO ACTION
) ENGINE=InnoDB DEFAULT CHARSET=utf8mb4 COLLATE=utf8mb4_unicode_ci;
/*!40101 SET character_set_client = @saved_cs_client */;

--
-- Dumping data for table `tasks_default_alert`
--

LOCK TABLES `tasks_default_alert` WRITE;
/*!40000 ALTER TABLE `tasks_default_alert` DISABLE KEYS */;
/*!40000 ALTER TABLE `tasks_default_alert` ENABLE KEYS */;
UNLOCK TABLES;

--
-- Table structure for table `tasks_portlet_tasklist`
--

DROP TABLE IF EXISTS `tasks_portlet_tasklist`;
/*!40101 SET @saved_cs_client     = @@character_set_client */;
/*!40101 SET character_set_client = utf8 */;
CREATE TABLE `tasks_portlet_tasklist` (
  `userId` int(11) NOT NULL,
  `tasklistId` int(11) unsigned NOT NULL,
  PRIMARY KEY (`userId`,`tasklistId`),
  KEY `tasklistId` (`tasklistId`),
  CONSTRAINT `tasks_portlet_tasklist_ibfk_1` FOREIGN KEY (`userId`) REFERENCES `core_user` (`id`) ON DELETE CASCADE,
  CONSTRAINT `tasks_portlet_tasklist_ibfk_2` FOREIGN KEY (`tasklistId`) REFERENCES `tasks_tasklist` (`id`) ON DELETE CASCADE
) ENGINE=InnoDB DEFAULT CHARSET=utf8mb4 COLLATE=utf8mb4_unicode_ci;
/*!40101 SET character_set_client = @saved_cs_client */;

--
-- Dumping data for table `tasks_portlet_tasklist`
--

LOCK TABLES `tasks_portlet_tasklist` WRITE;
/*!40000 ALTER TABLE `tasks_portlet_tasklist` DISABLE KEYS */;
/*!40000 ALTER TABLE `tasks_portlet_tasklist` ENABLE KEYS */;
UNLOCK TABLES;

--
-- Table structure for table `tasks_task`
--

DROP TABLE IF EXISTS `tasks_task`;
/*!40101 SET @saved_cs_client     = @@character_set_client */;
/*!40101 SET character_set_client = utf8 */;
CREATE TABLE `tasks_task` (
  `id` int(11) unsigned NOT NULL AUTO_INCREMENT,
  `uid` varchar(190) CHARACTER SET ascii COLLATE ascii_bin NOT NULL DEFAULT '',
  `tasklistId` int(11) unsigned NOT NULL,
  `groupId` int(10) unsigned DEFAULT NULL,
  `responsibleUserId` int(11) DEFAULT NULL,
  `createdBy` int(11) DEFAULT NULL,
  `createdAt` datetime NOT NULL,
  `modifiedAt` datetime NOT NULL,
  `modifiedBy` int(11) DEFAULT NULL,
  `filesFolderId` int(11) DEFAULT NULL,
  `due` date DEFAULT NULL,
  `start` date DEFAULT NULL,
  `estimatedDuration` int(11) DEFAULT NULL COMMENT 'Duration in seconds',
  `progress` tinyint(2) NOT NULL DEFAULT 1,
  `progressUpdated` datetime DEFAULT NULL,
  `title` varchar(255) NOT NULL,
  `description` text DEFAULT NULL,
  `color` char(6) DEFAULT NULL,
  `recurrenceRule` varchar(400) DEFAULT NULL,
  `priority` int(11) NOT NULL DEFAULT 1,
  `freeBusyStatus` char(4) DEFAULT 'busy',
  `privacy` varchar(7) DEFAULT 'public',
  `percentComplete` tinyint(4) NOT NULL DEFAULT 0,
  `uri` varchar(190) CHARACTER SET ascii COLLATE ascii_bin DEFAULT NULL,
  `vcalendarBlobId` binary(40) DEFAULT NULL,
  `latitude` decimal(10,8) DEFAULT NULL,
  `longitude` decimal(11,8) DEFAULT NULL,
  PRIMARY KEY (`id`),
  KEY `list_id` (`tasklistId`),
  KEY `groupId` (`groupId`),
  KEY `rrule` (`recurrenceRule`(191)),
  KEY `uuid` (`uid`),
  KEY `fkModifiedBy` (`modifiedBy`),
  KEY `createdBy` (`createdBy`),
  KEY `filesFolderId` (`filesFolderId`),
  KEY `tasks_task_groupId_idx` (`groupId`),
  KEY `tasks_vcalendar_blob_idx` (`vcalendarBlobId`),
  KEY `tasks_task_core_user_id_fk` (`responsibleUserId`),
  KEY `tasks_task_progress_index` (`progress`),
  CONSTRAINT `tasks_task_core_user_id_fk` FOREIGN KEY (`responsibleUserId`) REFERENCES `core_user` (`id`) ON DELETE SET NULL,
  CONSTRAINT `tasks_task_fkModifiedBy` FOREIGN KEY (`modifiedBy`) REFERENCES `core_user` (`id`) ON DELETE SET NULL,
  CONSTRAINT `tasks_task_groupId` FOREIGN KEY (`groupId`) REFERENCES `tasks_tasklist_group` (`id`) ON DELETE SET NULL ON UPDATE CASCADE,
  CONSTRAINT `tasks_task_ibfk_1` FOREIGN KEY (`tasklistId`) REFERENCES `tasks_tasklist` (`id`) ON DELETE CASCADE,
  CONSTRAINT `tasks_task_ibfk_2` FOREIGN KEY (`createdBy`) REFERENCES `core_user` (`id`) ON DELETE SET NULL,
  CONSTRAINT `tasks_vcalendar_blob` FOREIGN KEY (`vcalendarBlobId`) REFERENCES `core_blob` (`id`) ON UPDATE SET NULL
) ENGINE=InnoDB AUTO_INCREMENT=61 DEFAULT CHARSET=utf8mb4 COLLATE=utf8mb4_unicode_ci;
/*!40101 SET character_set_client = @saved_cs_client */;

--
-- Dumping data for table `tasks_task`
--

LOCK TABLES `tasks_task` WRITE;
/*!40000 ALTER TABLE `tasks_task` DISABLE KEYS */;
INSERT INTO `tasks_task` VALUES
(1,'1a17d57e-359f-4da3-9b03-dfb36cd12df2',1,NULL,2,4,'2024-10-04 01:02:10','2024-11-01 18:44:31',1,NULL,'2025-03-13','2025-02-13',NULL,3,'2025-03-28 13:32:31','Discuss roadmap for next release',NULL,NULL,NULL,0,'free','public',100,NULL,NULL,NULL,NULL),
(2,'6db4266a-2f91-40c5-bc2c-b2b828af972e',1,NULL,8,3,'2024-06-17 20:51:46','2025-01-11 17:25:25',1,NULL,'2025-02-06','2024-12-19',NULL,3,'2025-03-28 13:32:31','Discuss design with John',NULL,NULL,NULL,0,'free','public',100,NULL,NULL,NULL,NULL),
(3,'01aa463a-9dc5-40cb-b20c-623509e095ab',1,NULL,5,2,'2024-06-07 20:34:13','2025-03-19 05:15:59',1,NULL,'2024-08-11','2024-05-19',NULL,2,'2025-03-28 13:32:31','Review graphical designs for Group-Office website',NULL,NULL,NULL,0,'free','public',50,NULL,NULL,NULL,NULL),
(4,'82bd3de0-caaf-4d6d-8607-6d83156f5fb2',1,NULL,6,7,'2025-03-26 11:02:57','2025-03-27 02:13:18',1,NULL,'2024-10-17','2024-05-23',NULL,2,'2025-03-28 13:32:31','Implement Open ID',NULL,NULL,NULL,0,'free','public',50,NULL,NULL,NULL,NULL),
(5,'f27c0c16-e26e-4806-bcd1-cf0061a78956',1,NULL,9,1,'2024-07-17 03:55:20','2025-02-03 08:43:30',1,NULL,'2025-03-14','2025-01-11',NULL,2,'2025-03-28 13:32:31','Create functional design',NULL,NULL,NULL,0,'free','public',20,NULL,NULL,NULL,NULL),
(6,'dcb3bdf2-7ca2-4c8d-9e77-4349cf16bbe4',2,NULL,9,3,'2024-05-01 07:26:57','2024-08-18 16:15:38',1,NULL,'2024-07-25','2024-06-14',NULL,2,'2025-03-28 13:32:31','Create functional design',NULL,NULL,NULL,0,'free','public',50,NULL,NULL,NULL,NULL),
(7,'9699b9fa-41ec-4809-bb9f-8a5c6b5e19dd',2,NULL,11,7,'2024-12-29 00:27:08','2025-01-11 05:17:33',1,NULL,'2025-01-03','2024-12-14',NULL,2,'2025-03-28 13:32:31','Prepare quote for Wind mill project',NULL,NULL,NULL,0,'free','public',50,NULL,NULL,NULL,NULL),
(8,'0728ad8b-2d1e-431e-8ad4-ba2afd1ccae8',2,NULL,9,10,'2024-10-22 06:16:44','2025-03-02 12:23:39',1,NULL,'2024-06-21','2024-05-07',NULL,2,'2025-03-28 13:32:31','Prepare quote for Wind mill project',NULL,NULL,NULL,0,'free','public',50,NULL,NULL,NULL,NULL),
(9,'873ee2f0-0e52-4209-8961-4834ae027fb8',2,NULL,7,5,'2025-03-09 18:42:10','2025-03-24 22:10:25',1,NULL,'2025-03-10','2024-08-07',NULL,3,'2025-03-28 13:32:31','Verify backups',NULL,NULL,NULL,0,'free','public',100,NULL,NULL,NULL,NULL),
(10,'08030aa0-97e3-419c-b283-f3a8f2fc857c',2,NULL,2,4,'2024-07-05 07:07:58','2024-09-07 05:03:33',1,NULL,'2025-02-07','2025-01-16',NULL,2,'2025-03-28 13:32:32','Test two factor authentication',NULL,NULL,NULL,0,'free','public',80,NULL,NULL,NULL,NULL),
(11,'9120c1a8-6d8f-4e51-bbce-a0f05fd9eb6f',3,NULL,11,8,'2025-03-11 19:07:35','2025-03-19 05:40:18',1,NULL,'2025-03-26','2025-02-23',NULL,3,'2025-03-28 13:32:32','Review graphical designs for Group-Office website',NULL,NULL,NULL,0,'free','public',100,NULL,NULL,NULL,NULL),
(12,'a2867f23-89b1-4064-89cd-591836b1b28f',3,NULL,10,2,'2024-09-29 18:34:49','2025-01-15 22:57:23',1,NULL,'2025-01-20','2025-01-01',NULL,2,'2025-03-28 13:32:32','Call Michael about Energy project',NULL,NULL,NULL,0,'free','public',50,NULL,NULL,NULL,NULL),
(13,'22468ed1-01a5-4b8f-8afb-eadbe9d2ba49',3,NULL,11,10,'2024-08-17 11:29:33','2024-11-30 06:34:20',1,NULL,'2025-03-10','2024-12-26',NULL,2,'2025-03-28 13:32:32','Review graphical designs for Group-Office website',NULL,NULL,NULL,0,'free','public',20,NULL,NULL,NULL,NULL),
(14,'44cd3d50-0bdb-4849-ae51-a2012612b198',3,NULL,10,3,'2025-02-04 02:51:16','2025-03-09 12:48:20',1,NULL,'2025-01-11','2024-12-17',NULL,2,'2025-03-28 13:32:32','Implement Open ID',NULL,NULL,NULL,0,'free','public',20,NULL,NULL,NULL,NULL),
(15,'44c97c2a-f10c-46e4-a913-8f5a36d1d22a',3,NULL,9,10,'2024-08-15 20:49:47','2024-12-25 22:22:19',1,NULL,'2025-02-09','2024-08-21',NULL,3,'2025-03-28 13:32:32','Implement Oauth 2.0',NULL,NULL,NULL,0,'free','public',100,NULL,NULL,NULL,NULL),
(16,'53c78e9d-1f7b-4168-9f8f-72c69ff82b6e',4,NULL,6,2,'2024-06-22 07:49:07','2024-12-16 01:26:14',1,NULL,'2025-01-29','2025-01-04',NULL,2,'2025-03-28 13:32:32','Review graphical designs for Group-Office website',NULL,NULL,NULL,0,'free','public',50,NULL,NULL,NULL,NULL),
(17,'e8535079-6b7b-4e50-9b9d-27281c352eeb',4,NULL,10,5,'2024-10-02 04:33:31','2025-01-15 06:33:56',1,NULL,'2024-04-22','2024-04-01',NULL,3,'2025-03-28 13:32:32','Prepare Weekly board meeting',NULL,NULL,NULL,0,'free','public',100,NULL,NULL,NULL,NULL),
(18,'96a8e4da-0752-4d03-b4b9-debea1cb5596',4,NULL,2,7,'2024-08-14 07:56:30','2024-10-07 17:12:51',1,NULL,'2025-03-01','2024-11-17',NULL,2,'2025-03-28 13:32:32','Fix issue with automatic problem solver',NULL,NULL,NULL,0,'free','public',20,NULL,NULL,NULL,NULL),
(19,'b030eb06-0148-4d37-a076-82f8fcb80617',4,NULL,9,2,'2024-06-17 04:07:16','2024-11-23 18:25:29',1,NULL,'2025-01-02','2024-08-13',NULL,3,'2025-03-28 13:32:33','Perform weekly penetration tests on servers',NULL,NULL,NULL,0,'free','public',100,NULL,NULL,NULL,NULL),
(20,'4c406314-97b6-4d6f-9bb0-1911a91b68b8',4,NULL,5,5,'2024-10-01 08:40:50','2025-01-06 13:43:54',1,NULL,'2024-11-12','2024-08-12',NULL,2,'2025-03-28 13:32:33','Order more coffee',NULL,NULL,NULL,0,'free','public',50,NULL,NULL,NULL,NULL),
(21,'f35d3a52-ebd0-4393-a66e-fb8efe597560',5,NULL,6,12,'2024-10-30 01:15:27','2025-03-07 15:30:18',1,NULL,'2024-12-24','2024-07-28',NULL,3,'2025-03-28 13:32:33','Review graphical designs for Group-Office website',NULL,NULL,NULL,0,'free','public',100,NULL,NULL,NULL,NULL),
(22,'d275f801-376d-40fe-bd40-0d109ccf308d',5,NULL,12,5,'2024-04-20 11:46:29','2024-06-15 02:42:16',1,NULL,'2025-03-28','2025-03-28',NULL,1,NULL,'Perform weekly penetration tests on Group-Office',NULL,NULL,NULL,0,'free','public',0,NULL,NULL,NULL,NULL),
(23,'d8459dbc-79b0-4311-af0a-57b111881bcf',5,NULL,3,1,'2024-05-11 13:30:06','2024-07-14 03:53:49',1,NULL,'2024-10-11','2024-05-27',NULL,1,NULL,'Prepare Weekly board meeting',NULL,NULL,NULL,0,'free','public',0,NULL,NULL,NULL,NULL),
(24,'e85c494b-eda5-4bdd-9c83-8c54211d9790',5,NULL,9,7,'2024-06-26 15:31:20','2024-11-20 15:22:26',1,NULL,'2024-12-23','2024-05-04',NULL,3,'2025-03-28 13:32:33','Implement Oauth 2.0',NULL,NULL,NULL,0,'free','public',100,NULL,NULL,NULL,NULL),
(25,'8b48aa0c-3de1-430e-b573-eb5299adf99b',5,NULL,6,7,'2024-10-03 01:42:03','2025-03-06 03:48:17',1,NULL,'2025-01-21','2024-08-24',NULL,2,'2025-03-28 13:32:33','Test two factor authentication',NULL,NULL,NULL,0,'free','public',50,NULL,NULL,NULL,NULL),
(26,'deb5c94d-c146-4f2f-887b-0fda6ac53b4c',6,NULL,2,10,'2024-06-28 09:32:37','2024-08-03 11:52:07',1,NULL,'2025-03-24','2024-08-16',NULL,1,NULL,'Finish tasks module',NULL,NULL,NULL,0,'free','public',0,NULL,NULL,NULL,NULL),
(27,'43d221e1-3076-4eb5-898c-5f9f3f64564e',6,NULL,6,11,'2024-12-20 11:14:51','2024-12-27 09:59:09',1,NULL,'2025-01-14','2024-08-11',NULL,2,'2025-03-28 13:32:33','Perform weekly penetration tests on servers',NULL,NULL,NULL,0,'free','public',50,NULL,NULL,NULL,NULL),
(28,'aeca908d-01fb-4e7a-b975-000119e9df8a',6,NULL,2,2,'2024-04-25 04:15:41','2025-01-23 17:32:15',1,NULL,'2024-10-27','2024-10-24',NULL,2,'2025-03-28 13:32:33','Implement Open ID',NULL,NULL,NULL,0,'free','public',50,NULL,NULL,NULL,NULL),
(29,'aa2907fd-29ae-4be0-a71c-441b56657d1c',6,NULL,12,4,'2024-08-27 17:07:46','2025-02-18 23:24:21',1,NULL,'2025-03-09','2025-03-09',NULL,1,NULL,'Order machine parts',NULL,NULL,NULL,0,'free','public',0,NULL,NULL,NULL,NULL),
(30,'e9220798-6b4d-428d-9c84-030aa3e4e2ad',6,NULL,1,2,'2025-02-16 04:22:22','2025-02-28 23:15:30',1,NULL,'2024-10-06','2024-08-14',NULL,2,'2025-03-28 13:32:34','Feature request SMIME encryption',NULL,NULL,NULL,0,'free','public',80,NULL,NULL,NULL,NULL),
(31,'dbba1b4c-e804-4dbd-9ca6-2191e195393f',7,NULL,10,10,'2024-08-20 08:35:58','2025-02-20 16:25:55',1,NULL,'2025-03-26','2025-01-27',NULL,2,'2025-03-28 13:32:34','Feature request on autofill email addresses',NULL,NULL,NULL,0,'free','public',50,NULL,NULL,NULL,NULL),
(32,'c3e3bdce-defa-47cf-9f78-04b0fd8eb348',7,NULL,9,2,'2024-07-29 05:30:43','2024-09-25 10:52:25',1,NULL,'2025-03-04','2025-02-01',NULL,1,NULL,'Call Michael about Energy project',NULL,NULL,NULL,0,'free','public',0,NULL,NULL,NULL,NULL),
(33,'a1f5d0d1-e053-4931-b7a9-10ae3b5367da',7,NULL,11,4,'2024-05-12 09:54:05','2024-08-18 21:09:49',1,NULL,'2025-01-11','2024-06-23',NULL,2,'2025-03-28 13:32:34','Create database design',NULL,NULL,NULL,0,'free','public',20,NULL,NULL,NULL,NULL),
(34,'1e1fed55-659a-4d4c-ba22-94acac27eed9',7,NULL,6,9,'2024-12-04 18:42:43','2024-12-07 15:20:48',1,NULL,'2024-10-16','2024-08-07',NULL,2,'2025-03-28 13:32:34','Order machine parts',NULL,NULL,NULL,0,'free','public',80,NULL,NULL,NULL,NULL),
(35,'c6e2f0d0-5635-4079-97c1-ec10c2a81266',7,NULL,7,12,'2024-07-23 13:19:13','2024-09-01 11:26:45',1,NULL,'2025-03-26','2025-03-11',NULL,3,'2025-03-28 13:32:34','Order more coffee',NULL,NULL,NULL,0,'free','public',100,NULL,NULL,NULL,NULL),
(36,'68bd2c2d-908c-43e9-ab28-0e0f44f85bdd',8,NULL,12,3,'2024-07-24 17:02:13','2024-10-29 10:59:28',1,NULL,'2025-01-22','2024-08-31',NULL,2,'2025-03-28 13:32:34','Verify backups',NULL,NULL,NULL,0,'free','public',80,NULL,NULL,NULL,NULL),
(37,'d1e93b04-aaf3-46c4-9864-a64e712dbd3c',8,NULL,3,5,'2024-11-23 11:24:07','2025-03-07 04:44:37',1,NULL,'2024-10-06','2024-08-31',NULL,1,NULL,'Schedule meeting with client',NULL,NULL,NULL,0,'free','public',0,NULL,NULL,NULL,NULL),
(38,'35e5a8a8-6f1b-494c-bb62-cc9bda2afddc',8,NULL,12,10,'2024-12-29 14:35:42','2025-02-07 13:29:32',1,NULL,'2025-02-06','2024-12-25',NULL,2,'2025-03-28 13:32:35','Perform weekly penetration tests on Group-Office',NULL,NULL,NULL,0,'free','public',80,NULL,NULL,NULL,NULL),
(39,'82bbd827-8146-4ffb-8ae2-7eea94dbb15d',8,NULL,10,7,'2025-01-07 03:09:11','2025-01-16 18:47:51',1,NULL,'2024-08-29','2024-06-04',NULL,2,'2025-03-28 13:32:35','Buy bigger screens',NULL,NULL,NULL,0,'free','public',20,NULL,NULL,NULL,NULL),
(40,'8ad2bf6d-3853-4e06-b8ff-5b0e14bf49dd',8,NULL,11,9,'2024-10-04 04:36:17','2024-11-21 12:15:51',1,NULL,'2025-02-22','2024-08-12',NULL,1,NULL,'Buy bigger screens',NULL,NULL,NULL,0,'free','public',0,NULL,NULL,NULL,NULL),
(41,'e0099a9e-fbf6-4dbe-b2ea-ddcdf4151f81',9,NULL,4,9,'2025-02-28 14:44:33','2025-03-18 11:12:02',1,NULL,'2025-02-06','2024-06-30',NULL,1,NULL,'Prepare quote for solar panels module',NULL,NULL,NULL,0,'free','public',0,NULL,NULL,NULL,NULL),
(42,'65fdbab2-c1cf-45c7-98ef-0aa3c4356504',9,NULL,5,8,'2024-12-22 17:15:44','2024-12-27 07:01:10',1,NULL,'2025-01-06','2024-08-26',NULL,2,'2025-03-28 13:32:35','Order printer paper',NULL,NULL,NULL,0,'free','public',80,NULL,NULL,NULL,NULL),
(43,'5935e3e6-5f30-4413-8909-e7c80111012a',9,NULL,2,9,'2024-06-30 00:39:37','2024-07-27 01:50:51',1,NULL,'2024-12-03','2024-06-27',NULL,2,'2025-03-28 13:32:35','Design checkout process',NULL,NULL,NULL,0,'free','public',20,NULL,NULL,NULL,NULL),
(44,'4076e0b6-b473-4f77-82ea-a00b5295449a',9,NULL,12,4,'2025-01-22 04:34:52','2025-02-05 06:44:26',1,NULL,'2024-05-25','2024-05-14',NULL,2,'2025-03-28 13:32:35','Buy bigger screens',NULL,NULL,NULL,0,'free','public',50,NULL,NULL,NULL,NULL),
(45,'9d6c4011-fcb5-4cb4-a78e-ed256c69c297',9,NULL,2,6,'2024-07-30 23:19:11','2024-11-16 23:17:53',1,NULL,'2024-11-18','2024-09-05',NULL,3,'2025-03-28 13:32:35','Prepare Weekly board meeting',NULL,NULL,NULL,0,'free','public',100,NULL,NULL,NULL,NULL),
(46,'fd78510b-f131-4630-8846-0551e9cc01c7',10,NULL,10,7,'2025-03-16 18:31:13','2025-03-18 16:52:14',1,NULL,'2025-02-18','2024-05-08',NULL,2,'2025-03-28 13:32:35','Take out the trash',NULL,NULL,NULL,0,'free','public',20,NULL,NULL,NULL,NULL),
(47,'cbb509eb-1fbf-446b-9494-cd71c1d12a76',10,NULL,1,7,'2024-07-15 00:16:00','2024-10-15 01:31:10',1,NULL,'2024-08-06','2024-06-19',NULL,3,'2025-03-28 13:32:36','Create database design',NULL,NULL,NULL,0,'free','public',100,NULL,NULL,NULL,NULL),
(48,'89676f9e-30e7-4149-b026-805a87a30a79',10,NULL,5,9,'2024-09-15 13:25:39','2024-09-24 00:37:16',1,NULL,'2025-02-16','2024-08-23',NULL,3,'2025-03-28 13:32:36','Buy bigger screens',NULL,NULL,NULL,0,'free','public',100,NULL,NULL,NULL,NULL),
(49,'8a0dc445-9d66-467b-aa5a-a0f37655eaf3',10,NULL,3,7,'2025-01-21 00:52:21','2025-01-29 09:09:51',1,NULL,'2025-03-24','2025-03-24',NULL,1,NULL,'Discuss roadmap for next release',NULL,NULL,NULL,0,'free','public',0,NULL,NULL,NULL,NULL),
(50,'50bd76a1-5f94-49cc-a403-c849d023516f',10,NULL,8,7,'2024-07-04 00:33:54','2025-01-06 20:49:47',1,NULL,'2025-03-25','2025-03-11',NULL,3,'2025-03-28 13:32:36','Perform weekly penetration tests on Group-Office',NULL,NULL,NULL,0,'free','public',100,NULL,NULL,NULL,NULL),
(51,'afb25561-b06e-459a-8b23-6e80658a863e',11,NULL,7,1,'2024-04-01 15:16:55','2024-08-08 23:11:03',1,NULL,'2025-02-12','2024-11-28',NULL,2,'2025-03-28 13:32:36','Order more coffee',NULL,NULL,NULL,0,'free','public',80,NULL,NULL,NULL,NULL),
(52,'c93a3ef2-b424-4fe0-8a7a-6ac2e72e2179',11,NULL,9,2,'2025-03-15 11:45:57','2025-03-24 16:08:41',1,NULL,'2025-03-28','2024-11-29',NULL,2,'2025-03-28 13:32:36','Prepare Weekly board meeting',NULL,NULL,NULL,0,'free','public',20,NULL,NULL,NULL,NULL),
(53,'7881aa55-32e5-4234-b294-0386b4685bcd',11,NULL,12,11,'2024-10-11 11:39:11','2024-12-24 08:32:39',1,NULL,'2025-03-10','2024-10-24',NULL,2,'2025-03-28 13:32:36','Take out the trash',NULL,NULL,NULL,0,'free','public',80,NULL,NULL,NULL,NULL),
(54,'4638e6e2-ec4c-4b69-a557-5509a1853f4d',11,NULL,1,6,'2024-10-11 22:52:05','2025-01-06 15:40:12',1,NULL,'2025-02-13','2024-07-15',NULL,2,'2025-03-28 13:32:36','Fix issue with automatic problem solver',NULL,NULL,NULL,0,'free','public',80,NULL,NULL,NULL,NULL),
(55,'7dd340a1-8094-45af-b110-d6faf93d31a1',11,NULL,2,9,'2025-03-07 02:59:36','2025-03-26 08:25:36',1,NULL,'2025-02-09','2024-11-01',NULL,1,NULL,'Call Michael about Energy project',NULL,NULL,NULL,0,'free','public',0,NULL,NULL,NULL,NULL),
(56,'1748d85d-edb5-4a04-95bf-58d30b10be27',12,NULL,4,11,'2024-08-26 09:11:54','2024-11-23 19:42:00',1,NULL,'2025-02-16','2025-02-01',NULL,2,'2025-03-28 13:32:37','Implement Oauth 2.0',NULL,NULL,NULL,0,'free','public',20,NULL,NULL,NULL,NULL),
(57,'aa216215-057f-4ed4-96d0-c35feb55206f',12,NULL,8,5,'2024-05-08 05:56:31','2025-02-10 22:02:16',1,NULL,'2024-09-16','2024-06-27',NULL,3,'2025-03-28 13:32:37','Create database design',NULL,NULL,NULL,0,'free','public',100,NULL,NULL,NULL,NULL),
(58,'a11f0389-05b5-4638-b4ed-6b059c1ffbf0',12,NULL,6,4,'2025-03-05 20:44:45','2025-03-12 20:05:48',1,NULL,'2025-01-15','2024-12-07',NULL,1,NULL,'Implement Open ID',NULL,NULL,NULL,0,'free','public',0,NULL,NULL,NULL,NULL),
(59,'42448a3d-2529-4736-9fbf-59c5ad0f7865',12,NULL,7,4,'2024-08-29 20:54:27','2025-01-05 14:45:07',1,NULL,'2024-12-31','2024-09-02',NULL,2,'2025-03-28 13:32:37','Fix issue with automatic problem solver',NULL,NULL,NULL,0,'free','public',20,NULL,NULL,NULL,NULL),
(60,'2ccf29bb-0fea-4c11-a4d0-2c5a6226a9a8',12,NULL,10,7,'2025-03-02 13:48:16','2025-03-17 09:11:06',1,NULL,'2025-02-17','2025-01-08',NULL,2,'2025-03-28 13:32:37','Buy bigger screens',NULL,NULL,NULL,0,'free','public',50,NULL,NULL,NULL,NULL);
/*!40000 ALTER TABLE `tasks_task` ENABLE KEYS */;
UNLOCK TABLES;

--
-- Table structure for table `tasks_task_category`
--

DROP TABLE IF EXISTS `tasks_task_category`;
/*!40101 SET @saved_cs_client     = @@character_set_client */;
/*!40101 SET character_set_client = utf8 */;
CREATE TABLE `tasks_task_category` (
  `taskId` int(11) unsigned NOT NULL,
  `categoryId` int(11) unsigned NOT NULL,
  PRIMARY KEY (`taskId`,`categoryId`),
  KEY `tasks_task_category_ibfk_2` (`categoryId`),
  CONSTRAINT `tasks_task_category_ibfk_1` FOREIGN KEY (`taskId`) REFERENCES `tasks_task` (`id`) ON DELETE CASCADE,
  CONSTRAINT `tasks_task_category_ibfk_2` FOREIGN KEY (`categoryId`) REFERENCES `tasks_category` (`id`) ON DELETE CASCADE
) ENGINE=InnoDB DEFAULT CHARSET=utf8mb4 COLLATE=utf8mb4_unicode_ci;
/*!40101 SET character_set_client = @saved_cs_client */;

--
-- Dumping data for table `tasks_task_category`
--

LOCK TABLES `tasks_task_category` WRITE;
/*!40000 ALTER TABLE `tasks_task_category` DISABLE KEYS */;
/*!40000 ALTER TABLE `tasks_task_category` ENABLE KEYS */;
UNLOCK TABLES;

--
-- Table structure for table `tasks_task_custom_fields`
--

DROP TABLE IF EXISTS `tasks_task_custom_fields`;
/*!40101 SET @saved_cs_client     = @@character_set_client */;
/*!40101 SET character_set_client = utf8 */;
CREATE TABLE `tasks_task_custom_fields` (
  `id` int(11) unsigned NOT NULL,
  PRIMARY KEY (`id`),
  CONSTRAINT `fk_tasks_task_custom_field1` FOREIGN KEY (`id`) REFERENCES `tasks_task` (`id`) ON DELETE CASCADE
) ENGINE=InnoDB DEFAULT CHARSET=utf8mb4 COLLATE=utf8mb4_unicode_ci;
/*!40101 SET character_set_client = @saved_cs_client */;

--
-- Dumping data for table `tasks_task_custom_fields`
--

LOCK TABLES `tasks_task_custom_fields` WRITE;
/*!40000 ALTER TABLE `tasks_task_custom_fields` DISABLE KEYS */;
/*!40000 ALTER TABLE `tasks_task_custom_fields` ENABLE KEYS */;
UNLOCK TABLES;

--
-- Table structure for table `tasks_task_user`
--

DROP TABLE IF EXISTS `tasks_task_user`;
/*!40101 SET @saved_cs_client     = @@character_set_client */;
/*!40101 SET character_set_client = utf8 */;
CREATE TABLE `tasks_task_user` (
  `taskId` int(11) unsigned NOT NULL,
  `userId` int(11) NOT NULL,
  `modSeq` int(11) NOT NULL DEFAULT 0,
  `freeBusyStatus` char(4) NOT NULL DEFAULT 'busy',
  PRIMARY KEY (`taskId`,`userId`),
  KEY `fk_tasks_task_user_tasks_task1_idx` (`taskId`),
  CONSTRAINT `fk_tasks_task_user_tasks_task1` FOREIGN KEY (`taskId`) REFERENCES `tasks_task` (`id`) ON DELETE CASCADE ON UPDATE NO ACTION
) ENGINE=InnoDB DEFAULT CHARSET=utf8mb4 COLLATE=utf8mb4_unicode_ci;
/*!40101 SET character_set_client = @saved_cs_client */;

--
-- Dumping data for table `tasks_task_user`
--

LOCK TABLES `tasks_task_user` WRITE;
/*!40000 ALTER TABLE `tasks_task_user` DISABLE KEYS */;
INSERT INTO `tasks_task_user` VALUES
(1,1,0,'free'),
(2,1,0,'free'),
(3,1,0,'free'),
(4,1,0,'free'),
(5,1,0,'free'),
(6,1,0,'free'),
(7,1,0,'free'),
(8,1,0,'free'),
(9,1,0,'free'),
(10,1,0,'free'),
(11,1,0,'free'),
(12,1,0,'free'),
(13,1,0,'free'),
(14,1,0,'free'),
(15,1,0,'free'),
(16,1,0,'free'),
(17,1,0,'free'),
(18,1,0,'free'),
(19,1,0,'free'),
(20,1,0,'free'),
(21,1,0,'free'),
(22,1,0,'free'),
(23,1,0,'free'),
(24,1,0,'free'),
(25,1,0,'free'),
(26,1,0,'free'),
(27,1,0,'free'),
(28,1,0,'free'),
(29,1,0,'free'),
(30,1,0,'free'),
(31,1,0,'free'),
(32,1,0,'free'),
(33,1,0,'free'),
(34,1,0,'free'),
(35,1,0,'free'),
(36,1,0,'free'),
(37,1,0,'free'),
(38,1,0,'free'),
(39,1,0,'free'),
(40,1,0,'free'),
(41,1,0,'free'),
(42,1,0,'free'),
(43,1,0,'free'),
(44,1,0,'free'),
(45,1,0,'free'),
(46,1,0,'free'),
(47,1,0,'free'),
(48,1,0,'free'),
(49,1,0,'free'),
(50,1,0,'free'),
(51,1,0,'free'),
(52,1,0,'free'),
(53,1,0,'free'),
(54,1,0,'free'),
(55,1,0,'free'),
(56,1,0,'free'),
(57,1,0,'free'),
(58,1,0,'free'),
(59,1,0,'free'),
(60,1,0,'free');
/*!40000 ALTER TABLE `tasks_task_user` ENABLE KEYS */;
UNLOCK TABLES;

--
-- Table structure for table `tasks_tasklist`
--

DROP TABLE IF EXISTS `tasks_tasklist`;
/*!40101 SET @saved_cs_client     = @@character_set_client */;
/*!40101 SET character_set_client = utf8 */;
CREATE TABLE `tasks_tasklist` (
  `id` int(11) unsigned NOT NULL AUTO_INCREMENT,
  `role` tinyint(2) unsigned DEFAULT NULL,
  `name` varchar(100) NOT NULL,
  `description` varchar(255) DEFAULT NULL,
  `createdBy` int(11) DEFAULT NULL,
  `aclId` int(11) NOT NULL,
  `version` int(10) unsigned NOT NULL DEFAULT 1,
  `ownerId` int(11) NOT NULL DEFAULT 1,
  `filesFolderId` int(11) DEFAULT NULL,
  `projectId` int(11) DEFAULT NULL,
  `groupingId` int(10) unsigned DEFAULT NULL,
  PRIMARY KEY (`id`),
  KEY `fkCreatedBy` (`createdBy`),
  KEY `fkAcl` (`aclId`),
  KEY `tasks_tasklist_tasks_tasklist_grouping_null_fk` (`groupingId`),
  CONSTRAINT `tasks_tasklist_ibfk1` FOREIGN KEY (`aclId`) REFERENCES `core_acl` (`id`),
  CONSTRAINT `tasks_tasklist_ibfk2` FOREIGN KEY (`createdBy`) REFERENCES `core_user` (`id`),
  CONSTRAINT `tasks_tasklist_tasks_tasklist_grouping_null_fk` FOREIGN KEY (`groupingId`) REFERENCES `tasks_tasklist_grouping` (`id`) ON DELETE SET NULL
) ENGINE=InnoDB AUTO_INCREMENT=13 DEFAULT CHARSET=utf8mb4 COLLATE=utf8mb4_unicode_ci;
/*!40101 SET character_set_client = @saved_cs_client */;

--
-- Dumping data for table `tasks_tasklist`
--

LOCK TABLES `tasks_tasklist` WRITE;
/*!40000 ALTER TABLE `tasks_tasklist` DISABLE KEYS */;
INSERT INTO `tasks_tasklist` VALUES
(1,1,'System Administrator',NULL,1,23,1,1,NULL,NULL,NULL),
(2,1,'Mr. Broderick Hauck',NULL,2,50,1,1,NULL,NULL,NULL),
(3,1,'Mr. Jedidiah Tromp',NULL,3,57,1,1,NULL,NULL,NULL),
(4,1,'Ashlee Beier',NULL,4,62,1,1,NULL,NULL,NULL),
(5,1,'Tony Howe',NULL,5,67,1,1,NULL,NULL,NULL),
(6,1,'Prof. Johnny Kirlin',NULL,6,72,1,1,NULL,NULL,NULL),
(7,1,'Burdette Stamm',NULL,7,77,1,1,NULL,NULL,NULL),
(8,1,'Camron Heller Sr.',NULL,8,82,1,1,NULL,NULL,NULL),
(9,1,'Mr. Shayne Zemlak',NULL,9,87,1,1,NULL,NULL,NULL),
(10,1,'Mrs. Elizabeth Cartwright',NULL,10,92,1,1,NULL,NULL,NULL),
(11,1,'Prof. Simone Kirlin Jr.',NULL,11,97,1,1,NULL,NULL,NULL),
(12,1,'Nicklaus Durgan',NULL,12,102,1,1,NULL,NULL,NULL);
/*!40000 ALTER TABLE `tasks_tasklist` ENABLE KEYS */;
UNLOCK TABLES;

--
-- Table structure for table `tasks_tasklist_group`
--

DROP TABLE IF EXISTS `tasks_tasklist_group`;
/*!40101 SET @saved_cs_client     = @@character_set_client */;
/*!40101 SET character_set_client = utf8 */;
CREATE TABLE `tasks_tasklist_group` (
  `id` int(10) unsigned NOT NULL AUTO_INCREMENT,
  `name` varchar(100) NOT NULL,
  `color` char(6) DEFAULT NULL,
  `sortOrder` smallint(2) unsigned NOT NULL DEFAULT 0,
  `tasklistId` int(11) unsigned NOT NULL,
  `progressChange` tinyint(2) DEFAULT NULL,
  PRIMARY KEY (`id`,`tasklistId`),
  UNIQUE KEY `fk_tasks_column_tasks_id_idx` (`id`),
  UNIQUE KEY `tasks_tasklist_group_pk` (`id`),
  KEY `fk_tasks_column_tasks_tasklist1_idx` (`tasklistId`),
  CONSTRAINT `fk_tasks_column_tasks_tasklist1` FOREIGN KEY (`tasklistId`) REFERENCES `tasks_tasklist` (`id`) ON DELETE CASCADE ON UPDATE NO ACTION
) ENGINE=InnoDB DEFAULT CHARSET=utf8mb4 COLLATE=utf8mb4_unicode_ci;
/*!40101 SET character_set_client = @saved_cs_client */;

--
-- Dumping data for table `tasks_tasklist_group`
--

LOCK TABLES `tasks_tasklist_group` WRITE;
/*!40000 ALTER TABLE `tasks_tasklist_group` DISABLE KEYS */;
/*!40000 ALTER TABLE `tasks_tasklist_group` ENABLE KEYS */;
UNLOCK TABLES;

--
-- Table structure for table `tasks_tasklist_grouping`
--

DROP TABLE IF EXISTS `tasks_tasklist_grouping`;
/*!40101 SET @saved_cs_client     = @@character_set_client */;
/*!40101 SET character_set_client = utf8 */;
CREATE TABLE `tasks_tasklist_grouping` (
  `id` int(10) unsigned NOT NULL AUTO_INCREMENT,
  `name` varchar(190) NOT NULL,
  `order` int(10) unsigned DEFAULT NULL,
  PRIMARY KEY (`id`),
  UNIQUE KEY `tasks_tasklist_grouping_name` (`name`)
) ENGINE=InnoDB DEFAULT CHARSET=utf8mb4 COLLATE=utf8mb4_unicode_ci;
/*!40101 SET character_set_client = @saved_cs_client */;

--
-- Dumping data for table `tasks_tasklist_grouping`
--

LOCK TABLES `tasks_tasklist_grouping` WRITE;
/*!40000 ALTER TABLE `tasks_tasklist_grouping` DISABLE KEYS */;
/*!40000 ALTER TABLE `tasks_tasklist_grouping` ENABLE KEYS */;
UNLOCK TABLES;

--
-- Table structure for table `tasks_tasklist_user`
--

DROP TABLE IF EXISTS `tasks_tasklist_user`;
/*!40101 SET @saved_cs_client     = @@character_set_client */;
/*!40101 SET character_set_client = utf8 */;
CREATE TABLE `tasks_tasklist_user` (
  `tasklistId` int(11) unsigned NOT NULL,
  `userId` int(11) NOT NULL,
  `modSeq` int(11) NOT NULL,
  `color` char(6) DEFAULT NULL,
  `sortOrder` int(11) DEFAULT NULL,
  `isVisible` tinyint(1) NOT NULL DEFAULT 0,
  `isSubscribed` tinyint(1) NOT NULL DEFAULT 0,
  PRIMARY KEY (`tasklistId`,`userId`),
  KEY `fk_tasks_tasklist_user_tasks_tasklist1_idx` (`tasklistId`),
  CONSTRAINT `fk_tasks_tasklist_user_tasks_tasklist1` FOREIGN KEY (`tasklistId`) REFERENCES `tasks_tasklist` (`id`) ON DELETE CASCADE ON UPDATE NO ACTION
) ENGINE=InnoDB DEFAULT CHARSET=utf8mb4 COLLATE=utf8mb4_unicode_ci;
/*!40101 SET character_set_client = @saved_cs_client */;

--
-- Dumping data for table `tasks_tasklist_user`
--

LOCK TABLES `tasks_tasklist_user` WRITE;
/*!40000 ALTER TABLE `tasks_tasklist_user` DISABLE KEYS */;
/*!40000 ALTER TABLE `tasks_tasklist_user` ENABLE KEYS */;
UNLOCK TABLES;

--
-- Table structure for table `tasks_user_settings`
--

DROP TABLE IF EXISTS `tasks_user_settings`;
/*!40101 SET @saved_cs_client     = @@character_set_client */;
/*!40101 SET character_set_client = utf8 */;
CREATE TABLE `tasks_user_settings` (
  `userId` int(11) NOT NULL,
  `defaultTasklistId` int(11) unsigned DEFAULT NULL,
  `rememberLastItems` tinyint(1) NOT NULL DEFAULT 0,
  `lastTasklistIds` varchar(255) DEFAULT NULL,
  `defaultDate` tinyint(1) DEFAULT 0,
  PRIMARY KEY (`userId`),
  KEY `tasks_user_settings_tasks_tasklist_id_fk` (`defaultTasklistId`),
  CONSTRAINT `tasks_user_settings_core_user_id_fk` FOREIGN KEY (`userId`) REFERENCES `core_user` (`id`) ON DELETE CASCADE,
  CONSTRAINT `tasks_user_settings_tasks_tasklist_id_fk` FOREIGN KEY (`defaultTasklistId`) REFERENCES `tasks_tasklist` (`id`) ON DELETE SET NULL
) ENGINE=InnoDB DEFAULT CHARSET=utf8mb4 COLLATE=utf8mb4_unicode_ci;
/*!40101 SET character_set_client = @saved_cs_client */;

--
-- Dumping data for table `tasks_user_settings`
--

LOCK TABLES `tasks_user_settings` WRITE;
/*!40000 ALTER TABLE `tasks_user_settings` DISABLE KEYS */;
INSERT INTO `tasks_user_settings` VALUES
(1,1,1,NULL,0),
(2,2,1,NULL,0),
(3,3,1,NULL,0),
(4,4,1,NULL,0),
(5,5,1,NULL,0),
(6,6,1,NULL,0),
(7,7,1,NULL,0),
(8,8,1,NULL,0),
(9,9,1,NULL,0),
(10,10,1,NULL,0),
(11,11,1,NULL,0),
(12,12,1,NULL,0);
/*!40000 ALTER TABLE `tasks_user_settings` ENABLE KEYS */;
UNLOCK TABLES;

--
-- Table structure for table `wopi_action`
--

DROP TABLE IF EXISTS `wopi_action`;
/*!40101 SET @saved_cs_client     = @@character_set_client */;
/*!40101 SET character_set_client = utf8 */;
CREATE TABLE `wopi_action` (
  `serviceId` int(11) NOT NULL,
  `app` varchar(190) NOT NULL,
  `name` varchar(50) NOT NULL,
  `ext` varchar(20) NOT NULL,
  `url` text NOT NULL,
  KEY `serviceId` (`serviceId`),
  CONSTRAINT `wopi_action_ibfk_1` FOREIGN KEY (`serviceId`) REFERENCES `wopi_service` (`id`) ON DELETE CASCADE
) ENGINE=InnoDB DEFAULT CHARSET=utf8mb4 COLLATE=utf8mb4_unicode_ci;
/*!40101 SET character_set_client = @saved_cs_client */;

--
-- Dumping data for table `wopi_action`
--

LOCK TABLES `wopi_action` WRITE;
/*!40000 ALTER TABLE `wopi_action` DISABLE KEYS */;
INSERT INTO `wopi_action` VALUES
(1,'writer','view','sxw','http://host.docker.internal:9980/browser/ded56d8ff7/cool.html?'),
(1,'writer','edit','odt','http://host.docker.internal:9980/browser/ded56d8ff7/cool.html?'),
(1,'writer','edit','fodt','http://host.docker.internal:9980/browser/ded56d8ff7/cool.html?'),
(1,'writer','view','stw','http://host.docker.internal:9980/browser/ded56d8ff7/cool.html?'),
(1,'writer','view','ott','http://host.docker.internal:9980/browser/ded56d8ff7/cool.html?'),
(1,'writer','edit','doc','http://host.docker.internal:9980/browser/ded56d8ff7/cool.html?'),
(1,'writer','view','dot','http://host.docker.internal:9980/browser/ded56d8ff7/cool.html?'),
(1,'writer','edit','docx','http://host.docker.internal:9980/browser/ded56d8ff7/cool.html?'),
(1,'writer','edit','docm','http://host.docker.internal:9980/browser/ded56d8ff7/cool.html?'),
(1,'writer','view','dotx','http://host.docker.internal:9980/browser/ded56d8ff7/cool.html?'),
(1,'writer','view','dotm','http://host.docker.internal:9980/browser/ded56d8ff7/cool.html?'),
(1,'writer','view','wpd','http://host.docker.internal:9980/browser/ded56d8ff7/cool.html?'),
(1,'writer','view','pdb','http://host.docker.internal:9980/browser/ded56d8ff7/cool.html?'),
(1,'writer','view','hwp','http://host.docker.internal:9980/browser/ded56d8ff7/cool.html?'),
(1,'writer','view','wps','http://host.docker.internal:9980/browser/ded56d8ff7/cool.html?'),
(1,'writer','view','wri','http://host.docker.internal:9980/browser/ded56d8ff7/cool.html?'),
(1,'writer','view','lrf','http://host.docker.internal:9980/browser/ded56d8ff7/cool.html?'),
(1,'writer','view','mw','http://host.docker.internal:9980/browser/ded56d8ff7/cool.html?'),
(1,'writer','edit','rtf','http://host.docker.internal:9980/browser/ded56d8ff7/cool.html?'),
(1,'writer','edit','txt','http://host.docker.internal:9980/browser/ded56d8ff7/cool.html?'),
(1,'writer','view','fb2','http://host.docker.internal:9980/browser/ded56d8ff7/cool.html?'),
(1,'writer','view','cwk','http://host.docker.internal:9980/browser/ded56d8ff7/cool.html?'),
(1,'writer','view','pages','http://host.docker.internal:9980/browser/ded56d8ff7/cool.html?'),
(1,'writer','view','abw','http://host.docker.internal:9980/browser/ded56d8ff7/cool.html?'),
(1,'writer','view','602','http://host.docker.internal:9980/browser/ded56d8ff7/cool.html?'),
(1,'writer-global','view','sxg','http://host.docker.internal:9980/browser/ded56d8ff7/cool.html?'),
(1,'writer-global','edit','odm','http://host.docker.internal:9980/browser/ded56d8ff7/cool.html?'),
(1,'writer-global','view','otm','http://host.docker.internal:9980/browser/ded56d8ff7/cool.html?'),
(1,'writer-web','edit','oth','http://host.docker.internal:9980/browser/ded56d8ff7/cool.html?'),
(1,'calc','view','sxc','http://host.docker.internal:9980/browser/ded56d8ff7/cool.html?'),
(1,'calc','edit','ods','http://host.docker.internal:9980/browser/ded56d8ff7/cool.html?'),
(1,'calc','edit','fods','http://host.docker.internal:9980/browser/ded56d8ff7/cool.html?'),
(1,'calc','view','stc','http://host.docker.internal:9980/browser/ded56d8ff7/cool.html?'),
(1,'calc','view','ots','http://host.docker.internal:9980/browser/ded56d8ff7/cool.html?'),
(1,'calc','edit','xls','http://host.docker.internal:9980/browser/ded56d8ff7/cool.html?'),
(1,'calc','edit','xla','http://host.docker.internal:9980/browser/ded56d8ff7/cool.html?'),
(1,'calc','view','xltx','http://host.docker.internal:9980/browser/ded56d8ff7/cool.html?'),
(1,'calc','view','xltm','http://host.docker.internal:9980/browser/ded56d8ff7/cool.html?'),
(1,'calc','edit','xlsx','http://host.docker.internal:9980/browser/ded56d8ff7/cool.html?'),
(1,'calc','edit','xlsb','http://host.docker.internal:9980/browser/ded56d8ff7/cool.html?'),
(1,'calc','edit','xlsm','http://host.docker.internal:9980/browser/ded56d8ff7/cool.html?'),
(1,'calc','edit','dif','http://host.docker.internal:9980/browser/ded56d8ff7/cool.html?'),
(1,'calc','edit','slk','http://host.docker.internal:9980/browser/ded56d8ff7/cool.html?'),
(1,'calc','edit','csv','http://host.docker.internal:9980/browser/ded56d8ff7/cool.html?'),
(1,'calc','edit','tsv','http://host.docker.internal:9980/browser/ded56d8ff7/cool.html?'),
(1,'calc','edit','dbf','http://host.docker.internal:9980/browser/ded56d8ff7/cool.html?'),
(1,'calc','view','wk1','http://host.docker.internal:9980/browser/ded56d8ff7/cool.html?'),
(1,'calc','view','wks','http://host.docker.internal:9980/browser/ded56d8ff7/cool.html?'),
(1,'calc','view','xlr','http://host.docker.internal:9980/browser/ded56d8ff7/cool.html?'),
(1,'calc','view','123','http://host.docker.internal:9980/browser/ded56d8ff7/cool.html?'),
(1,'calc','view','qpw','http://host.docker.internal:9980/browser/ded56d8ff7/cool.html?'),
(1,'calc','view','wb1','http://host.docker.internal:9980/browser/ded56d8ff7/cool.html?'),
(1,'calc','view','wq1','http://host.docker.internal:9980/browser/ded56d8ff7/cool.html?'),
(1,'calc','view','wq2','http://host.docker.internal:9980/browser/ded56d8ff7/cool.html?'),
(1,'calc','view','gnumeric','http://host.docker.internal:9980/browser/ded56d8ff7/cool.html?'),
(1,'calc','view','numbers','http://host.docker.internal:9980/browser/ded56d8ff7/cool.html?'),
(1,'impress','view','sxi','http://host.docker.internal:9980/browser/ded56d8ff7/cool.html?'),
(1,'impress','edit','odp','http://host.docker.internal:9980/browser/ded56d8ff7/cool.html?'),
(1,'impress','edit','fodp','http://host.docker.internal:9980/browser/ded56d8ff7/cool.html?'),
(1,'impress','view','sti','http://host.docker.internal:9980/browser/ded56d8ff7/cool.html?'),
(1,'impress','view','otp','http://host.docker.internal:9980/browser/ded56d8ff7/cool.html?'),
(1,'impress','edit','ppt','http://host.docker.internal:9980/browser/ded56d8ff7/cool.html?'),
(1,'impress','view','pot','http://host.docker.internal:9980/browser/ded56d8ff7/cool.html?'),
(1,'impress','edit','pptx','http://host.docker.internal:9980/browser/ded56d8ff7/cool.html?'),
(1,'impress','edit','pptm','http://host.docker.internal:9980/browser/ded56d8ff7/cool.html?'),
(1,'impress','view','potx','http://host.docker.internal:9980/browser/ded56d8ff7/cool.html?'),
(1,'impress','view','potm','http://host.docker.internal:9980/browser/ded56d8ff7/cool.html?'),
(1,'impress','edit','ppsx','http://host.docker.internal:9980/browser/ded56d8ff7/cool.html?'),
(1,'impress','view','cgm','http://host.docker.internal:9980/browser/ded56d8ff7/cool.html?'),
(1,'impress','view','key','http://host.docker.internal:9980/browser/ded56d8ff7/cool.html?'),
(1,'draw','view','sxd','http://host.docker.internal:9980/browser/ded56d8ff7/cool.html?'),
(1,'draw','edit','odg','http://host.docker.internal:9980/browser/ded56d8ff7/cool.html?'),
(1,'draw','edit','fodg','http://host.docker.internal:9980/browser/ded56d8ff7/cool.html?'),
(1,'draw','view','std','http://host.docker.internal:9980/browser/ded56d8ff7/cool.html?'),
(1,'draw','view','otg','http://host.docker.internal:9980/browser/ded56d8ff7/cool.html?'),
(1,'draw','view','svg','http://host.docker.internal:9980/browser/ded56d8ff7/cool.html?'),
(1,'draw','view','dxf','http://host.docker.internal:9980/browser/ded56d8ff7/cool.html?'),
(1,'draw','view','emf','http://host.docker.internal:9980/browser/ded56d8ff7/cool.html?'),
(1,'draw','view','wmf','http://host.docker.internal:9980/browser/ded56d8ff7/cool.html?'),
(1,'draw','view','cdr','http://host.docker.internal:9980/browser/ded56d8ff7/cool.html?'),
(1,'draw','view','vsd','http://host.docker.internal:9980/browser/ded56d8ff7/cool.html?'),
(1,'draw','view','vsdx','http://host.docker.internal:9980/browser/ded56d8ff7/cool.html?'),
(1,'draw','view','vss','http://host.docker.internal:9980/browser/ded56d8ff7/cool.html?'),
(1,'draw','view','pub','http://host.docker.internal:9980/browser/ded56d8ff7/cool.html?'),
(1,'draw','view','p65','http://host.docker.internal:9980/browser/ded56d8ff7/cool.html?'),
(1,'draw','view','wpg','http://host.docker.internal:9980/browser/ded56d8ff7/cool.html?'),
(1,'draw','view','fh','http://host.docker.internal:9980/browser/ded56d8ff7/cool.html?'),
(1,'draw','view','bmp','http://host.docker.internal:9980/browser/ded56d8ff7/cool.html?'),
(1,'draw','view','png','http://host.docker.internal:9980/browser/ded56d8ff7/cool.html?'),
(1,'draw','view','gif','http://host.docker.internal:9980/browser/ded56d8ff7/cool.html?'),
(1,'draw','view','tiff','http://host.docker.internal:9980/browser/ded56d8ff7/cool.html?'),
(1,'draw','view','jpg','http://host.docker.internal:9980/browser/ded56d8ff7/cool.html?'),
(1,'draw','view','jpeg','http://host.docker.internal:9980/browser/ded56d8ff7/cool.html?'),
(1,'draw','view_comment','pdf','http://host.docker.internal:9980/browser/ded56d8ff7/cool.html?'),
(1,'image/svg+xml','view','','http://host.docker.internal:9980/browser/ded56d8ff7/cool.html?'),
(1,'application/vnd.ms-powerpoint','edit','','http://host.docker.internal:9980/browser/ded56d8ff7/cool.html?'),
(1,'application/vnd.ms-excel','edit','','http://host.docker.internal:9980/browser/ded56d8ff7/cool.html?'),
(1,'application/vnd.sun.xml.writer','view','','http://host.docker.internal:9980/browser/ded56d8ff7/cool.html?'),
(1,'application/vnd.oasis.opendocument.text','edit','','http://host.docker.internal:9980/browser/ded56d8ff7/cool.html?'),
(1,'application/vnd.oasis.opendocument.text-flat-xml','edit','','http://host.docker.internal:9980/browser/ded56d8ff7/cool.html?'),
(1,'application/vnd.sun.xml.calc','view','','http://host.docker.internal:9980/browser/ded56d8ff7/cool.html?'),
(1,'application/vnd.oasis.opendocument.spreadsheet','edit','','http://host.docker.internal:9980/browser/ded56d8ff7/cool.html?'),
(1,'application/vnd.oasis.opendocument.spreadsheet-flat-xml','edit','','http://host.docker.internal:9980/browser/ded56d8ff7/cool.html?'),
(1,'application/vnd.sun.xml.impress','view','','http://host.docker.internal:9980/browser/ded56d8ff7/cool.html?'),
(1,'application/vnd.oasis.opendocument.presentation','edit','','http://host.docker.internal:9980/browser/ded56d8ff7/cool.html?'),
(1,'application/vnd.oasis.opendocument.presentation-flat-xml','edit','','http://host.docker.internal:9980/browser/ded56d8ff7/cool.html?'),
(1,'application/vnd.sun.xml.draw','edit','','http://host.docker.internal:9980/browser/ded56d8ff7/cool.html?'),
(1,'application/vnd.oasis.opendocument.graphics','edit','','http://host.docker.internal:9980/browser/ded56d8ff7/cool.html?'),
(1,'application/vnd.oasis.opendocument.graphics-flat-xml','edit','','http://host.docker.internal:9980/browser/ded56d8ff7/cool.html?'),
(1,'application/vnd.oasis.opendocument.chart','edit','','http://host.docker.internal:9980/browser/ded56d8ff7/cool.html?'),
(1,'application/vnd.sun.xml.writer.global','view','','http://host.docker.internal:9980/browser/ded56d8ff7/cool.html?'),
(1,'application/vnd.oasis.opendocument.text-master','edit','','http://host.docker.internal:9980/browser/ded56d8ff7/cool.html?'),
(1,'application/vnd.sun.xml.writer.template','view','','http://host.docker.internal:9980/browser/ded56d8ff7/cool.html?'),
(1,'application/vnd.oasis.opendocument.text-template','view','','http://host.docker.internal:9980/browser/ded56d8ff7/cool.html?'),
(1,'application/vnd.oasis.opendocument.text-master-template','view','','http://host.docker.internal:9980/browser/ded56d8ff7/cool.html?'),
(1,'application/vnd.sun.xml.calc.template','view','','http://host.docker.internal:9980/browser/ded56d8ff7/cool.html?'),
(1,'application/vnd.oasis.opendocument.spreadsheet-template','view','','http://host.docker.internal:9980/browser/ded56d8ff7/cool.html?'),
(1,'application/vnd.sun.xml.impress.template','view','','http://host.docker.internal:9980/browser/ded56d8ff7/cool.html?'),
(1,'application/vnd.oasis.opendocument.presentation-template','view','','http://host.docker.internal:9980/browser/ded56d8ff7/cool.html?'),
(1,'application/vnd.sun.xml.draw.template','view','','http://host.docker.internal:9980/browser/ded56d8ff7/cool.html?'),
(1,'application/vnd.oasis.opendocument.graphics-template','view','','http://host.docker.internal:9980/browser/ded56d8ff7/cool.html?'),
(1,'application/msword','edit','','http://host.docker.internal:9980/browser/ded56d8ff7/cool.html?'),
(1,'application/msword','edit','','http://host.docker.internal:9980/browser/ded56d8ff7/cool.html?'),
(1,'application/vnd.ms-excel','edit','','http://host.docker.internal:9980/browser/ded56d8ff7/cool.html?'),
(1,'application/vnd.ms-powerpoint','edit','','http://host.docker.internal:9980/browser/ded56d8ff7/cool.html?'),
(1,'application/vnd.openxmlformats-officedocument.wordprocessingml.document','edit','','http://host.docker.internal:9980/browser/ded56d8ff7/cool.html?'),
(1,'application/vnd.ms-word.document.macroEnabled.12','edit','','http://host.docker.internal:9980/browser/ded56d8ff7/cool.html?'),
(1,'application/vnd.openxmlformats-officedocument.wordprocessingml.template','view','','http://host.docker.internal:9980/browser/ded56d8ff7/cool.html?'),
(1,'application/vnd.ms-word.template.macroEnabled.12','view','','http://host.docker.internal:9980/browser/ded56d8ff7/cool.html?'),
(1,'application/vnd.openxmlformats-officedocument.spreadsheetml.template','view','','http://host.docker.internal:9980/browser/ded56d8ff7/cool.html?'),
(1,'application/vnd.ms-excel.template.macroEnabled.12','view','','http://host.docker.internal:9980/browser/ded56d8ff7/cool.html?'),
(1,'application/vnd.openxmlformats-officedocument.spreadsheetml.sheet','edit','','http://host.docker.internal:9980/browser/ded56d8ff7/cool.html?'),
(1,'application/vnd.ms-excel.sheet.binary.macroEnabled.12','edit','','http://host.docker.internal:9980/browser/ded56d8ff7/cool.html?'),
(1,'application/vnd.ms-excel.sheet.macroEnabled.12','edit','','http://host.docker.internal:9980/browser/ded56d8ff7/cool.html?'),
(1,'application/vnd.openxmlformats-officedocument.presentationml.presentation','edit','','http://host.docker.internal:9980/browser/ded56d8ff7/cool.html?'),
(1,'application/vnd.ms-powerpoint.presentation.macroEnabled.12','edit','','http://host.docker.internal:9980/browser/ded56d8ff7/cool.html?'),
(1,'application/vnd.openxmlformats-officedocument.presentationml.template','view','','http://host.docker.internal:9980/browser/ded56d8ff7/cool.html?'),
(1,'application/vnd.ms-powerpoint.template.macroEnabled.12','view','','http://host.docker.internal:9980/browser/ded56d8ff7/cool.html?'),
(1,'application/vnd.wordperfect','view','','http://host.docker.internal:9980/browser/ded56d8ff7/cool.html?'),
(1,'application/x-aportisdoc','view','','http://host.docker.internal:9980/browser/ded56d8ff7/cool.html?'),
(1,'application/x-hwp','view','','http://host.docker.internal:9980/browser/ded56d8ff7/cool.html?'),
(1,'application/vnd.ms-works','view','','http://host.docker.internal:9980/browser/ded56d8ff7/cool.html?'),
(1,'application/vnd.ms-office','view','','http://host.docker.internal:9980/browser/ded56d8ff7/cool.html?'),
(1,'application/x-mswrite','view','','http://host.docker.internal:9980/browser/ded56d8ff7/cool.html?'),
(1,'application/x-dif-document','edit','','http://host.docker.internal:9980/browser/ded56d8ff7/cool.html?'),
(1,'text/spreadsheet','edit','','http://host.docker.internal:9980/browser/ded56d8ff7/cool.html?'),
(1,'text/csv','edit','','http://host.docker.internal:9980/browser/ded56d8ff7/cool.html?'),
(1,'application/x-dbase','edit','','http://host.docker.internal:9980/browser/ded56d8ff7/cool.html?'),
(1,'application/vnd.lotus-1-2-3','view','','http://host.docker.internal:9980/browser/ded56d8ff7/cool.html?'),
(1,'image/cgm','view','','http://host.docker.internal:9980/browser/ded56d8ff7/cool.html?'),
(1,'image/vnd.dxf','view','','http://host.docker.internal:9980/browser/ded56d8ff7/cool.html?'),
(1,'image/x-emf','view','','http://host.docker.internal:9980/browser/ded56d8ff7/cool.html?'),
(1,'image/x-wmf','view','','http://host.docker.internal:9980/browser/ded56d8ff7/cool.html?'),
(1,'application/coreldraw','view','','http://host.docker.internal:9980/browser/ded56d8ff7/cool.html?'),
(1,'application/vnd.visio2013','view','','http://host.docker.internal:9980/browser/ded56d8ff7/cool.html?'),
(1,'application/vnd.visio','view','','http://host.docker.internal:9980/browser/ded56d8ff7/cool.html?'),
(1,'application/vnd.ms-visio.drawing','view','','http://host.docker.internal:9980/browser/ded56d8ff7/cool.html?'),
(1,'application/x-mspublisher','view','','http://host.docker.internal:9980/browser/ded56d8ff7/cool.html?'),
(1,'application/x-sony-bbeb','view','','http://host.docker.internal:9980/browser/ded56d8ff7/cool.html?'),
(1,'application/x-gnumeric','view','','http://host.docker.internal:9980/browser/ded56d8ff7/cool.html?'),
(1,'application/macwriteii','view','','http://host.docker.internal:9980/browser/ded56d8ff7/cool.html?'),
(1,'application/x-iwork-numbers-sffnumbers','view','','http://host.docker.internal:9980/browser/ded56d8ff7/cool.html?'),
(1,'application/vnd.oasis.opendocument.text-web','edit','','http://host.docker.internal:9980/browser/ded56d8ff7/cool.html?'),
(1,'application/x-pagemaker','view','','http://host.docker.internal:9980/browser/ded56d8ff7/cool.html?'),
(1,'text/rtf','edit','','http://host.docker.internal:9980/browser/ded56d8ff7/cool.html?'),
(1,'text/plain','edit','','http://host.docker.internal:9980/browser/ded56d8ff7/cool.html?'),
(1,'application/x-fictionbook+xml','view','','http://host.docker.internal:9980/browser/ded56d8ff7/cool.html?'),
(1,'application/clarisworks','view','','http://host.docker.internal:9980/browser/ded56d8ff7/cool.html?'),
(1,'image/x-wpg','view','','http://host.docker.internal:9980/browser/ded56d8ff7/cool.html?'),
(1,'application/x-iwork-pages-sffpages','view','','http://host.docker.internal:9980/browser/ded56d8ff7/cool.html?'),
(1,'application/vnd.openxmlformats-officedocument.presentationml.slideshow','edit','','http://host.docker.internal:9980/browser/ded56d8ff7/cool.html?'),
(1,'application/x-iwork-keynote-sffkey','view','','http://host.docker.internal:9980/browser/ded56d8ff7/cool.html?'),
(1,'application/x-abiword','view','','http://host.docker.internal:9980/browser/ded56d8ff7/cool.html?'),
(1,'image/x-freehand','view','','http://host.docker.internal:9980/browser/ded56d8ff7/cool.html?'),
(1,'application/vnd.sun.xml.chart','view','','http://host.docker.internal:9980/browser/ded56d8ff7/cool.html?'),
(1,'application/x-t602','view','','http://host.docker.internal:9980/browser/ded56d8ff7/cool.html?'),
(1,'image/bmp','view','','http://host.docker.internal:9980/browser/ded56d8ff7/cool.html?'),
(1,'image/png','view','','http://host.docker.internal:9980/browser/ded56d8ff7/cool.html?'),
(1,'image/gif','view','','http://host.docker.internal:9980/browser/ded56d8ff7/cool.html?'),
(1,'image/tiff','view','','http://host.docker.internal:9980/browser/ded56d8ff7/cool.html?'),
(1,'image/jpg','view','','http://host.docker.internal:9980/browser/ded56d8ff7/cool.html?'),
(1,'image/jpeg','view','','http://host.docker.internal:9980/browser/ded56d8ff7/cool.html?'),
(1,'application/pdf','view_comment','','http://host.docker.internal:9980/browser/ded56d8ff7/cool.html?'),
(1,'Settings','iframe','','http://host.docker.internal:9980/browser/ded56d8ff7/admin/adminIntegratorSettings.html'),
(1,'Capabilities','getinfo','','http://host.docker.internal:9980/hosting/capabilities');
/*!40000 ALTER TABLE `wopi_action` ENABLE KEYS */;
UNLOCK TABLES;

--
-- Table structure for table `wopi_lock`
--

DROP TABLE IF EXISTS `wopi_lock`;
/*!40101 SET @saved_cs_client     = @@character_set_client */;
/*!40101 SET character_set_client = utf8 */;
CREATE TABLE `wopi_lock` (
  `id` varchar(512) CHARACTER SET ascii COLLATE ascii_bin NOT NULL,
  `serviceId` int(11) NOT NULL,
  `fileId` int(11) NOT NULL,
  `expiresAt` datetime NOT NULL,
  PRIMARY KEY (`id`,`serviceId`),
  KEY `fileId` (`fileId`),
  KEY `expiresAt` (`expiresAt`),
  KEY `wopi_lock_ibfk_1` (`serviceId`),
  CONSTRAINT `wopi_lock_ibfk_1` FOREIGN KEY (`serviceId`) REFERENCES `wopi_service` (`id`) ON DELETE CASCADE,
  CONSTRAINT `wopi_lock_ibfk_2` FOREIGN KEY (`fileId`) REFERENCES `fs_files` (`id`) ON DELETE CASCADE
) ENGINE=InnoDB DEFAULT CHARSET=utf8mb4 COLLATE=utf8mb4_unicode_ci;
/*!40101 SET character_set_client = @saved_cs_client */;

--
-- Dumping data for table `wopi_lock`
--

LOCK TABLES `wopi_lock` WRITE;
/*!40000 ALTER TABLE `wopi_lock` DISABLE KEYS */;
/*!40000 ALTER TABLE `wopi_lock` ENABLE KEYS */;
UNLOCK TABLES;

--
-- Table structure for table `wopi_service`
--

DROP TABLE IF EXISTS `wopi_service`;
/*!40101 SET @saved_cs_client     = @@character_set_client */;
/*!40101 SET character_set_client = utf8 */;
CREATE TABLE `wopi_service` (
  `id` int(11) NOT NULL AUTO_INCREMENT,
  `name` varchar(190) NOT NULL,
  `url` varchar(190) NOT NULL,
  `aclId` int(11) NOT NULL,
  `type` varchar(50) NOT NULL,
  `wopiClientUri` text DEFAULT NULL,
  PRIMARY KEY (`id`),
  UNIQUE KEY `type` (`type`),
  KEY `wopi_service_core_acl_id_fk` (`aclId`),
  CONSTRAINT `wopi_service_core_acl_id_fk` FOREIGN KEY (`aclId`) REFERENCES `core_acl` (`id`)
) ENGINE=InnoDB AUTO_INCREMENT=2 DEFAULT CHARSET=utf8mb4 COLLATE=utf8mb4_unicode_ci;
/*!40101 SET character_set_client = @saved_cs_client */;

--
-- Dumping data for table `wopi_service`
--

LOCK TABLES `wopi_service` WRITE;
/*!40000 ALTER TABLE `wopi_service` DISABLE KEYS */;
INSERT INTO `wopi_service` VALUES
(1,'Collabora Online Development Edition','http://host.docker.internal:9980',119,'collabora',NULL);
/*!40000 ALTER TABLE `wopi_service` ENABLE KEYS */;
UNLOCK TABLES;

--
-- Table structure for table `wopi_token`
--

DROP TABLE IF EXISTS `wopi_token`;
/*!40101 SET @saved_cs_client     = @@character_set_client */;
/*!40101 SET character_set_client = utf8 */;
CREATE TABLE `wopi_token` (
  `id` int(11) NOT NULL AUTO_INCREMENT,
  `serviceId` int(11) NOT NULL,
  `userId` int(11) NOT NULL,
  `token` varchar(190) NOT NULL,
  `expiresAt` datetime NOT NULL,
  PRIMARY KEY (`id`),
  KEY `serviceId` (`serviceId`),
  KEY `userId` (`userId`),
  KEY `token` (`token`),
  KEY `expiresAt` (`expiresAt`),
  CONSTRAINT `wopi_token_ibfk_2` FOREIGN KEY (`serviceId`) REFERENCES `wopi_service` (`id`) ON DELETE CASCADE,
  CONSTRAINT `wopi_token_ibfk_3` FOREIGN KEY (`userId`) REFERENCES `core_user` (`id`) ON DELETE CASCADE
) ENGINE=InnoDB AUTO_INCREMENT=3 DEFAULT CHARSET=utf8mb4 COLLATE=utf8mb4_unicode_ci;
/*!40101 SET character_set_client = @saved_cs_client */;

--
-- Dumping data for table `wopi_token`
--

LOCK TABLES `wopi_token` WRITE;
/*!40000 ALTER TABLE `wopi_token` DISABLE KEYS */;
INSERT INTO `wopi_token` VALUES
(1,1,1,'a229312884fed6d0e404fc0f4b745e94','2025-03-29 13:41:22'),
(2,1,1,'ee8c9c9ac761ffa547dc27b1e99ac280','2025-04-01 10:19:32');
/*!40000 ALTER TABLE `wopi_token` ENABLE KEYS */;
UNLOCK TABLES;

--
-- Table structure for table `zpa_devices`
--

DROP TABLE IF EXISTS `zpa_devices`;
/*!40101 SET @saved_cs_client     = @@character_set_client */;
/*!40101 SET character_set_client = utf8 */;
CREATE TABLE `zpa_devices` (
  `id` int(11) NOT NULL AUTO_INCREMENT,
  `device_id` varchar(50) NOT NULL,
  `device_type` varchar(50) NOT NULL,
  `remote_addr` varchar(45) NOT NULL,
  `can_connect` tinyint(1) NOT NULL DEFAULT 0,
  `ctime` int(11) NOT NULL,
  `mtime` int(11) NOT NULL,
  `new` tinyint(1) NOT NULL DEFAULT 1,
  `username` varchar(190) NOT NULL DEFAULT '',
  `comment` text DEFAULT NULL,
  `as_version` varchar(10) DEFAULT NULL,
  PRIMARY KEY (`id`),
  KEY `device_id` (`device_id`,`username`)
) ENGINE=InnoDB DEFAULT CHARSET=utf8mb4 COLLATE=utf8mb4_unicode_ci;
/*!40101 SET character_set_client = @saved_cs_client */;

--
-- Dumping data for table `zpa_devices`
--

LOCK TABLES `zpa_devices` WRITE;
/*!40000 ALTER TABLE `zpa_devices` DISABLE KEYS */;
/*!40000 ALTER TABLE `zpa_devices` ENABLE KEYS */;
UNLOCK TABLES;
/*!40103 SET TIME_ZONE=@OLD_TIME_ZONE */;

/*!40101 SET SQL_MODE=@OLD_SQL_MODE */;
/*!40014 SET FOREIGN_KEY_CHECKS=@OLD_FOREIGN_KEY_CHECKS */;
/*!40014 SET UNIQUE_CHECKS=@OLD_UNIQUE_CHECKS */;
/*!40101 SET CHARACTER_SET_CLIENT=@OLD_CHARACTER_SET_CLIENT */;
/*!40101 SET CHARACTER_SET_RESULTS=@OLD_CHARACTER_SET_RESULTS */;
/*!40101 SET COLLATION_CONNECTION=@OLD_COLLATION_CONNECTION */;
/*M!100616 SET NOTE_VERBOSITY=@OLD_NOTE_VERBOSITY */;

-- Dump completed on 2025-03-31 14:32:47
